17.9907 -7.6263 -18.5745 1 1 Right-Hippocampus
23.5773 -7.5167 -18.5691 1 1 Right-Amygdala
29.164 -7.4062 -18.5636 1 1 Right-Amygdala
34.795 -6.7624 -18.5362 1 1 white-matter
40.4257 -6.1175 -18.51 1 1 ctx-rh-insula
46.0562 -5.4737 -18.4838 1 1 ctx-rh-superiortemporal
51.6869 -4.8288 -18.4564 1 1 ctx-rh-superiortemporal
57.2737 -4.7193 -18.4509 1 1 ctx-rh-superiortemporal
62.9044 -4.0744 -18.4247 1 1 ctx-rh-superiortemporal
68.5349 -3.4306 -18.3985 1 1 outside-brain
74.122 -3.3199 -18.3918 1 1 outside-brain
79.7516 -2.6209 -17.2058 1 1 outside-brain
25.0527 -16.7696 -18.9301 1 1 Right-Hippocampus
31.1504 -17.1816 -17.7862 1 1 Right-Hippocampus
36.0938 -17.9868 -15.5007 1 1 Right-Hippocampus
41.0812 -18.2589 -13.1934 1 1 white-matter
46.6237 -18.6285 -12.0488 1 1 ctx-rh-superiortemporal
51.6109 -18.9006 -9.7415 1 1 ctx-rh-superiortemporal
57.109 -19.7482 -7.4578 1 1 ctx-rh-superiortemporal
62.6515 -20.1177 -6.3121 1 1 ctx-rh-superiortemporal
67.6387 -20.3898 -4.0058 1 1 ctx-rh-superiortemporal
73.1803 -20.7043 -1.7003 1 1 outside-brain
78.1687 -21.0304 -0.554 1 1 outside-brain
83.1124 -21.8367 1.7326 1 1 outside-brain
28.3222 -24.4917 -18.072 1 1 Right-Hippocampus
33.223 -25.8874 -16.9673 1 1 Right-Hippocampus
38.6784 -27.3255 -15.8641 1 1 Right-Hippocampus
44.0899 -29.2978 -14.7819 1 1 white-matter
48.9473 -31.2267 -13.6978 1 1 white-matter
53.8491 -32.6776 -13.7528 1 1 white-matter
59.3043 -34.1156 -12.6498 1 1 ctx-rh-middletemporal
64.7161 -36.088 -11.5676 1 1 ctx-rh-middletemporal
24.9439 -11.934 -30.3217 1 1 ctx-rh-entorhinal
30.4873 -12.3587 -30.3371 1 1 ctx-rh-entorhinal
36.0295 -12.7282 -29.1924 1 1 ctx-rh-fusiform
41.5729 -13.1517 -29.2066 1 1 ctx-rh-inferiortemporal
47.1162 -13.5765 -29.2219 1 1 ctx-rh-inferiortemporal
52.6596 -14.0012 -29.2372 1 1 ctx-rh-inferiortemporal
58.203 -14.4248 -29.2525 1 1 ctx-rh-middletemporal
64.3006 -14.8918 -29.2695 1 1 ctx-rh-middletemporal
69.2895 -15.2742 -29.2831 1 1 outside-brain
75.3866 -15.6851 -28.1391 1 1 outside-brain
80.3755 -16.0674 -28.1526 1 1 outside-brain
86.4732 -16.5344 -28.1697 1 1 outside-brain
26.3437 -35.2586 -21.9679 1 1 ctx-rh-fusiform
30.6463 -37.1461 -20.8821 1 1 ctx-rh-fusiform
35.503 -39.021 -18.6382 1 1 ctx-rh-fusiform
40.4032 -40.3605 -16.3723 1 1 ctx-rh-fusiform
45.2588 -42.1802 -12.9686 1 1 ctx-rh-fusiform
50.1589 -43.5207 -10.7027 1 1 white-matter
55.0589 -44.8613 -8.438 1 1 ctx-rh-middletemporal
59.4046 -46.1595 -6.1716 1 1 ctx-rh-middletemporal
64.3039 -47.4449 -2.7459 1 1 ctx-rh-middletemporal
69.1603 -49.3196 -0.502 1 1 ctx-rh-middletemporal
72.9954 -50.0408 1.787 1 1 outside-brain
75.7226 -50.7323 2.9185 1 1 outside-brain
27.3843 10.3383 -43.3482 1 1 ctx-rh-temporalpole
32.3716 10.0662 -41.0419 1 1 ctx-rh-inferiortemporal
37.9573 10.2321 -39.8755 1 1 ctx-rh-inferiortemporal
43.5433 10.3967 -38.7101 1 1 ctx-rh-middletemporal
48.5743 10.6588 -36.382 1 1 ctx-rh-middletemporal
53.5624 10.3327 -35.2356 1 1 ctx-rh-middletemporal
59.1477 10.5525 -32.9093 1 1 outside-brain
64.1796 10.7596 -31.7423 1 1 outside-brain
68.6562 11.0652 -29.4123 1 1 outside-brain
74.2422 11.2299 -28.2471 1 1 outside-brain
78.7625 12.0687 -25.8965 1 1 outside-brain
83.198 11.6746 -27.0692 1 1 outside-brain
17.5114 34.4025 -15.7762 1 1 ctx-rh-lateralorbitofrontal
18.5723 34.0581 -9.9989 1 1 ctx-rh-lateralorbitofrontal
19.1225 34.2914 -4.1991 1 1 white-matter
19.6283 33.9894 1.5801 1 1 white-matter
20.1784 34.2227 7.3788 1 1 white-matter
20.1745 34.4983 13.1805 1 1 white-matter
20.2137 35.3072 19.0028 1 1 white-matter
19.699 36.1594 24.8258 1 1 white-matter
19.6951 36.4351 30.627 1 1 ctx-rh-superiorfrontal
19.1792 37.2864 36.4504 1 1 ctx-rh-superiorfrontal
19.1753 37.5619 42.2515 1 1 ctx-rh-superiorfrontal
18.6607 38.4142 48.0751 1 1 ctx-rh-superiorfrontal
32.2232 17.3786 -0.2235 1 1 ctx-rh-insula
36.787 18.7527 2.1468 1 1 ctx-rh-parsopercularis
41.8615 19.5491 4.4956 1 1 ctx-rh-parsopercularis
46.9798 20.8809 6.8653 1 1 ctx-rh-parstriangularis
52.0534 21.7325 10.374 1 1 ctx-rh-parstriangularis
56.5736 22.5713 12.7246 1 1 ctx-rh-parstriangularis
61.6482 23.3688 15.0724 1 1 outside-brain
65.6141 24.2499 17.4247 1 1 outside-brain
70.6886 25.0475 19.7725 1 1 outside-brain
75.2525 26.4205 22.1438 1 1 outside-brain
79.2611 27.8921 25.6764 1 1 outside-brain
84.3793 29.2227 28.0457 1 1 outside-brain
9.3524 -41.9618 35.6701 1 1 ctx-rh-isthmuscingulate
14.8949 -42.3312 36.8152 1 1 ctx-rh-precuneus
20.4827 -42.2212 36.8209 1 1 white-matter
26.0262 -42.6455 36.8058 1 1 white-matter
32.1658 -42.5228 37.9702 1 1 ctx-rh-superiorparietal
37.1551 -42.9048 37.9565 1 1 ctx-rh-superiorparietal
43.252 -43.3165 39.1001 1 1 ctx-rh-inferiorparietal
48.2411 -43.6982 39.0865 1 1 ctx-rh-inferiorparietal
53.8272 -43.5328 40.2524 1 1 ctx-rh-inferiorparietal
59.9676 -43.4105 41.4168 1 1 ctx-rh-inferiorparietal
64.9567 -43.7929 41.4032 1 1 outside-brain
70.5428 -43.6271 42.5691 1 1 outside-brain
7.5451 -30.2698 30.3357 1 1 ctx-rh-isthmuscingulate
12.5343 -30.7072 29.1618 1 1 white-matter
18.1232 -30.6519 28.0075 1 1 white-matter
23.7107 -30.5975 26.8529 1 1 white-matter
29.2974 -30.4868 26.8586 1 1 white-matter
34.8854 -30.4323 25.7041 1 1 white-matter
40.4296 -30.9111 24.5287 1 1 white-matter
45.4622 -30.7591 24.536 1 1 ctx-rh-inferiorparietal
51.0065 -31.2379 23.3607 1 1 ctx-rh-supramarginal
57.1486 -31.2258 22.205 1 1 ctx-rh-supramarginal
62.1813 -31.0729 22.2118 1 1 ctx-rh-supramarginal
68.2799 -31.5951 21.0354 1 1 ctx-rh-supramarginal
6.4018 16.6911 22.9037 1 1 ctx-rh-caudalanteriorcingulate
11.0532 19.0787 24.1568 1 1 white-matter
16.7705 20.8461 25.3855 1 1 white-matter
21.9761 23.1914 26.6368 1 1 white-matter
27.1826 25.5364 27.8873 1 1 white-matter
32.3458 27.2911 27.9571 1 1 ctx-rh-rostralmiddlefrontal
36.954 29.1444 29.1887 1 1 ctx-rh-rostralmiddlefrontal
42.1616 31.4344 29.2794 1 1 ctx-rh-rostralmiddlefrontal
47.8786 33.2018 30.5079 1 1 ctx-rh-rostralmiddlefrontal
52.5314 35.5342 30.6002 1 1 outside-brain
57.6942 37.3451 31.8303 1 1 outside-brain
62.9003 39.6891 33.0811 1 1 outside-brain
-21.5149 0.2634 -43.0889 1 1 ctx-lh-entorhinal
-31.2597 0.6379 -46.92 1 1 ctx-lh-fusiform
-41.3359 0.4053 -42.8528 1 1 ctx-lh-inferiortemporal
-48.732 -0.9732 -34.7157 1 1 ctx-lh-middletemporal
-12.963 -6.5665 -19.2494 1 1 Left-Hippocampus
-18.3046 -5.9792 -20.7382 1 1 Left-Hippocampus
-23.5859 -5.0443 -21.8176 1 1 Left-Amygdala
-28.9959 -5.215 -22.4672 1 1 Left-Amygdala
-34.3365 -4.6276 -23.956 1 1 Left-Amygdala
-39.7465 -4.7982 -24.6057 1 1 white-matter
-45.0963 -4.6204 -24.8461 1 1 ctx-lh-superiortemporal
-50.4553 -4.8539 -23.8381 1 1 ctx-lh-middletemporal
-13.5905 -16.567 -15.3991 1 1 Left-Hippocampus
-19.4615 -15.9273 -16.8709 1 1 Left-Hippocampus
-24.3421 -16.1504 -17.5375 1 1 Left-Hippocampus
-29.7521 -16.32 -18.1873 1 1 Left-Hippocampus
-35.6825 -16.0279 -20.0684 1 1 ctx-lh-fusiform
-41.0925 -16.1986 -20.7181 1 1 ctx-lh-fusiform
-45.9823 -16.8321 -20.1363 1 1 ctx-lh-middletemporal
-51.4005 -17.4122 -19.5377 1 1 ctx-lh-middletemporal
-16.0413 -19.7358 -12.3847 1 1 Left-Hippocampus
-21.3818 -19.1484 -13.8735 1 1 Left-Hippocampus
-26.8521 -19.6667 -14.9325 1 1 Left-Hippocampus
-31.7327 -19.8888 -15.5992 1 1 Left-Hippocampus
-37.2029 -20.4071 -16.6582 1 1 ctx-lh-fusiform
-42.6733 -20.9254 -17.7172 1 1 ctx-lh-fusiform
-48.2201 -22.611 -16.6889 1 1 ctx-lh-middletemporal
-53.1089 -23.2434 -16.1072 1 1 ctx-lh-middletemporal
-1.7972 52.3773 -11.8928 1 1 ctx-lh-medialorbitofrontal
-3.6075 62.3899 -9.0269 1 1 ctx-lh-medialorbitofrontal
-11.4193 66.6441 -3.0057 1 1 ctx-lh-frontalpole
-20.4539 65.4859 3.5245 1 1 ctx-lh-rostralmiddlefrontal
-28.3995 60.5687 9.226 1 1 ctx-lh-rostralmiddlefrontal
-35.5354 53.747 14.5035 1 1 ctx-lh-rostralmiddlefrontal
-41.2042 46.0717 18.9118 1 1 ctx-lh-rostralmiddlefrontal
-44.9985 36.7962 21.6151 1 1 ctx-lh-rostralmiddlefrontal
-39.1743 44.2841 22.1799 1 1 ctx-lh-rostralmiddlefrontal
-39.9791 36.0122 29.7524 1 1 ctx-lh-rostralmiddlefrontal
-39.2577 27.2353 36.8645 1 1 ctx-lh-rostralmiddlefrontal
-38.5874 18.5202 42.3185 1 1 ctx-lh-caudalmiddlefrontal
-37.5081 9.0574 46.9369 1 1 ctx-lh-caudalmiddlefrontal
-36.8378 0.3423 52.391 1 1 ctx-lh-caudalmiddlefrontal
-37.1141 -7.9822 59.9462 1 1 ctx-lh-precentral
-36.0359 -17.4449 64.5647 1 1 ctx-lh-precentral
-45.4167 39.6576 14.5501 1 1 ctx-lh-parstriangularis
-46.153 32.1427 21.2838 1 1 ctx-lh-rostralmiddlefrontal
-46.0203 23.0706 28.0029 1 1 ctx-lh-rostralmiddlefrontal
-46.3568 14.3975 35.1488 1 1 ctx-lh-rostralmiddlefrontal
-45.6866 5.6835 40.6028 1 1 ctx-lh-caudalmiddlefrontal
-45.1449 -4.1372 46.4866 1 1 ctx-lh-precentral
-45.413 -12.0513 52.7933 1 1 ctx-lh-postcentral
-44.4022 -22.272 58.2508 1 1 ctx-lh-postcentral
-50.2922 26.6477 0.7355 1 1 ctx-lh-parstriangularis
-51.9148 19.871 9.9793 1 1 ctx-lh-parsopercularis
-51.9513 12.9369 19.1724 1 1 ctx-lh-parsopercularis
-52.0467 5.6543 27.955 1 1 ctx-lh-precentral
-51.6138 -1.6799 36.722 1 1 ctx-lh-precentral
-51.3004 -9.7091 44.6696 1 1 ctx-lh-precentral
-49.3321 -17.1388 51.7276 1 1 ctx-lh-postcentral
-45.8369 -25.0724 58.3252 1 1 ctx-lh-postcentral
-48.396 18.2118 -5.4661 1 1 ctx-lh-parsorbitalis
-51.5979 12.0028 2.5801 1 1 ctx-lh-parsopercularis
-53.6805 6.0366 11.0005 1 1 ctx-lh-precentral
-55.893 -1.0353 19.8518 1 1 ctx-lh-precentral
-55.9885 -8.3169 28.6355 1 1 ctx-lh-precentral
-55.6158 -15.9996 36.9925 1 1 ctx-lh-postcentral
-54.7739 -24.0814 44.9233 1 1 ctx-lh-postcentral
-52.3365 -31.911 51.5548 1 1 ctx-lh-supramarginal
-49.0001 11.9645 -14.5097 1 1 ctx-lh-superiortemporal
-53.319 5.5129 -6.8403 1 1 ctx-lh-superiortemporal
-55.3506 -0.5162 3.239 1 1 ctx-lh-superiortemporal
-58.6128 -7.0727 10.8759 1 1 ctx-lh-postcentral
-59.8266 -14.5971 19.2828 1 1 ctx-lh-postcentral
-58.9244 -22.3322 27.6236 1 1 ctx-lh-postcentral
-58.0223 -30.0664 35.9637 1 1 ctx-lh-supramarginal
-54.4677 -37.6534 42.971 1 1 ctx-lh-supramarginal
-49.6715 4.9593 -22.7155 1 1 ctx-lh-superiortemporal
-54.52 -1.4399 -15.028 1 1 ctx-lh-superiortemporal
-57.7299 -8.0592 -5.7335 1 1 ctx-lh-superiortemporal
-60.8716 -13.9206 2.722 1 1 ctx-lh-superiortemporal
-62.0853 -21.445 11.129 1 1 ctx-lh-superiortemporal
-60.6465 -28.8223 18.2045 1 1 ctx-lh-superiortemporal
-58.7469 -37.0089 26.1009 1 1 ctx-lh-supramarginal
-55.729 -44.9528 34.3739 1 1 ctx-lh-supramarginal
-46.2098 -4.7018 -40.5692 1 1 ctx-lh-inferiortemporal
-51.4672 -10.3535 -32.0461 1 1 ctx-lh-middletemporal
-56.0154 -15.0147 -22.3121 1 1 ctx-lh-middletemporal
-59.5058 -19.7809 -12.6117 1 1 ctx-lh-middletemporal
-62.118 -25.6948 -4.1744 1 1 ctx-lh-superiortemporal
-63.0315 -31.4811 6.2805 1 1 ctx-lh-bankssts
-62.4189 -37.7725 16.2754 1 1 ctx-lh-superiortemporal
-59.5607 -43.168 25.7729 1 1 ctx-lh-superiortemporal
-39.7992 -12.6382 -42.3628 1 1 ctx-lh-inferiortemporal
-46.1063 -17.7755 -35.0542 1 1 ctx-lh-inferiortemporal
-51.8921 -23.3747 -26.5144 1 1 ctx-lh-inferiortemporal
-58.1994 -28.511 -19.207 1 1 ctx-lh-middletemporal
-61.8092 -33.9722 -10.3254 1 1 ctx-lh-middletemporal
-62.7829 -40.1062 -0.2798 1 1 ctx-lh-middletemporal
-61.5724 -45.692 8.8591 1 1 ctx-lh-middletemporal
-57.7247 -51.9512 19.1619 1 1 ctx-lh-bankssts
-23.0702 -3.2322 -43.8331 1 1 ctx-lh-fusiform
-30.9326 -9.3419 -46.4188 1 1 ctx-lh-fusiform
-39.7992 -12.6382 -42.3628 1 1 ctx-lh-inferiortemporal
-47.6324 -17.2705 -34.5942 1 1 ctx-lh-inferiortemporal
1.5838 -75.563 8.7285 1 1 ctx-lh-cuneus
-0.4505 -84.363 13.8574 1 1 ctx-rh-cuneus
-6.657 -92.3955 19.5322 1 1 ctx-lh-lateraloccipital
-16.0532 -95.6394 23.6052 1 1 ctx-lh-lateraloccipital
-25.7944 -92.4939 24.7244 1 1 ctx-lh-lateraloccipital
-34.7416 -86.7802 23.719 1 1 ctx-lh-inferiorparietal
-42.3828 -79.371 23.0701 1 1 ctx-lh-inferiorparietal
-48.8282 -70.5513 20.7081 1 1 ctx-lh-inferiorparietal
-5.6481 27.1961 -27.6971 1 1 ctx-lh-medialorbitofrontal
-15.4532 24.6997 -22.7885 1 1 ctx-lh-medialorbitofrontal
-25.7694 23.0768 -20.3599 1 1 ctx-lh-lateralorbitofrontal
-36.5455 22.2634 -18.7521 1 1 ctx-lh-lateralorbitofrontal
-45.112 20.705 -12.6493 1 1 ctx-lh-lateralorbitofrontal
-50.8698 19.1074 -2.9053 1 1 ctx-lh-parsopercularis
-28.3329 -71.2561 56.123 1 1 ctx-lh-inferiorparietal
-35.564 -64.5944 54.6375 1 1 ctx-lh-inferiorparietal
-28.3329 -71.2561 56.123 1 1 ctx-lh-inferiorparietal
-35.564 -64.5944 54.6375 1 1 ctx-lh-inferiorparietal
-42.0012 -55.3647 51.0272 1 1 ctx-lh-supramarginal
-48.0469 -47.7029 49.0782 1 1 ctx-lh-supramarginal
-42.2647 -63.2906 -16.9054 1 1 ctx-lh-fusiform
-47.8839 -55.5562 -22.1868 1 1 ctx-lh-inferiortemporal
-53.392 -47.5368 -25.4013 1 1 ctx-lh-inferiortemporal
-57.0205 -38.3464 -25.3714 1 1 ctx-lh-inferiortemporal
23.634 -5.4291 -20.0501 1 1 Right-Amygdala
29.044 -5.2584 -19.4004 1 1 Right-Amygdala
34.5221 -4.3308 -19.5896 1 1 Right-Hippocampus
39.872 -4.5077 -19.3493 1 1 white-matter
45.3505 -3.5801 -19.5386 1 1 ctx-rh-superiortemporal
50.7003 -3.757 -19.2982 1 1 ctx-rh-superiortemporal
56.1187 -3.177 -19.8968 1 1 ctx-rh-middletemporal
61.537 -2.5959 -20.4955 1 1 ctx-rh-middletemporal
26.6994 -13.6841 -24.2186 1 1 Right-Hippocampus
31.9889 -14.2096 -24.3874 1 1 ctx-rh-entorhinal
37.399 -14.039 -23.7378 1 1 ctx-rh-fusiform
42.5601 -15.6691 -23.4771 1 1 ctx-rh-inferiortemporal
48.4389 -15.8984 -23.2535 1 1 ctx-rh-inferiortemporal
53.7372 -16.0135 -24.6708 1 1 ctx-rh-inferiortemporal
59.0871 -16.1905 -24.4305 1 1 ctx-rh-middletemporal
64.4455 -15.958 -25.4384 1 1 ctx-rh-middletemporal
-15.0767 -12.6651 -9.9609 1 1 white-matter
-20.309 -13.0204 -9.7559 1 1 Left-Hippocampus
-25.3833 -13.8307 -9.3028 1 1 Left-Amygdala
-30.1399 -14.014 -9.1934 1 1 Left-Amygdala
-35.4287 -14.8368 -10.0515 1 1 Left-Putamen
-40.6611 -15.1915 -9.848 1 1 ctx-lh-insula
-45.7929 -16.4701 -10.4565 1 1 ctx-lh-superiortemporal
-50.3913 -17.1089 -10.0975 1 1 ctx-lh-superiortemporal
-23.8838 -26.557 -3.6391 1 1 white-matter
-28.8009 -27.8239 -2.9348 1 1 white-matter
-33.718 -29.0906 -2.2305 1 1 white-matter
-39.0069 -29.9125 -3.089 1 1 white-matter
-43.6628 -31.0189 -3.7931 1 1 white-matter
-48.8951 -31.3746 -3.5892 1 1 ctx-lh-superiortemporal
-54.0711 -31.2619 -2.3226 1 1 ctx-lh-middletemporal
-58.7137 -30.5089 -0.0875 1 1 ctx-lh-superiortemporal
-35.5403 58.9516 22.0205 1 1 outside-brain
-38.7898 49.1228 26.1019 1 1 ctx-lh-rostralmiddlefrontal
-39.0287 38.3328 30.7061 1 1 ctx-lh-rostralmiddlefrontal
-40.3209 28.1202 36.3146 1 1 ctx-lh-rostralmiddlefrontal
-42.4032 18.6489 41.5177 1 1 ctx-lh-caudalmiddlefrontal
-43.276 8.1411 45.9677 1 1 ctx-lh-caudalmiddlefrontal
-44.4675 -2.9947 50.7631 1 1 ctx-lh-precentral
-45.9167 -12.7505 56.1211 1 1 ctx-lh-precentral
-40.5432 54.7212 11.1556 1 1 ctx-lh-rostralmiddlefrontal
-41.9925 44.9653 16.5136 1 1 ctx-lh-rostralmiddlefrontal
-43.9186 35.0371 21.967 1 1 ctx-lh-rostralmiddlefrontal
-46.3195 24.9369 27.516 1 1 ctx-lh-rostralmiddlefrontal
-47.3495 14.8848 31.7162 1 1 ctx-lh-parsopercularis
-48.0642 3.9225 36.4157 1 1 ctx-lh-precentral
-48.8805 -6.1179 41.9286 1 1 ctx-lh-precentral
-50.5444 -15.8855 45.9739 1 1 ctx-lh-precentral
-44.4519 46.9802 -1.7436 1 1 ctx-lh-rostralmiddlefrontal
-44.6785 38.0482 5.7997 1 1 ctx-lh-rostralmiddlefrontal
-47.6568 28.6987 12.257 1 1 ctx-lh-parstriangularis
-50.1594 19.5223 18.6182 1 1 ctx-lh-parsopercularis
-51.5532 10.2337 25.0391 1 1 ctx-lh-parsopercularis
-51.6792 0.3784 31.769 1 1 ctx-lh-precentral
-52.1204 -8.5654 37.9997 1 1 ctx-lh-precentral
-52.7222 -18.5929 44.825 1 1 ctx-lh-postcentral
-45.653 41.0485 -11.6809 1 1 ctx-lh-parstriangularis
-45.303 31.3646 -5.0451 1 1 ctx-lh-parstriangularis
-47.1163 22.372 2.5331 1 1 ctx-lh-parstriangularis
-50.8857 13.7615 8.5858 1 1 ctx-lh-parsopercularis
-54.4971 4.6968 14.8887 1 1 ctx-lh-precentral
-55.8344 -4.1244 22.3728 1 1 ctx-lh-precentral
-56.5932 -13.6964 28.9476 1 1 ctx-lh-postcentral
-57.5102 -22.8127 35.2728 1 1 ctx-lh-postcentral
-49.9967 13.0961 -22.7204 1 1 ctx-lh-superiortemporal
-51.3772 5.6665 -13.3614 1 1 ctx-lh-superiortemporal
-54.603 -0.4452 -3.4022 1 1 ctx-lh-superiortemporal
-58.0416 -6.5679 5.2429 1 1 ctx-lh-superiortemporal
-59.9995 -13.2465 15.5111 1 1 ctx-lh-postcentral
-60.0092 -20.6268 23.5209 1 1 ctx-lh-postcentral
-59.1712 -28.2796 32.999 1 1 ctx-lh-supramarginal
-57.8574 -35.7594 42.3809 1 1 ctx-lh-supramarginal
-51.7254 5.3026 -28.9966 1 1 ctx-lh-middletemporal
-54.4302 -2.0273 -21.0085 1 1 ctx-lh-superiortemporal
-57.9738 -8.7673 -10.705 1 1 ctx-lh-superiortemporal
-60.9365 -14.7176 -2.1546 1 1 ctx-lh-superiortemporal
-61.9994 -21.5193 6.8591 1 1 ctx-lh-superiortemporal
-63.2228 -29.4043 16.4688 1 1 ctx-lh-superiortemporal
-62.0673 -36.4289 25.6014 1 1 ctx-lh-supramarginal
-61.8622 -43.7976 34.9241 1 1 ctx-lh-supramarginal
-47.2305 -1.9613 -42.1711 1 1 ctx-lh-inferiortemporal
-52.8444 -9.2532 -35.5198 1 1 ctx-lh-inferiortemporal
-57.074 -14.6365 -27.2784 1 1 ctx-lh-inferiortemporal
-60.7193 -20.4523 -16.1618 1 1 ctx-lh-middletemporal
-63.5249 -26.8584 -7.3618 1 1 ctx-lh-middletemporal
-65.64 -33.0815 2.6556 1 1 ctx-lh-superiortemporal
-66.8035 -38.9594 12.4825 1 1 ctx-lh-bankssts
-65.7487 -45.0601 22.4282 1 1 ctx-lh-superiortemporal
-40.0232 -11.3987 -42.2825 1 1 ctx-lh-fusiform
-47.1176 -18.1351 -37.2518 1 1 ctx-lh-inferiortemporal
-53.4661 -24.2195 -29.9424 1 1 ctx-lh-inferiortemporal
-60.39 -29.5517 -21.7244 1 1 ctx-lh-inferiortemporal
-64.6818 -34.1819 -19.1751 1 1 ctx-lh-inferiortemporal
-65.3586 -35.2678 -11.9788 1 1 ctx-lh-middletemporal
-68.1076 -41.2076 -2.1163 1 1 ctx-lh-bankssts
-67.0614 -54.6885 15.8392 1 1 ctx-lh-bankssts
-17.3287 73.5893 -13.7591 1 1 outside-brain
-25.9288 73.7379 -7.2279 1 1 outside-brain
-32.6325 71.4972 0.6131 1 1 outside-brain
-37.1817 65.4846 9.1997 1 1 outside-brain
-38.5622 58.0552 18.559 1 1 outside-brain
-38.7898 49.1228 26.1019 1 1 ctx-lh-rostralmiddlefrontal
-18.3182 7.5174 -27.6319 1 1 ctx-lh-lateralorbitofrontal
-24.643 0.6254 -34.3943 1 1 ctx-lh-temporalpole
-31.4437 -6.4389 -41.0609 1 1 ctx-lh-fusiform
-40.6572 -11.1151 -42.4364 1 1 ctx-lh-fusiform
3.0673 38.3882 -35.3792 1 1 ctx-rh-medialorbitofrontal
-6.7679 35.8544 -33.9706 1 1 ctx-lh-medialorbitofrontal
-16.9658 34.0841 -30.3415 1 1 ctx-lh-lateralorbitofrontal
-25.7388 31.2902 -26.1534 1 1 ctx-lh-lateralorbitofrontal
-34.9321 28.7925 -20.8068 1 1 ctx-lh-lateralorbitofrontal
-42.7454 26.6615 -13.0259 1 1 ctx-lh-parsorbitalis
-45.247 -55.4744 -15.4376 1 1 ctx-lh-fusiform
-52.4214 -49.2869 -20.142 1 1 ctx-lh-fusiform
-59.4274 -41.6968 -21.6572 1 1 ctx-lh-inferiortemporal
-64.6818 -34.1819 -19.1751 1 1 ctx-lh-inferiortemporal
-2.7612 -88.2261 42.0536 1 1 ctx-lh-superiorparietal
-9.5811 -92.9428 48.6137 1 1 ctx-lh-superiorparietal
-19.4571 -92.5453 51.0526 1 1 ctx-lh-superiorparietal
-29.8622 -91.2479 51.678 1 1 ctx-lh-inferiorparietal
-39.2547 -87.5984 52.3312 1 1 ctx-lh-inferiorparietal
-48.2237 -82.7045 50.9796 1 1 ctx-lh-inferiorparietal
-55.7619 -75.754 48.497 1 1 ctx-lh-inferiorparietal
-60.6582 -67.7816 44.1296 1 1 ctx-lh-inferiorparietal
-12.7369 -82.3802 65.2537 1 1 ctx-lh-superiorparietal
-20.1608 -77.2552 70.3717 1 1 outside-brain
-27.4233 -71.0461 74.8938 1 1 ctx-lh-superiorparietal
-34.3196 -64.0604 76.3496 1 1 ctx-lh-superiorparietal
-40.2601 -55.1901 76.7693 1 1 ctx-lh-superiorparietal
-45.2015 -45.8267 74.2772 1 1 outside-brain
-51.0792 -61.5567 -14.7283 1 1 ctx-lh-fusiform
-58.6739 -55.0738 -18.2739 1 1 ctx-lh-inferiortemporal
-64.8312 -47.755 -18.3215 1 1 ctx-lh-inferiortemporal
-66.4275 -38.0875 -13.0684 1 1 ctx-lh-middletemporal
32.8404 -20.3464 1.3429 1 1 ctx-rh-insula
36.9464 -22.6221 -0.1617 1 1 ctx-rh-insula
41.6779 -25.4831 -0.5036 1 1 ctx-rh-superiortemporal
46.3427 -28.4174 -2.0246 1 1 ctx-rh-middletemporal
51.0741 -31.2772 -2.3655 1 1 ctx-rh-middletemporal
55.1802 -33.5539 -3.8698 1 1 ctx-rh-bankssts
59.8449 -36.4884 -5.3921 1 1 ctx-rh-middletemporal
63.9522 -39.2925 -5.6644 1 1 ctx-rh-middletemporal
68.6837 -42.1525 -6.0053 1 1 ctx-rh-middletemporal
73.4151 -45.0126 -6.3462 1 1 outside-brain
77.4556 -47.891 -7.7987 1 1 outside-brain
81.5629 -50.6949 -8.0712 1 1 outside-brain
31.3166 11.5014 0.3667 1 1 ctx-rh-insula
36.8685 10.3921 -0.1995 1 1 ctx-rh-insula
41.7963 9.3386 -0.696 1 1 ctx-rh-parsopercularis
47.3469 8.7566 -2.494 1 1 ctx-rh-parsopercularis
52.2093 7.1012 -2.9399 1 1 ctx-rh-precentral
57.8265 6.5938 -3.5567 1 1 ctx-rh-precentral
62.8198 6.1429 -4.1063 1 1 ctx-rh-precentral
67.6822 4.4875 -4.5521 1 1 outside-brain
73.2995 3.9812 -5.1691 1 1 outside-brain
78.8514 2.8708 -5.7351 1 1 outside-brain
84.4033 1.7615 -6.3013 1 1 outside-brain
88.8391 1.4419 -5.6012 1 1 outside-brain
20.6981 -22.1573 -22.1722 1 1 Right-Hippocampus
25.8217 -21.4036 -22.8256 1 1 Right-Hippocampus
30.8806 -21.2526 -23.4258 1 1 Right-Hippocampus
36.5633 -21.1573 -24.0958 1 1 ctx-rh-fusiform
41.6875 -20.4036 -24.7492 1 1 ctx-rh-inferiortemporal
47.3048 -20.9102 -25.3673 1 1 white-matter
52.4289 -20.1564 -26.0207 1 1 ctx-rh-inferiortemporal
57.4876 -20.0056 -26.6221 1 1 ctx-rh-inferiortemporal
63.2358 -19.3075 -27.344 1 1 ctx-rh-middletemporal
68.8532 -19.815 -27.9619 1 1 outside-brain
73.9771 -19.0602 -28.6144 1 1 outside-brain
79.0358 -18.9093 -29.2157 1 1 outside-brain
15.7283 -3.542 -24.158 1 1 Right-Amygdala
20.5259 -5.8 -24.5506 1 1 Right-Amygdala
25.3895 -7.9827 -23.7646 1 1 Right-Hippocampus
30.186 -10.2407 -24.1573 1 1 Right-Hippocampus
34.9829 -12.4988 -24.5499 1 1 Right-Hippocampus
39.9119 -14.0796 -23.8145 1 1 ctx-rh-inferiortemporal
44.7089 -16.3378 -24.2084 1 1 ctx-rh-inferiortemporal
50.1966 -18.5771 -23.4894 1 1 ctx-rh-inferiortemporal
55.059 -20.2335 -23.9351 1 1 ctx-rh-inferiortemporal
59.8558 -22.4905 -24.328 1 1 ctx-rh-inferiortemporal
64.7848 -24.0713 -23.5925 1 1 ctx-rh-middletemporal
69.6472 -25.7276 -24.037 1 1 outside-brain
42.9747 -46.469 -28.9466 1 1 ctx-rh-fusiform
47.7439 -55.8624 -26.4235 1 1 ctx-rh-fusiform
52.0211 -64.5225 -22.7025 1 1 ctx-rh-fusiform
55.0866 -69.6293 -13.1352 1 1 ctx-rh-lateraloccipital
36.2192 -7.1894 1.1724 1 1 ctx-rh-insula
40.231 -7.229 5.4813 1 1 ctx-rh-insula
44.1773 -7.8721 9.843 1 1 ctx-rh-postcentral
48.0569 -8.5889 13.0238 1 1 ctx-rh-postcentral
52.0687 -8.6284 17.333 1 1 ctx-rh-postcentral
55.9484 -9.3461 20.5141 1 1 ctx-rh-postcentral
59.8947 -9.9883 24.8754 1 1 ctx-rh-postcentral
63.8411 -10.6306 29.2365 1 1 ctx-rh-postcentral
67.7874 -11.2729 33.5977 1 1 outside-brain
72.3579 -11.9718 37.8904 1 1 outside-brain
76.9283 -12.6709 42.183 1 1 outside-brain
80.8093 -13.9159 46.5964 1 1 outside-brain
29.0552 -31.3117 -11.7301 1 1 Right-Hippocampus
33.1609 -33.5874 -13.2346 1 1 ctx-rh-parahippocampal
37.8257 -36.5219 -14.7568 1 1 ctx-rh-fusiform
41.9318 -38.7986 -16.2611 1 1 ctx-rh-fusiform
46.5964 -41.7329 -17.7822 1 1 ctx-rh-inferiortemporal
51.3266 -44.0651 -19.355 1 1 ctx-rh-inferiortemporal
55.3673 -46.9437 -20.8087 1 1 ctx-rh-inferiortemporal
59.4079 -49.822 -22.2613 1 1 ctx-rh-inferiortemporal
64.0726 -52.7566 -23.7823 1 1 outside-brain
68.1786 -55.0326 -25.2868 1 1 outside-brain
72.9088 -57.3651 -26.8608 1 1 outside-brain
77.5068 -60.3742 -29.562 1 1 outside-brain
4.4786 23.3702 7.3964 1 1 white-matter
10.2934 24.1427 7.8546 1 1 white-matter
15.4183 24.3681 8.4338 1 1 Right-Caudate
20.609 25.1963 8.9609 1 1 white-matter
26.3591 25.3659 9.4714 1 1 white-matter
31.4175 25.518 8.8702 1 1 ctx-rh-parstriangularis
36.5428 25.7443 9.449 1 1 ctx-rh-parstriangularis
42.2924 25.9141 9.9595 1 1 ctx-rh-parstriangularis
47.351 26.065 9.3585 1 1 ctx-rh-parstriangularis
53.1005 26.2347 9.8689 1 1 ctx-rh-parstriangularis
58.7833 26.33 9.199 1 1 ctx-rh-parstriangularis
63.2844 26.6121 9.8468 1 1 outside-brain
31.2885 -42.8643 -17.107 1 1 ctx-rh-fusiform
32.8364 -47.1009 -14.5886 1 1 ctx-rh-fusiform
34.252 -52.0142 -13.1974 1 1 ctx-rh-fusiform
35.7345 -56.853 -10.6271 1 1 ctx-rh-fusiform
36.5914 -61.1076 -9.2193 1 1 ctx-rh-fusiform
38.0737 -65.9466 -6.6491 1 1 white-matter
39.4894 -70.8598 -5.2578 1 1 ctx-rh-lateraloccipital
40.4131 -75.04 -2.671 1 1 ctx-rh-lateraloccipital
41.8287 -79.9533 -1.2797 1 1 ctx-rh-lateraloccipital
43.3112 -84.7922 1.2906 1 1 ctx-rh-lateraloccipital
44.7268 -89.7055 2.6819 1 1 ctx-rh-lateraloccipital
46.2747 -93.942 5.2002 1 1 outside-brain
32.0081 20.2937 -31.3938 1 1 ctx-rh-temporalpole
36.7395 17.4337 -31.7359 1 1 ctx-rh-superiortemporal
40.979 15.3068 -30.8801 1 1 ctx-rh-superiortemporal
45.7104 12.446 -31.2208 1 1 ctx-rh-superiortemporal
50.574 10.2624 -30.4333 1 1 ctx-rh-middletemporal
55.3722 7.477 -29.5941 1 1 ctx-rh-middletemporal
59.5449 5.2757 -29.9185 1 1 ctx-rh-middletemporal
64.3432 2.4904 -29.0792 1 1 ctx-rh-middletemporal
69.2067 0.3068 -28.2917 1 1 outside-brain
73.9382 -2.5542 -28.6337 1 1 outside-brain
80.1155 -4.2474 -28.035 1 1 outside-brain
86.2274 -6.5435 -27.3856 1 1 outside-brain
45.4159 -22.5096 29.8741 1 1 ctx-rh-supramarginal
50.6734 -21.607 31.5814 1 1 ctx-rh-supramarginal
55.3069 -20.6477 33.3574 1 1 ctx-rh-supramarginal
60.5644 -19.7451 35.0648 1 1 ctx-rh-supramarginal
65.131 -18.8601 35.6605 1 1 ctx-rh-supramarginal
70.3885 -17.9575 37.3677 1 1 outside-brain
74.3322 -17.5442 39.2645 1 1 outside-brain
78.9656 -16.5847 41.0404 1 1 outside-brain
84.1564 -15.7566 41.5674 1 1 outside-brain
90.1021 -13.7796 41.9218 1 1 outside-brain
93.1274 -11.2976 46.1601 1 1 outside-brain
95.3636 -14.4599 47.3259 1 1 outside-brain
41.5168 -42.2132 -4.0257 1 1 white-matter
46.578 -43.1173 -2.162 1 1 white-matter
52.1965 -44.1524 -1.548 1 1 white-matter
57.1911 -45.131 -0.8644 1 1 ctx-rh-middletemporal
62.2509 -45.5072 -0.2327 1 1 ctx-rh-middletemporal
67.3122 -46.4116 1.6299 1 1 ctx-rh-middletemporal
72.9962 -46.8441 2.1932 1 1 outside-brain
78.1229 -47.1459 4.0039 1 1 outside-brain
83.1827 -47.5222 4.6356 1 1 outside-brain
88.8681 -48.4827 6.4297 1 1 outside-brain
94.0602 -48.1822 8.1896 1 1 outside-brain
100.3697 -49.199 9.9154 1 1 outside-brain
37.9404 -56.6496 -4.9317 1 1 white-matter
41.226 -60.6761 -6.2108 1 1 white-matter
44.5782 -64.6284 -6.3111 1 1 ctx-rh-lateraloccipital
47.8638 -68.6553 -7.5914 1 1 ctx-rh-lateraloccipital
51.2161 -72.6074 -7.6904 1 1 ctx-rh-lateraloccipital
54.5016 -76.6341 -8.9708 1 1 outside-brain
58.4781 -80.6428 -9.1394 1 1 outside-brain
61.8291 -84.0669 -10.4705 1 1 outside-brain
65.1146 -88.0937 -11.7509 1 1 outside-brain
68.4669 -92.046 -11.8511 1 1 outside-brain
71.7526 -96.0727 -13.1302 1 1 outside-brain
76.9748 -99.1384 -15.9009 1 1 outside-brain
-14.099 -9.2553 -17.2925 1 1 Left-Hippocampus
-19.068 -10.0004 -16.7497 1 1 Left-Amygdala
-24.5071 -10.9882 -17.5514 1 1 Left-Amygdala
-29.9587 -11.44 -18.1937 1 1 Left-Amygdala
-35.3988 -12.4282 -18.9965 1 1 Left-Hippocampus
-40.3678 -13.1735 -18.4537 1 1 white-matter
-45.273 -13.6343 -19.0469 1 1 ctx-lh-inferiortemporal
-50.7132 -14.6221 -19.8487 1 1 ctx-lh-middletemporal
-56.1648 -15.074 -20.4909 1 1 ctx-lh-middletemporal
-61.6165 -15.5257 -21.1331 1 1 ctx-lh-middletemporal
-66.5739 -16.8074 -20.7509 1 1 ctx-lh-middletemporal
-72.0256 -17.2593 -21.3931 1 1 outside-brain
-19.9083 -15.4505 -11.0994 1 1 Left-Hippocampus
-24.9158 -17.5519 -9.7395 1 1 Left-Hippocampus
-29.9358 -19.1174 -8.2202 1 1 Left-Hippocampus
-34.8922 -20.3976 -7.8374 1 1 white-matter
-40.4586 -21.955 -6.3665 1 1 white-matter
-45.4275 -22.7002 -5.8237 1 1 ctx-lh-superiortemporal
-50.3965 -23.445 -5.2811 1 1 ctx-lh-superiortemporal
-55.9243 -23.646 -4.6275 1 1 ctx-lh-superiortemporal
-60.9571 -24.6751 -2.9476 1 1 ctx-lh-middletemporal
-65.9386 -24.8842 -2.2455 1 1 ctx-lh-middletemporal
-70.9201 -25.0933 -1.5433 1 1 ctx-lh-middletemporal
-76.4991 -26.1141 0.088 1 1 outside-brain
-21.9486 -34.3827 -2.2426 1 1 Left-Hippocampus
-26.8924 -36.1998 -2.0201 1 1 Left-Hippocampus
-31.7736 -37.7323 -2.9337 1 1 ctx-lh-lingual
-37.2637 -39.5408 -2.7587 1 1 ctx-lh-fusiform
-42.145 -41.0733 -3.6723 1 1 white-matter
-47.0887 -42.8903 -3.4497 1 1 ctx-lh-inferiortemporal
-51.97 -44.423 -4.3633 1 1 white-matter
-56.9012 -46.7759 -4.3004 1 1 ctx-lh-middletemporal
-61.7825 -48.3085 -5.214 1 1 ctx-lh-middletemporal
-66.7262 -50.1256 -4.9915 1 1 outside-brain
-71.6064 -51.658 -5.9051 1 1 outside-brain
-77.0976 -53.4665 -5.73 1 1 outside-brain
-22.1431 9.6273 6.0507 1 1 Left-Putamen
-26.7046 8.8403 9.074 1 1 ctx-lh-insula
-31.7499 8.3471 10.9133 1 1 ctx-lh-parsopercularis
-36.325 8.0963 14.0967 1 1 ctx-lh-parsopercularis
-40.8864 7.3105 17.1201 1 1 ctx-lh-precentral
-45.4095 7.8812 19.3268 1 1 ctx-lh-precentral
-49.9846 7.6305 22.5105 1 1 ctx-lh-precentral
-54.5586 7.3798 25.6941 1 1 ctx-lh-precentral
-59.1453 7.6663 29.0372 1 1 ctx-lh-precentral
-63.7205 7.4156 32.2209 1 1 outside-brain
-68.2309 7.4501 34.2676 1 1 outside-brain
-72.2597 7.1912 37.4994 1 1 outside-brain
-29.9389 -8.7517 19.4505 1 1 ctx-lh-insula
-34.4629 -8.1816 21.6562 1 1 ctx-lh-insula
-39.5323 -7.6025 23.8153 1 1 white-matter
-44.6153 -6.4885 26.1341 1 1 white-matter
-49.1382 -5.9179 28.3408 1 1 ctx-lh-postcentral
-53.6737 -4.8121 30.7079 1 1 ctx-lh-postcentral
-58.7568 -3.6972 33.0263 1 1 ctx-lh-postcentral
-63.356 -2.8756 36.5296 1 1 ctx-lh-postcentral
-67.879 -2.305 38.7363 1 1 outside-brain
-72.9619 -1.191 41.0552 1 1 outside-brain
-77.4849 -0.6203 43.2618 1 1 outside-brain
-82.5793 1.0298 45.7407 1 1 outside-brain
0.2123 41.6077 5.4566 1 1 ctx-lh-rostralanteriorcingulate
-5.2518 41.6911 4.9747 1 1 ctx-lh-rostralanteriorcingulate
-10.7797 41.4911 5.6286 1 1 ctx-lh-rostralanteriorcingulate
-15.7102 42.1023 5.3547 1 1 white-matter
-21.1755 42.1866 4.8723 1 1 white-matter
-26.0934 42.2617 4.4386 1 1 white-matter
-32.1039 42.3542 3.908 1 1 ctx-lh-rostralmiddlefrontal
-37.0217 42.4293 3.4742 1 1 ctx-lh-rostralmiddlefrontal
-42.5496 42.2284 4.1287 1 1 ctx-lh-parstriangularis
-48.0023 41.7765 3.4865 1 1 ctx-lh-parstriangularis
-53.4666 41.8609 3.0042 1 1 ctx-lh-parstriangularis
-58.3844 41.936 2.5703 1 1 outside-brain
1.7251 2.8759 40.6169 1 1 ctx-rh-posteriorcingulate
-3.7517 3.4953 40.2948 1 1 ctx-lh-superiorfrontal
-8.6071 3.8555 38.7242 1 1 ctx-lh-superiorfrontal
-14.0838 4.4759 38.4016 1 1 ctx-lh-superiorfrontal
-19.4843 4.8435 36.7834 1 1 white-matter
-24.4148 5.4556 36.509 1 1 ctx-lh-caudalmiddlefrontal
-29.8915 6.075 36.1869 1 1 white-matter
-34.8095 6.1511 35.7526 1 1 ctx-lh-caudalmiddlefrontal
-40.2237 7.0547 34.2943 1 1 ctx-lh-precentral
-45.7005 7.6751 33.9718 1 1 ctx-lh-precentral
-50.6309 8.2863 33.6978 1 1 ctx-lh-precentral
-56.1077 8.9067 33.3753 1 1 ctx-lh-precentral
-17.4177 2.7692 10.5683 1 1 Left-Caudate
-16.6668 5.3664 16.3292 1 1 Left-Caudate
-16.3848 7.7202 20.7464 1 1 Left-Caudate
-16.1791 10.3269 26.459 1 1 white-matter
-15.9744 12.9326 32.1723 1 1 white-matter
-15.6924 15.2864 36.5894 1 1 white-matter
-14.9288 17.3478 42.1909 1 1 ctx-lh-superiorfrontal
-15.2567 19.4257 47.6963 1 1 ctx-lh-superiorfrontal
-14.4932 21.4879 53.2972 1 1 ctx-lh-superiorfrontal
-14.8212 23.5657 58.8025 1 1 ctx-lh-superiorfrontal
-13.9939 25.9113 63.2677 1 1 ctx-lh-superiorfrontal
-14.322 27.9901 68.7724 1 1 outside-brain
21.0387 -10.8307 -16.9591 1 1 Right-Amygdala
25.9296 -12.7995 -15.8683 1 1 Right-Hippocampus
31.4194 -13.955 -15.706 1 1 Right-Hippocampus
36.3746 -15.6383 -15.7516 1 1 Right-Hippocampus
41.3174 -16.7858 -15.6379 1 1 Right-Hippocampus
46.8191 -18.4772 -15.6351 1 1 ctx-rh-middletemporal
51.7621 -19.6256 -15.5208 1 1 ctx-rh-middletemporal
56.6414 -21.0569 -14.2699 1 1 ctx-rh-middletemporal
62.1307 -22.2128 -14.1074 1 1 ctx-rh-middletemporal
67.0736 -23.3605 -13.9936 1 1 ctx-rh-middletemporal
72.5629 -24.5164 -13.8311 1 1 outside-brain
77.4423 -25.9485 -12.5811 1 1 outside-brain
29.2266 -28.7438 -14.214 1 1 Right-Hippocampus
33.5723 -30.7031 -13.171 1 1 ctx-rh-parahippocampal
38.9471 -32.9638 -10.8958 1 1 ctx-rh-parahippocampal
43.2923 -34.9237 -9.8538 1 1 white-matter
48.1083 -36.64 -7.4666 1 1 white-matter
52.4536 -38.5994 -6.4236 1 1 ctx-rh-middletemporal
57.2819 -40.852 -4.1969 1 1 ctx-rh-middletemporal
62.1737 -42.8196 -3.1054 1 1 ctx-rh-middletemporal
66.4557 -45.0641 -0.9272 1 1 ctx-rh-middletemporal
71.8304 -47.3244 1.3491 1 1 outside-brain
76.1757 -49.2842 2.391 1 1 outside-brain
80.9916 -51.0005 4.7783 1 1 outside-brain
-15.2343 -5.9429 -16.386 1 1 Left-Amygdala
-19.8003 -7.3148 -14.2511 1 1 Left-Amygdala
-24.3674 -8.6864 -12.1153 1 1 Left-Amygdala
-28.9124 -10.1633 -11.0038 1 1 Left-Putamen
-32.9703 -11.5241 -8.8563 1 1 Left-Putamen
-37.5374 -12.8958 -6.7204 1 1 ctx-lh-insula
-42.1202 -13.7742 -4.6532 1 1 ctx-lh-insula
-46.6872 -15.1458 -2.5174 1 1 ctx-lh-superiortemporal
-51.2661 -15.6345 -1.5408 1 1 ctx-lh-transversetemporal
-55.8492 -16.5117 0.5269 1 1 ctx-lh-superiortemporal
-60.4321 -17.3903 2.5941 1 1 ctx-lh-superiortemporal
-65.0162 -18.2675 4.6618 1 1 ctx-lh-superiortemporal
-26.1344 -17.0266 -9.9943 1 1 Left-Hippocampus
-30.1543 -18.9871 -8.8029 1 1 Left-Hippocampus
-34.6823 -20.9584 -7.6233 1 1 white-matter
-39.2273 -22.4353 -6.5118 1 1 ctx-lh-superiortemporal
-43.2303 -24.8902 -5.2524 1 1 ctx-lh-superiortemporal
-47.7593 -26.8615 -4.0727 1 1 ctx-lh-superiortemporal
-51.8172 -28.2224 -1.9252 1 1 ctx-lh-middletemporal
-56.3452 -30.1936 -0.7456 1 1 ctx-lh-middletemporal
-60.9122 -31.5657 1.3893 1 1 ctx-lh-middletemporal
-65.4402 -33.5369 2.5689 1 1 ctx-lh-middletemporal
-69.4601 -35.4975 3.7604 1 1 outside-brain
-74.0092 -37.3638 5.9633 1 1 outside-brain
-31.687 -36.2948 -1.3035 1 1 Left-Hippocampus
-35.6469 -38.9604 -2.0915 1 1 white-matter
-40.137 -41.5314 -1.8682 1 1 white-matter
-44.1189 -44.0914 -1.6321 1 1 white-matter
-48.0787 -46.757 -2.42 1 1 white-matter
-52.5519 -49.822 -2.1286 1 1 white-matter
-56.5328 -52.3823 -1.8935 1 1 ctx-lh-middletemporal
-60.4926 -55.0474 -2.6806 1 1 ctx-lh-middletemporal
-64.4746 -57.6074 -2.4445 1 1 ctx-lh-middletemporal
-68.4395 -60.6617 -2.1413 1 1 outside-brain
-72.3995 -63.3268 -2.9285 1 1 outside-brain
-76.3804 -65.8871 -2.6932 1 1 outside-brain
-52.6837 -40.5007 15.2941 1 1 ctx-lh-superiortemporal
-57.7996 -39.6235 15.032 1 1 ctx-lh-superiortemporal
-62.3904 -39.2292 14.8504 1 1 ctx-lh-superiortemporal
-67.4903 -38.8465 14.6553 1 1 ctx-lh-superiortemporal
-55.6641 -33.4662 25.6795 1 1 ctx-lh-supramarginal
-60.2169 -33.6718 24.5414 1 1 ctx-lh-supramarginal
-65.2779 -33.8885 23.3906 1 1 ctx-lh-supramarginal
-70.3598 -33.9998 23.2634 1 1 outside-brain
-34.1821 0.1406 7.1809 1 1 ctx-lh-insula
-32.786 0.8063 13.3606 1 1 ctx-lh-insula
-31.3648 1.7563 17.4252 1 1 white-matter
-30.4727 2.7992 22.501 1 1 white-matter
-29.0885 4.348 27.522 1 1 white-matter
-27.6843 5.7915 31.5193 1 1 white-matter
-26.8092 7.33 36.5272 1 1 ctx-lh-caudalmiddlefrontal
-25.9331 8.8676 41.5353 1 1 ctx-lh-caudalmiddlefrontal
-25.0369 10.3001 45.5199 1 1 ctx-lh-caudalmiddlefrontal
-24.7079 12.4261 51.4714 1 1 ctx-lh-superiorfrontal
-23.8117 13.8586 55.456 1 1 ctx-lh-superiorfrontal
-23.4617 15.8795 60.3837 1 1 ctx-lh-superiorfrontal
-27.8903 -39.0377 -9.1331 1 1 ctx-lh-parahippocampal
-31.3892 -41.8695 -6.77 1 1 ctx-lh-parahippocampal
-34.402 -44.5849 -3.3698 1 1 white-matter
-37.9019 -47.4172 -1.0065 1 1 white-matter
-40.9098 -49.7443 1.3015 1 1 ctx-lh-inferiortemporal
-44.4477 -51.9767 4.621 1 1 white-matter
-47.9466 -54.8089 6.9843 1 1 ctx-lh-bankssts
-51.4635 -57.1467 9.2806 1 1 ctx-lh-bankssts
-54.9625 -59.9788 11.6438 1 1 ctx-lh-middletemporal
-58.5004 -62.2114 14.9633 1 1 ctx-lh-middletemporal
-62.0163 -64.5496 17.2586 1 1 outside-brain
-66.0293 -67.7817 20.7003 1 1 outside-brain
-4.5177 39.4713 3.7117 1 1 ctx-lh-rostralanteriorcingulate
-9.5657 38.3719 3.7194 1 1 white-matter
-14.1277 37.3886 4.7637 1 1 white-matter
-19.1768 36.2891 4.7715 1 1 white-matter
-23.7167 35.2008 4.792 1 1 white-matter
-28.7487 33.6068 4.8674 1 1 white-matter
-33.2896 32.5184 4.888 1 1 ctx-lh-rostralmiddlefrontal
-38.3597 31.524 5.9194 1 1 ctx-lh-rostralmiddlefrontal
-42.8997 30.4358 5.94 1 1 ctx-lh-parstriangularis
-47.9696 29.4414 6.9715 1 1 ctx-lh-parstriangularis
-53.0356 28.8356 6.912 1 1 ctx-lh-parstriangularis
-57.5806 27.3587 8.0235 1 1 outside-brain
-39.3496 -16.046 16.5025 1 1 ctx-lh-postcentral
-43.5303 -14.3363 19.2687 1 1 ctx-lh-postcentral
-47.182 -12.7205 21.0241 1 1 white-matter
-51.3796 -10.517 23.723 1 1 ctx-lh-postcentral
-55.5393 -8.9124 25.4656 1 1 ctx-lh-postcentral
-59.7151 -6.8139 27.1408 1 1 ctx-lh-postcentral
-63.8967 -5.1042 29.9071 1 1 ctx-lh-postcentral
-67.5314 -3.9829 31.7301 1 1 outside-brain
-72.2372 -1.7897 34.416 1 1 outside-brain
-75.8889 -0.1739 36.1711 1 1 outside-brain
-80.0696 1.5359 38.9374 1 1 outside-brain
-84.7763 3.7281 41.6238 1 1 outside-brain
-13.8254 -11.8596 -25.3235 1 1 Left-Hippocampus
-18.7976 -11.9825 -25.7899 1 1 Left-Hippocampus
-23.8626 -12.1034 -25.0159 1 1 Left-Hippocampus
-28.8348 -12.2252 -25.4827 1 1 Left-Hippocampus
-19.3112 -0.7391 -40.2616 1 1 ctx-lh-entorhinal
-25.2302 -9.496 -43.7441 1 1 ctx-lh-fusiform
-32.984 -15.6025 -44.7671 1 1 ctx-lh-inferiortemporal
-41.6538 -20.1047 -40.7995 1 1 ctx-lh-inferiortemporal
-52.2138 -30.8504 62.5875 1 1 ctx-lh-postcentral
-58.1014 -29.9452 52.0973 1 1 ctx-lh-supramarginal
-61.6863 -28.9865 40.574 1 1 ctx-lh-supramarginal
-62.9682 -27.9744 28.0173 1 1 ctx-lh-supramarginal
-63.2379 -26.9349 16.8049 1 1 ctx-lh-supramarginal
-62.8628 -25.8815 4.4039 1 1 ctx-lh-superiortemporal
-17.5265 -17.8736 -28.4645 1 1 ctx-lh-parahippocampal
-22.5915 -17.9945 -27.6904 1 1 Left-Hippocampus
-27.6545 -17.5778 -26.8892 1 1 ctx-lh-parahippocampal
-32.7196 -17.6987 -26.1152 1 1 ctx-lh-parahippocampal
-18.3087 -31.8497 -19.2455 1 1 ctx-lh-parahippocampal
-26.6846 -31.5343 -26.2496 1 1 ctx-lh-fusiform
-35.7951 -30.1535 -30.7698 1 1 ctx-lh-fusiform
-45.8208 -26.6325 -30.2719 1 1 ctx-lh-inferiortemporal
-43.7864 -76.4062 42.355 1 1 ctx-lh-inferiorparietal
-50.9521 -71.761 34.4314 1 1 ctx-lh-inferiorparietal
-56.5523 -67.0743 27.9036 1 1 ctx-lh-supramarginal
-60.3051 -60.735 19.1321 1 1 ctx-lh-supramarginal
-62.4898 -53.2788 11.8091 1 1 ctx-lh-superiortemporal
-62.9246 -45.7825 3.4024 1 1 ctx-lh-bankssts
-25.6789 -62.1262 -12.7012 1 1 ctx-lh-fusiform
-31.3631 -54.7492 -17.8531 1 1 ctx-lh-fusiform
-37.0493 -47.91 -23.0321 1 1 ctx-lh-fusiform
-43.3803 -41.0836 -27.0229 1 1 ctx-lh-inferiortemporal
13.2432 -12.2713 -22.8395 1 1 Right-Hippocampus
18.3082 -12.1494 -23.6138 1 1 Right-Hippocampus
23.3732 -12.0282 -24.3867 1 1 Right-Hippocampus
28.529 -12.4458 -26.4288 1 1 Right-Hippocampus
17.5399 -22.3807 -21.699 1 1 ctx-rh-parahippocampal
25.8257 -23.272 -28.4688 1 1 ctx-rh-parahippocampal
35.1282 -23.0592 -33.8421 1 1 ctx-rh-fusiform
45.2646 -20.6659 -35.2823 1 1 ctx-rh-inferiortemporal
25.1532 -4.5168 -47.575 1 1 ctx-rh-inferiortemporal
30.2142 -5.4712 -48.4032 1 1 ctx-rh-inferiortemporal
35.182 -6.9622 -48.0176 1 1 ctx-rh-inferiortemporal
40.1529 -7.3783 -47.579 1 1 ctx-rh-inferiortemporal
48.1706 32.2852 35.074 1 1 ctx-rh-rostralmiddlefrontal
54.2302 25.9612 27.8252 1 1 ctx-rh-parsopercularis
58.0785 19.0444 20.342 1 1 outside-brain
60.2673 11.55 12.6767 1 1 ctx-rh-parsopercularis
62.5486 4.0535 3.7708 1 1 ctx-rh-precentral
63.0784 -4.02 -4.0773 1 1 ctx-rh-superiortemporal
24.8298 -17.9212 -29.5431 1 1 ctx-rh-parahippocampal
29.7104 -17.7986 -27.8365 1 1 ctx-rh-parahippocampal
34.4993 -17.1365 -24.8622 1 1 ctx-rh-parahippocampal
39.3777 -17.5516 -23.1826 1 1 ctx-rh-fusiform
20.4485 -34.128 -17.0224 1 1 ctx-rh-parahippocampal
29.2961 -32.3165 -23.6056 1 1 ctx-rh-fusiform
38.5135 -29.4146 -27.6025 1 1 ctx-rh-fusiform
48.1949 -25.4218 -30.2531 1 1 ctx-rh-inferiortemporal
56.0783 -64.9777 -12.7704 1 1 ctx-rh-lateraloccipital
58.3153 -56.8749 -19.6512 1 1 ctx-rh-inferiortemporal
59.9089 -48.2467 -25.3157 1 1 ctx-rh-inferiortemporal
60.216 -38.5685 -28.5499 1 1 ctx-rh-inferiortemporal
17.3954 8.7596 29.2242 1 1 white-matter
18.3514 9.7297 35.0217 1 1 white-matter
18.7556 10.768 40.7161 1 1 white-matter
19.7118 11.7381 46.5136 1 1 white-matter
20.116 12.7776 52.2087 1 1 ctx-rh-superiorfrontal
20.846 13.4102 59.1426 1 1 ctx-rh-superiorfrontal
21.2501 14.4487 64.8378 1 1 ctx-rh-superiorfrontal
22.2471 15.9255 70.8234 1 1 ctx-rh-superiorfrontal
23.2043 16.8944 76.6206 1 1 outside-brain
23.9343 17.527 83.5546 1 1 outside-brain
24.3385 18.5665 89.2497 1 1 outside-brain
25.2538 19.0297 94.8582 1 1 outside-brain
33.0115 23.0948 23.4852 1 1 ctx-rh-rostralmiddlefrontal
31.289 25.4232 29.1504 1 1 white-matter
29.566 27.7514 34.8145 1 1 ctx-rh-rostralmiddlefrontal
28.0284 29.9126 39.1538 1 1 ctx-rh-superiorfrontal
26.3462 32.7466 45.007 1 1 ctx-rh-rostralmiddlefrontal
25.4014 35.3438 49.6366 1 1 ctx-rh-superiorfrontal
23.9046 38.0107 54.1642 1 1 ctx-rh-superiorfrontal
21.6297 40.4075 59.7272 1 1 outside-brain
19.866 42.2302 65.2033 1 1 outside-brain
18.1838 45.0653 71.0565 1 1 outside-brain
15.9497 47.9689 76.8081 1 1 outside-brain
14.4937 51.1414 81.5242 1 1 outside-brain
33.9519 -1.7772 17.5057 1 1 ctx-rh-insula
34.6412 -1.6513 24.252 1 1 white-matter
35.5568 -1.187 29.8603 1 1 ctx-rh-caudalmiddlefrontal
35.9201 -0.6542 35.3667 1 1 ctx-rh-caudalmiddlefrontal
36.8356 -0.19 40.9751 1 1 ctx-rh-caudalmiddlefrontal
38.118 0.373 48.0109 1 1 ctx-rh-caudalmiddlefrontal
38.4813 0.9057 53.5175 1 1 ctx-rh-caudalmiddlefrontal
39.9491 1.3004 59.2279 1 1 ctx-rh-caudalmiddlefrontal
40.6792 1.9329 66.1618 1 1 ctx-rh-caudalmiddlefrontal
42.147 2.3276 71.8721 1 1 outside-brain
43.2442 3.0578 80.2339 1 1 outside-brain
44.1596 3.5221 85.8424 1 1 outside-brain
20.2268 -7.5255 37.1896 1 1 white-matter
20.9159 -7.3998 43.9348 1 1 white-matter
21.2386 -7.3727 49.2526 1 1 white-matter
21.3758 -7.1773 55.8962 1 1 white-matter
21.6985 -7.1502 61.2141 1 1 white-matter
21.8357 -6.9548 67.8577 1 1 ctx-rh-superiorfrontal
22.24 -5.9152 73.5528 1 1 ctx-rh-superiorfrontal
22.3772 -5.7198 80.1964 1 1 ctx-rh-superiorfrontal
22.6999 -5.6926 85.5144 1 1 outside-brain
23.656 -4.7227 91.3114 1 1 outside-brain
23.9786 -4.6956 96.6293 1 1 outside-brain
24.1159 -4.5002 103.2729 1 1 outside-brain
7.6668 12.0843 42.5684 1 1 ctx-rh-caudalanteriorcingulate
12.4731 9.4361 42.7311 1 1 ctx-rh-superiorfrontal
17.6471 6.8867 44.3216 1 1 white-matter
23.046 4.6757 44.7754 1 1 white-matter
27.8931 2.5342 45.1258 1 1 white-matter
33.2926 0.3233 45.5795 1 1 white-matter
38.692 -1.8889 46.0324 1 1 ctx-rh-caudalmiddlefrontal
44.1323 -3.5942 46.6742 1 1 ctx-rh-precentral
49.3056 -6.1426 48.2645 1 1 ctx-rh-precentral
54.1529 -8.285 48.6163 1 1 ctx-rh-precentral
59.5523 -10.4959 49.0701 1 1 ctx-rh-precentral
64.3588 -13.1431 49.2324 1 1 ctx-rh-postcentral
19.0566 -23.5211 37.7974 1 1 white-matter
19.4788 -24.2391 45.4911 1 1 ctx-rh-paracentral
20.3534 -24.2811 50.9104 1 1 white-matter
21.0016 -24.661 57.4677 1 1 white-matter
21.8762 -24.703 62.8876 1 1 white-matter
22.0134 -24.5076 69.5312 1 1 ctx-rh-precentral
22.888 -24.5495 74.951 1 1 ctx-rh-precentral
24.0895 -24.9988 81.6098 1 1 ctx-rh-precentral
25.5159 -25.11 87.1315 1 1 outside-brain
26.5727 -24.8853 95.3046 1 1 outside-brain
27.9584 -25.5026 100.6377 1 1 outside-brain
28.8737 -25.0386 106.2462 1 1 outside-brain
19.484 -4.1741 -22.3825 1 1 Right-Amygdala
25.1541 -4.2535 -21.7253 1 1 Right-Amygdala
30.8664 -4.8085 -21.0547 1 1 Right-Amygdala
37.0355 -4.8663 -20.4484 1 1 white-matter
42.249 -5.4439 -19.7256 1 1 ctx-rh-superiortemporal
47.7794 -5.6706 -20.2798 1 1 ctx-rh-superiortemporal
53.4918 -6.2255 -19.608 1 1 ctx-rh-middletemporal
59.1618 -6.3061 -18.9507 1 1 ctx-rh-middletemporal
64.8741 -6.861 -18.2801 1 1 ctx-rh-middletemporal
70.5441 -6.9404 -17.6229 1 1 ctx-rh-middletemporal
76.7555 -7.4737 -17.0032 1 1 outside-brain
82.4255 -7.5532 -16.3459 1 1 outside-brain
25.3033 -17.6695 -17.5235 1 1 Right-Hippocampus
30.6147 -17.6263 -15.6039 1 1 Right-Hippocampus
35.9251 -17.5822 -13.6854 1 1 Right-Hippocampus
41.2357 -17.538 -11.7658 1 1 white-matter
46.5887 -17.9692 -9.8316 1 1 ctx-rh-superiortemporal
51.8993 -17.9251 -7.9132 1 1 ctx-rh-superiortemporal
57.2523 -18.3564 -5.9789 1 1 ctx-rh-superiortemporal
63.4212 -18.4142 -5.3738 1 1 ctx-rh-superiortemporal
68.7319 -18.37 -3.4542 1 1 ctx-rh-middletemporal
74.4019 -18.4495 -2.7969 1 1 ctx-rh-middletemporal
79.2137 -18.4289 -0.8263 1 1 outside-brain
85.0232 -18.3621 1.0412 1 1 outside-brain
9.3844 -42.5795 36.7566 1 1 ctx-rh-isthmuscingulate
14.9153 -42.8058 36.2029 1 1 ctx-rh-precuneus
20.5001 -41.9348 36.8313 1 1 white-matter
25.9883 -41.6858 36.2633 1 1 white-matter
32.115 -41.2676 36.8543 1 1 ctx-rh-superiorparietal
37.6459 -41.4939 36.3007 1 1 ctx-rh-inferiorparietal
43.2734 -41.0982 36.9434 1 1 ctx-rh-inferiorparietal
49.2605 -40.8265 36.3238 1 1 ctx-rh-supramarginal
54.791 -41.053 35.7701 1 1 ctx-rh-supramarginal
60.2792 -40.8038 35.2022 1 1 ctx-rh-supramarginal
66.4058 -40.3855 35.7932 1 1 ctx-rh-supramarginal
71.9362 -40.612 35.2395 1 1 outside-brain
46.9169 -3.5501 -5.5071 1 1 ctx-rh-superiortemporal
52.4898 -4.2523 -6.0468 1 1 ctx-rh-superiortemporal
57.7455 -5.3053 -5.3095 1 1 ctx-rh-superiortemporal
63.3183 -6.0076 -5.8492 1 1 ctx-rh-superiortemporal
69.39 -6.686 -6.4398 1 1 ctx-rh-superiortemporal
74.6035 -7.2647 -5.7171 1 1 outside-brain
80.3159 -7.8196 -5.0453 1 1 outside-brain
85.8888 -8.5218 -5.5849 1 1 outside-brain
28.5445 -30.328 -12.4352 1 1 Right-Hippocampus
34.0792 -31.0885 -9.2764 1 1 Right-Hippocampus
38.9754 -32.0179 -7.2767 1 1 white-matter
44.0114 -32.8011 -4.0669 1 1 ctx-rh-middletemporal
49.4067 -33.7078 -2.1183 1 1 ctx-rh-middletemporal
54.3032 -34.6383 -0.1186 1 1 ctx-rh-middletemporal
59.838 -35.3983 3.039 1 1 ctx-rh-bankssts
64.7344 -36.3279 5.0387 1 1 ctx-rh-superiortemporal
70.3116 -37.5637 8.2121 1 1 ctx-rh-superiortemporal
74.6668 -38.0403 10.2493 1 1 outside-brain
80.2439 -39.2762 13.4215 1 1 outside-brain
85.098 -39.7303 15.4078 1 1 outside-brain
27.5501 6.2477 -35.917 1 1 ctx-rh-temporalpole
33.0382 6.4965 -36.4845 1 1 ctx-rh-temporalpole
38.5263 6.7451 -37.0531 1 1 ctx-rh-temporalpole
44.0567 6.5195 -37.6061 1 1 ctx-rh-middletemporal
50.1834 6.9371 -37.0155 1 1 ctx-rh-middletemporal
55.532 7.0406 -38.7944 1 1 ctx-rh-middletemporal
56.128 7.685 -37.6496 1 1 ctx-rh-middletemporal
61.1597 7.4356 -38.1516 1 1 outside-brain
66.6901 7.2088 -38.7058 1 1 outside-brain
72.6771 7.4813 -39.3254 1 1 outside-brain
78.1653 7.7301 -39.8929 1 1 outside-brain
83.6112 8.4543 -40.4748 1 1 outside-brain
14.6862 25.0086 -20.5766 1 1 ctx-rh-lateralorbitofrontal
16.2966 26.737 -14.655 1 1 ctx-rh-lateralorbitofrontal
17.2271 28.7723 -9.9061 1 1 ctx-rh-lateralorbitofrontal
18.8374 30.5007 -3.9845 1 1 white-matter
19.907 32.682 1.9734 1 1 white-matter
21.5185 34.4105 7.8949 1 1 white-matter
22.588 36.593 13.854 1 1 white-matter
24.1568 38.797 19.761 1 1 white-matter
25.628 40.3793 24.4724 1 1 ctx-rh-rostralmiddlefrontal
26.6975 42.5604 30.4303 1 1 ctx-rh-rostralmiddlefrontal
28.2658 44.7645 36.338 1 1 ctx-rh-rostralmiddlefrontal
30.3333 46.991 42.1935 1 1 ctx-rh-rostralmiddlefrontal
8.9169 -53.9703 21.2521 1 1 ctx-rh-precuneus
14.8483 -54.796 19.4513 1 1 ctx-rh-precuneus
20.4634 -55.9732 18.9261 1 1 ctx-rh-precuneus
26.0785 -57.1506 18.401 1 1 white-matter
31.1954 -58.3504 17.9268 1 1 white-matter
36.8106 -59.5277 17.4027 1 1 ctx-rh-lateraloccipital
42.4254 -60.7048 16.8776 1 1 ctx-rh-lateraloccipital
48.0407 -61.8822 16.3525 1 1 ctx-rh-inferiorparietal
53.6557 -63.0594 15.8273 1 1 ctx-rh-inferiorparietal
59.271 -64.2368 15.3022 1 1 ctx-rh-inferiorparietal
64.8437 -64.9385 14.7625 1 1 outside-brain
70.4166 -65.6404 14.2228 1 1 outside-brain
27.8595 12.1223 6.8924 1 1 Right-Putamen
32.6831 13.7166 10.0309 1 1 ctx-rh-insula
37.3254 15.6401 11.9446 1 1 ctx-rh-parsopercularis
42.6487 17.257 15.0322 1 1 ctx-rh-parsopercularis
47.473 18.8502 18.1708 1 1 ctx-rh-parsopercularis
52.6565 20.3209 20.047 1 1 ctx-rh-parsopercularis
57.4808 21.915 23.1854 1 1 ctx-rh-parsopercularis
62.7616 24.0074 26.2585 1 1 outside-brain
67.5435 26.0772 29.3826 1 1 outside-brain
72.3254 28.147 32.5073 1 1 outside-brain
77.6062 30.2394 35.58 1 1 outside-brain
82.3457 32.7846 38.6901 1 1 outside-brain
34.8344 -12.6384 13.3062 1 1 ctx-rh-insula
39.7855 -12.4706 16.487 1 1 ctx-rh-insula
44.6945 -11.8273 19.6545 1 1 ctx-rh-postcentral
49.9628 -11.3076 21.5597 1 1 ctx-rh-postcentral
54.9141 -11.1397 24.7416 1 1 white-matter
59.823 -10.4964 27.9093 1 1 ctx-rh-postcentral
65.2732 -10.306 31.0386 1 1 ctx-rh-postcentral
70.182 -9.6627 34.206 1 1 outside-brain
74.4524 -9.1882 36.2142 1 1 outside-brain
79.501 -8.3986 40.5923 1 1 outside-brain
84.3126 -8.3771 42.5633 1 1 outside-brain
88.266 -8.2544 45.8481 1 1 outside-brain
39.6299 12.4901 -4.1644 1 1 ctx-rh-insula
44.5219 12.0945 -5.8767 1 1 ctx-rh-insula
50.4117 11.7442 -7.692 1 1 ctx-rh-superiortemporal
55.3038 11.3486 -9.4055 1 1 ctx-rh-superiortemporal
61.2359 10.5226 -11.2075 1 1 ctx-rh-superiortemporal
66.6269 10.1498 -12.9707 1 1 outside-brain
71.5191 9.7541 -14.6842 1 1 outside-brain
76.411 9.3596 -16.3964 1 1 outside-brain
47.9766 -29.4164 -26.7528 1 1 ctx-rh-inferiortemporal
52.7883 -29.3948 -24.7822 1 1 ctx-rh-inferiortemporal
57.8791 -29.0808 -20.3899 1 1 ctx-rh-inferiortemporal
62.7331 -29.5347 -18.4048 1 1 ctx-rh-middletemporal
67.7816 -28.7451 -14.0271 1 1 ctx-rh-middletemporal
73.2741 -29.0302 -10.8827 1 1 ctx-rh-middletemporal
77.7265 -28.885 -7.6497 1 1 outside-brain
83.3161 -28.5472 -3.3084 1 1 outside-brain
30.2888 -47.7149 -14.393 1 1 ctx-rh-fusiform
35.1299 -49.742 -13.5758 1 1 ctx-rh-fusiform
40.5675 -51.1242 -11.6126 1 1 ctx-rh-inferiortemporal
45.8657 -52.6531 -10.8608 1 1 ctx-rh-lateraloccipital
51.3033 -54.0355 -8.8988 1 1 ctx-rh-inferiortemporal
56.6437 -56.0398 -8.1326 1 1 ctx-rh-middletemporal
61.5824 -57.4448 -6.1198 1 1 ctx-rh-middletemporal
64.3013 -58.1358 -5.1376 1 1 ctx-rh-middletemporal
68.5592 -59.2345 -4.2973 1 1 outside-brain
73.3583 -60.786 -3.4946 1 1 outside-brain
79.3374 -62.6211 -1.569 1 1 outside-brain
84.2337 -63.5507 0.4305 1 1 outside-brain
9.5126 -56.5008 32.3658 1 1 ctx-rh-precuneus
15.2254 -57.056 33.0375 1 1 ctx-rh-precuneus
20.8406 -58.2333 32.5124 1 1 ctx-rh-precuneus
26.4129 -58.9352 31.9727 1 1 ctx-rh-superiorparietal
32.0281 -60.1123 31.4476 1 1 ctx-rh-superiorparietal
37.6443 -61.2894 30.9236 1 1 white-matter
43.259 -62.4668 30.3985 1 1 ctx-rh-inferiorparietal
48.8741 -63.644 29.8733 1 1 ctx-rh-inferiorparietal
54.5316 -65.2967 29.3627 1 1 ctx-rh-inferiorparietal
60.1044 -65.9985 28.8231 1 1 outside-brain
65.7196 -67.1759 28.2979 1 1 outside-brain
70.7935 -67.9003 27.8104 1 1 outside-brain
8.8002 -33.8167 34.0116 1 1 ctx-rh-isthmuscingulate
13.6673 -32.6979 37.1646 1 1 white-matter
18.0339 -31.6017 40.3693 1 1 ctx-rh-paracentral
22.9009 -30.4829 43.5222 1 1 ctx-rh-paracentral
27.7678 -29.364 46.6752 1 1 ctx-rh-postcentral
32.7741 -28.099 51.0389 1 1 ctx-rh-postcentral
37.5007 -27.1264 52.9812 1 1 ctx-rh-postcentral
42.5069 -25.8615 57.3449 1 1 ctx-rh-postcentral
47.2338 -24.8889 59.2873 1 1 ctx-rh-postcentral
52.1428 -24.2455 62.4546 1 1 ctx-rh-postcentral
57.5082 -23.1042 65.556 1 1 outside-brain
61.8759 -22.008 68.7606 1 1 outside-brain
-15.0153 -11.9614 -18.9862 1 1 Left-Hippocampus
-20.2319 -11.9207 -19.382 1 1 Left-Hippocampus
-25.3883 -12.1418 -20.9222 1 1 Left-Hippocampus
-30.534 -12.5681 -21.2031 1 1 Left-Hippocampus
-18.5285 -22.8986 -17.89 1 1 ctx-lh-parahippocampal
-23.8169 -22.3919 -18.4001 1 1 Left-Hippocampus
-28.5981 -21.7968 -18.8935 1 1 Left-Hippocampus
-33.8865 -21.2914 -19.4043 1 1 Left-Hippocampus
-31.7178 -41.061 -25.4926 1 1 ctx-lh-fusiform
-41.2308 -39.928 -28.8821 1 1 ctx-lh-inferiortemporal
-51.0785 -36.8731 -30.328 1 1 ctx-lh-inferiortemporal
-57.6448 -28.9462 -24.2063 1 1 ctx-lh-middletemporal
-9.7659 66.0968 -6.6709 1 1 ctx-lh-frontalpole
-17.7491 66.532 -1.3155 1 1 ctx-lh-frontalpole
-26.675 66.3235 4.1217 1 1 ctx-lh-rostralmiddlefrontal
-34.5229 62.4769 10.493 1 1 ctx-lh-rostralmiddlefrontal
-38.7765 55.8468 15.3634 1 1 ctx-lh-rostralmiddlefrontal
-40.5722 46.7777 20.9883 1 1 ctx-lh-rostralmiddlefrontal
-41.8725 38.0025 25.3711 1 1 ctx-lh-rostralmiddlefrontal
-41.9664 28.4169 27.6138 1 1 ctx-lh-parsopercularis
-42.3127 34.8583 18.8175 1 1 ctx-lh-parstriangularis
-42.1388 26.4074 25.6528 1 1 ctx-lh-parsopercularis
-41.6722 19.4429 32.1613 1 1 ctx-lh-parsopercularis
-41.4265 10.5263 39.1115 1 1 ctx-lh-caudalmiddlefrontal
-40.6863 1.9032 44.8195 1 1 ctx-lh-precentral
-39.6397 -5.4377 51.4592 1 1 ctx-lh-precentral
-36.8097 -13.9655 56.0898 1 1 ctx-lh-precentral
-34.9823 -22.8762 61.9458 1 1 ctx-lh-precentral
-44.4477 29.4355 10.2538 1 1 ctx-lh-parstriangularis
-45.7965 20.7174 17.0391 1 1 ctx-lh-parsopercularis
-45.6944 12.7324 23.7598 1 1 ctx-lh-parsopercularis
-45.024 4.5755 29.3532 1 1 ctx-lh-precentral
-43.8358 -3.6975 36.2221 1 1 ctx-lh-precentral
-42.6583 -11.7651 41.832 1 1 ctx-lh-precentral
-41.989 -19.9226 47.4256 1 1 ctx-lh-postcentral
-40.7406 -28.4565 53.1504 1 1 ctx-lh-postcentral
-44.7867 22.6223 0.9387 1 1 ctx-lh-parstriangularis
-48.8151 14.39 7.412 1 1 ctx-lh-parsopercularis
-49.292 6.7816 14.0011 1 1 ctx-lh-parsopercularis
-48.1145 -1.2871 19.6111 1 1 ctx-lh-precentral
-46.9971 -9.093 26.3652 1 1 ctx-lh-precentral
-45.7487 -17.6273 32.0907 1 1 ctx-lh-postcentral
-45.5865 -25.8737 37.6668 1 1 ctx-lh-postcentral
-43.8901 -34.0569 44.5528 1 1 ctx-lh-supramarginal
-46.14 15.6292 -8.4093 1 1 outside-brain
-50.3829 8.7947 -2.2803 1 1 ctx-lh-precentral
-51.3671 1.0979 4.2924 1 1 ctx-lh-precentral
-50.686 -7.2642 11.1451 1 1 ctx-lh-postcentral
-49.072 -14.7762 16.6576 1 1 ctx-lh-postcentral
-48.2601 -23.8663 22.4802 1 1 ctx-lh-supramarginal
-47.6616 -31.557 27.9591 1 1 white-matter
-45.9662 -39.7406 34.8441 1 1 ctx-lh-supramarginal
-48.9592 11.664 -20.9957 1 1 ctx-lh-superiortemporal
-52.2361 5.0646 -12.4304 1 1 ctx-lh-superiortemporal
-53.8594 -1.9949 -4.8443 1 1 ctx-lh-superiortemporal
-52.8139 -9.3352 1.7943 1 1 ctx-lh-superiortemporal
-52.9146 -16.1275 9.4303 1 1 ctx-lh-postcentral
-50.771 -23.9597 17.4771 1 1 ctx-lh-supramarginal
-49.7254 -31.3004 24.1161 1 1 ctx-lh-supramarginal
-48.608 -39.1071 30.8705 1 1 ctx-lh-supramarginal
-50.809 4.3783 -29.1014 1 1 ctx-lh-superiortemporal
-53.5186 -2.3932 -21.6634 1 1 ctx-lh-middletemporal
-55.649 -9.5425 -14.0945 1 1 ctx-lh-middletemporal
-55.1708 -16.7102 -6.3274 1 1 ctx-lh-superiortemporal
-55.2716 -23.5016 1.3081 1 1 ctx-lh-superiortemporal
-54.7932 -30.6702 9.0757 1 1 ctx-lh-supramarginal
-52.1533 -38.2096 15.8787 1 1 ctx-lh-superiortemporal
-49.5862 -45.2827 22.5686 1 1 ctx-lh-supramarginal
-52.4175 -8.2697 -32.3015 1 1 ctx-lh-middletemporal
-56.2132 -14.7531 -25.0117 1 1 ctx-lh-middletemporal
-58.0984 -20.3578 -15.3674 1 1 ctx-lh-middletemporal
-59.3455 -26.6002 -6.735 1 1 ctx-lh-middletemporal
-58.5038 -32.748 0.819 1 1 ctx-lh-superiortemporal
-55.6913 -38.2769 9.5845 1 1 ctx-lh-superiortemporal
-52.6761 -44.9997 17.4342 1 1 ctx-lh-superiortemporal
-49.2246 -51.167 25.1869 1 1 ctx-lh-supramarginal
-49.9224 -16.7058 -39.8154 1 1 ctx-lh-inferiortemporal
-54.8635 -22.6407 -31.5299 1 1 ctx-lh-inferiortemporal
-57.5011 -29.8778 -23.9765 1 1 ctx-lh-middletemporal
-59.0229 -34.4611 -14.5448 1 1 ctx-lh-middletemporal
-59.7628 -40.6151 -5.8972 1 1 ctx-lh-middletemporal
-57.3974 -46.4948 1.7076 1 1 ctx-lh-bankssts
-53.3561 -53.2435 10.8499 1 1 ctx-lh-bankssts
-49.481 -58.6514 17.2454 1 1 ctx-lh-bankssts
-44.2364 -61.2368 -22.8947 1 1 ctx-lh-inferiortemporal
-52.9789 -55.3239 -23.7199 1 1 ctx-lh-inferiortemporal
-58.3504 -48.0026 -20.9964 1 1 ctx-lh-inferiortemporal
-59.0229 -34.4611 -14.5448 1 1 ctx-lh-middletemporal
6.9524 21.3584 -23.9691 1 1 ctx-rh-medialorbitofrontal
-3.6846 22.6319 -23.8464 1 1 ctx-lh-medialorbitofrontal
-13.7909 23.5852 -21.1891 1 1 ctx-lh-lateralorbitofrontal
-23.4394 24.6852 -16.1124 1 1 ctx-lh-lateralorbitofrontal
-33.0985 25.9896 -12.2944 1 1 ctx-lh-lateralorbitofrontal
-41.5774 26.1321 -5.6965 1 1 ctx-lh-lateralorbitofrontal
-34.3011 -91.2664 -22.3701 1 1 ctx-lh-lateraloccipital
-41.0892 -85.2921 -15.8061 1 1 ctx-lh-lateraloccipital
-46.4974 -78.1182 -9.421 1 1 ctx-lh-lateraloccipital
-51.3266 -71.3213 -2.9055 1 1 ctx-lh-lateraloccipital
-53.3155 -62.7957 4.6259 1 1 ctx-lh-middletemporal
-53.8634 -53.3328 10.8325 1 1 ctx-lh-bankssts
-1.4972 -91.4895 15.1964 1 1 ctx-lh-lateraloccipital
-9.5704 -93.7339 19.9648 1 1 ctx-lh-lateraloccipital
-19.8204 -91.8481 22.3931 1 1 ctx-lh-lateraloccipital
-28.9758 -86.8994 24.1829 1 1 ctx-lh-inferiorparietal
-37.2004 -81.102 24.633 1 1 ctx-lh-inferiorparietal
-43.1724 -72.995 24.708 1 1 ctx-lh-inferiorparietal
-6.4123 -82.954 41.8656 1 1 outside-brain
-10.8619 -78.8956 51.472 1 1 ctx-lh-superiorparietal
-15.6805 -72.303 59.2467 1 1 outside-brain
-20.085 -64.7463 64.4065 1 1 ctx-lh-inferiorparietal
-24.1368 -55.9643 68.0946 1 1 ctx-lh-superiorparietal
-28.2109 -46.7732 69.2654 1 1 ctx-lh-superiorparietal
-31.2825 -37.1996 69.2108 1 1 ctx-lh-superiorparietal
-33.7256 -28.0595 66.8848 1 1 ctx-lh-postcentral
-24.3642 -9.6806 -43.2008 1 1 ctx-lh-fusiform
-35.0544 -10.9405 -47.3261 1 1 ctx-lh-inferiortemporal
-45.0287 -10.7138 -45.6985 1 1 ctx-lh-inferiortemporal
-51.5989 -9.6924 -36.7461 1 1 ctx-lh-middletemporal
-25.6824 2.2655 -57.1868 1 1 outside-brain
-33.54 -6.9377 -56.5296 1 1 ctx-lh-fusiform
-42.4485 -12.7332 -51.8046 1 1 ctx-lh-fusiform
-51.699 -15.0956 -43.062 1 1 ctx-lh-inferiortemporal
-40.5673 -7.8522 -38.5645 1 1 ctx-lh-inferiortemporal
-46.1365 -10.0974 -36.7997 1 1 ctx-lh-inferiortemporal
-51.711 -13.0304 -35.0283 1 1 ctx-lh-inferiortemporal
-56.4624 -15.9377 -31.9731 1 1 ctx-lh-inferiortemporal
-30.7443 -17.1779 -31.1234 1 1 Left-Hippocampus
-37.125 -18.0706 -30.6562 1 1 Left-Hippocampus
-42.9167 -19.6342 -31.5659 1 1 ctx-lh-inferiortemporal
-49.3027 -21.216 -31.0918 1 1 ctx-lh-inferiortemporal
-25.202 -43.1652 -13.8097 1 1 ctx-lh-parahippocampal
-31.0424 -39.2214 -24.1692 1 1 ctx-lh-fusiform
-39.4742 -33.2949 -31.6778 1 1 ctx-lh-fusiform
-47.7868 -26.6767 -37.8586 1 1 ctx-lh-inferiortemporal
35.4889 25.5764 -52.4172 1 1 ctx-rh-temporalpole
45.353 18.3192 -53.0522 1 1 ctx-rh-middletemporal
54.0179 9.6468 -50.9043 1 1 ctx-rh-middletemporal
60.0765 0.8893 -45.8821 1 1 ctx-rh-middletemporal
22.8677 -12.7012 -29.649 1 1 Right-Hippocampus
28.5495 -10.4523 -30.0793 1 1 Right-Hippocampus
35.0492 -8.8669 -29.2201 1 1 Right-Hippocampus
40.7324 -6.6178 -29.6505 1 1 white-matter
22.6634 -22.351 85.9092 1 1 outside-brain
30.8796 -14.5126 81.2136 1 1 ctx-rh-precentral
39.5799 -5.969 73.7909 1 1 ctx-rh-precentral
46.1454 1.1269 66.5367 1 1 ctx-rh-precentral
51.0663 8.1716 56.7157 1 1 ctx-rh-caudalmiddlefrontal
55.1551 13.8119 45.6265 1 1 ctx-rh-precentral
56.4149 20.0493 34.7344 1 1 ctx-rh-precentral
56.1192 22.795 22.6466 1 1 ctx-rh-rostralmiddlefrontal
30.2735 -31.7461 84.114 1 1 outside-brain
39.089 -23.1997 78.0257 1 1 outside-brain
47.185 -16.0535 72.003 1 1 outside-brain
51.5113 -9.029 63.5677 1 1 ctx-rh-postcentral
55.4961 -2.0147 51.1296 1 1 ctx-rh-postcentral
59.6988 3.6293 41.3745 1 1 ctx-rh-precentral
61.6622 9.2009 30.4391 1 1 ctx-rh-precentral
62.6844 14.0539 16.892 1 1 ctx-rh-precentral
45.8971 -49.1466 68.399 1 1 ctx-rh-inferiorparietal
53.6461 -39.2577 66.4013 1 1 ctx-rh-inferiorparietal
58.101 -30.1628 59.2782 1 1 ctx-rh-supramarginal
60.0892 -21.1469 48.3066 1 1 ctx-rh-supramarginal
63.0084 -12.7906 39.9581 1 1 ctx-rh-supramarginal
63.6934 -3.8165 30.4221 1 1 ctx-rh-postcentral
64.4871 4.4726 22.2287 1 1 ctx-rh-postcentral
62.3332 12.666 12.9046 1 1 ctx-rh-precentral
52.2348 -57.8943 59.9766 1 1 ctx-rh-inferiorparietal
61.4058 -47.2709 57.8692 1 1 ctx-rh-inferiorparietal
65.9744 -38.1724 52.0811 1 1 ctx-rh-inferiorparietal
66.6645 -28.51 42.5383 1 1 ctx-rh-supramarginal
66.631 -20.9366 33.0682 1 1 ctx-rh-supramarginal
67.1971 -12.6555 22.2046 1 1 ctx-rh-supramarginal
67.1686 -4.3932 12.7277 1 1 ctx-rh-postcentral
66.4366 4.535 3.2935 1 1 ctx-rh-precentral
61.1098 -60.3632 47.2818 1 1 ctx-rh-inferiorparietal
67.8039 -51.1965 41.3397 1 1 ctx-rh-inferiorparietal
67.9041 -40.8643 33.1755 1 1 ctx-rh-supramarginal
68.5989 -30.5132 23.6246 1 1 ctx-rh-supramarginal
68.9167 -21.5517 18.1433 1 1 ctx-rh-supramarginal
68.1946 -11.2455 8.6955 1 1 ctx-rh-postcentral
66.7591 -1.6514 -0.6947 1 1 ctx-rh-postcentral
63.4207 7.1929 -7.2548 1 1 ctx-rh-precentral
60.145 -67.9681 36.6881 1 1 ctx-rh-inferiorparietal
65.3084 -58.8504 29.5146 1 1 ctx-rh-inferiorparietal
66.9343 -49.158 22.5887 1 1 ctx-rh-inferiorparietal
67.6292 -38.8071 13.0379 1 1 ctx-rh-supramarginal
69.2552 -29.1148 6.1121 1 1 ctx-rh-superiortemporal
68.6468 -18.8049 -2.0013 1 1 ctx-rh-superiortemporal
68.742 -9.1621 -10.1584 1 1 ctx-rh-superiortemporal
66.7068 -0.276 -18.1562 1 1 ctx-rh-superiortemporal
29.7223 8.1774 -59.8824 1 1 ctx-rh-fusiform
40.3103 3.0097 -60.5915 1 1 ctx-rh-inferiortemporal
50.6396 -2.8559 -55.906 1 1 ctx-rh-inferiortemporal
58.3626 -8.8054 -48.3464 1 1 ctx-rh-middletemporal
28.1082 -104.8022 7.1401 1 1 ctx-rh-lateraloccipital
39.4887 -98.2395 6.2568 1 1 ctx-rh-lateraloccipital
48.7588 -89.6787 5.5057 1 1 ctx-rh-lateraloccipital
56.0268 -79.8053 6.2269 1 1 ctx-rh-lateraloccipital
63.1859 -69.2469 5.6068 1 1 ctx-rh-middletemporal
68.2297 -57.379 5.1257 1 1 ctx-rh-middletemporal
-11.0605 44.7377 -31.813 1 1 ctx-lh-lateralorbitofrontal
0.954 40.9926 -32.6388 1 1 ctx-rh-medialorbitofrontal
13.1963 37.2552 -30.7955 1 1 ctx-rh-lateralorbitofrontal
24.9673 34.8777 -26.248 1 1 ctx-rh-lateralorbitofrontal
36.7385 32.5015 -21.6995 1 1 ctx-rh-lateralorbitofrontal
47.2062 30.0843 -15.7163 1 1 ctx-rh-parstriangularis
58.4662 -74.9067 -7.4219 1 1 ctx-rh-lateraloccipital
65.0305 -64.3669 -6.6553 1 1 ctx-rh-middletemporal
69.4795 -52.5183 -5.7509 1 1 ctx-rh-middletemporal
70.391 -40.0949 -4.599 1 1 ctx-rh-middletemporal
10.7877 83.9998 -21.6931 1 1 ctx-rh-frontalpole
22.569 83.0015 -17.1597 1 1 ctx-rh-rostralmiddlefrontal
33.7448 80.606 -11.2271 1 1 ctx-rh-rostralmiddlefrontal
44.079 75.4297 -6.5471 1 1 ctx-rh-rostralmiddlefrontal
50.9647 67.3878 -0.2494 1 1 ctx-rh-rostralmiddlefrontal
54.2883 56.4767 6.3326 1 1 ctx-rh-rostralmiddlefrontal
38.4511 -67.9772 66.4372 1 1 ctx-rh-superiorparietal
45.6052 -58.1074 65.8248 1 1 ctx-rh-inferiorparietal
53.4728 -47.5261 65.1539 1 1 ctx-rh-inferiorparietal
58.3977 -36.3506 63.346 1 1 outside-brain
60.1424 -25.9657 57.7474 1 1 ctx-rh-postcentral
59.5391 -14.9681 49.627 1 1 ctx-rh-postcentral
-28.0298 -10.4529 -14.8624 1 1 Left-Amygdala
-33.0892 -12.3368 -13.6093 1 1 white-matter
-38.194 -14.7352 -11.3225 1 1 ctx-lh-insula
-42.7037 -16.6306 -10.0442 1 1 ctx-lh-superiortemporal
-47.7538 -18.033 -8.4971 1 1 ctx-lh-superiortemporal
-52.8039 -19.4363 -6.9488 1 1 ctx-lh-superiortemporal
-57.8995 -21.3535 -4.3692 1 1 ctx-lh-superiortemporal
-62.9495 -22.7558 -2.8221 1 1 ctx-lh-superiortemporal
-68.0007 -24.1595 -1.275 1 1 ctx-lh-middletemporal
-73.0509 -25.5617 0.2731 1 1 outside-brain
-78.1464 -27.48 2.853 1 1 outside-brain
-83.1966 -28.8823 4.4004 1 1 outside-brain
-31.7461 -19.2754 -11.0159 1 1 Left-Hippocampus
-36.3186 -22.6472 -9.293 1 1 Left-Hippocampus
-40.8457 -25.5043 -8.6027 1 1 white-matter
-45.9225 -28.3496 -7.9366 1 1 ctx-lh-middletemporal
-50.4403 -30.7261 -6.951 1 1 ctx-lh-middletemporal
-55.0127 -34.099 -5.2278 1 1 ctx-lh-middletemporal
-59.5398 -36.9561 -4.5376 1 1 ctx-lh-middletemporal
-64.103 -39.8475 -2.5204 1 1 ctx-lh-middletemporal
-68.6674 -42.739 -0.5034 1 1 ctx-lh-middletemporal
-73.1852 -45.1155 0.4822 1 1 outside-brain
-77.703 -47.4922 1.4667 1 1 outside-brain
-82.8171 -50.371 3.4594 1 1 outside-brain
-31.5511 -37.1563 -0.3241 1 1 Left-Hippocampus
-35.6274 -41.5368 2.1632 1 1 white-matter
-39.0631 -44.8995 2.6092 1 1 white-matter
-42.5443 -48.7763 4.0891 1 1 white-matter
-46.6125 -52.6758 6.8691 1 1 ctx-lh-bankssts
-50.5898 -55.545 7.5849 1 1 ctx-lh-middletemporal
-55.1612 -58.9172 9.3092 1 1 ctx-lh-middletemporal
-59.1839 -62.3016 11.0569 1 1 ctx-lh-middletemporal
-36.5657 -52.7553 2.0119 1 1 white-matter
-41.5891 -52.7155 4.4411 1 1 white-matter
-46.6125 -52.6758 6.8691 1 1 ctx-lh-bankssts
-51.1316 -53.1629 10.3557 1 1 ctx-lh-bankssts
-56.1549 -53.123 12.7845 1 1 ctx-lh-middletemporal
-60.6285 -53.0952 15.2382 1 1 ctx-lh-superiortemporal
-65.68 -52.6088 19.2871 1 1 ctx-lh-superiortemporal
-70.7033 -52.5689 21.7161 1 1 outside-brain
-15.2595 -50.1077 33.2064 1 1 ctx-lh-precuneus
-21.3729 -51.4521 33.378 1 1 white-matter
-26.9366 -52.8086 33.5746 1 1 white-matter
-31.9413 -53.6962 34.0895 1 1 white-matter
-37.4596 -54.5376 33.2536 1 1 ctx-lh-inferiorparietal
-43.0244 -55.8942 33.45 1 1 ctx-lh-inferiorparietal
-48.5788 -56.7698 33.9401 1 1 ctx-lh-inferiorparietal
-54.1334 -57.6454 34.4304 1 1 ctx-lh-inferiorparietal
-59.6981 -59.002 34.6268 1 1 ctx-lh-inferiorparietal
-65.2525 -59.8776 35.117 1 1 outside-brain
-70.7616 -60.2381 34.5748 1 1 outside-brain
-75.7755 -61.6067 34.796 1 1 outside-brain
-33.613 -7.6279 12.1684 1 1 ctx-lh-insula
-33.2008 -7.2964 17.792 1 1 ctx-lh-insula
-32.7792 -6.4834 23.7093 1 1 white-matter
-31.8523 -6.1979 30.684 1 1 white-matter
-31.3854 -4.87 35.5689 1 1 white-matter
-30.964 -4.0572 41.4861 1 1 ctx-lh-precentral
-30.5425 -3.2442 47.4035 1 1 ctx-lh-precentral
-30.1211 -2.4313 53.3209 1 1 ctx-lh-caudalmiddlefrontal
-12.1062 24.6119 33.0907 1 1 ctx-lh-superiorfrontal
-17.5804 26.1751 33.7236 1 1 ctx-lh-superiorfrontal
-23.0638 27.2568 34.0628 1 1 white-matter
-28.5916 27.8238 35.4344 1 1 ctx-lh-caudalmiddlefrontal
-34.0832 28.4255 35.4797 1 1 ctx-lh-caudalmiddlefrontal
-39.5667 29.5073 35.8188 1 1 ctx-lh-rostralmiddlefrontal
-45.0489 30.5892 36.1582 1 1 ctx-lh-rostralmiddlefrontal
-50.523 32.1512 36.7913 1 1 ctx-lh-rostralmiddlefrontal
-17.8914 20.3216 -3.595 1 1 Left-Caudate
-18.5067 22.6353 1.8281 1 1 Left-Caudate
-19.1766 23.9538 7.9894 1 1 Left-Caudate
-20.3415 26.2792 13.3874 1 1 white-matter
-20.4616 27.585 19.5737 1 1 white-matter
-21.6358 29.4299 24.6778 1 1 white-matter
-22.2591 31.2624 29.807 1 1 white-matter
-23.5161 32.5579 37.2698 1 1 ctx-lh-superiorfrontal
18.7538 -13.8102 -16.8727 1 1 Right-Hippocampus
23.082 -15.864 -16.5233 1 1 Right-Hippocampus
27.9516 -18.4107 -16.4424 1 1 Right-Hippocampus
32.8214 -20.9574 -16.3615 1 1 Right-Hippocampus
38.2771 -23.4822 -17.582 1 1 ctx-rh-fusiform
43.1466 -26.0289 -17.5011 1 1 ctx-rh-inferiortemporal
48.0162 -28.5756 -17.4203 1 1 ctx-rh-inferiortemporal
52.9312 -30.6074 -18.3721 1 1 ctx-rh-inferiortemporal
24.508 -24.1434 -18.7909 1 1 Right-Hippocampus
28.2223 -27.662 -18.0212 1 1 ctx-rh-parahippocampal
32.4421 -31.7068 -16.1933 1 1 ctx-rh-parahippocampal
36.1484 -35.7068 -15.7175 1 1 ctx-rh-fusiform
39.8639 -39.2253 -14.9477 1 1 ctx-rh-fusiform
44.1292 -42.7556 -14.1536 1 1 ctx-rh-fusiform
47.8354 -46.755 -13.6779 1 1 ctx-rh-inferiortemporal
52.1006 -50.2854 -12.8827 1 1 ctx-rh-inferiortemporal
56.3656 -53.816 -12.0886 1 1 ctx-rh-inferiortemporal
60.6308 -57.3464 -11.2934 1 1 ctx-rh-middletemporal
64.8871 -61.3579 -10.7934 1 1 outside-brain
68.6111 -64.3954 -9.7296 1 1 outside-brain
-15.9952 -7.21 -6.7618 1 1 Left-Pallidum
-21.1884 -8.8818 -6.4111 1 1 Left-Pallidum
-26.3504 -11.0766 -6.2991 1 1 Left-Pallidum
-31.5113 -13.2705 -6.1872 1 1 Left-Putamen
-36.6734 -15.4653 -6.0741 1 1 ctx-lh-insula
-42.4283 -16.7443 -6.7394 1 1 ctx-lh-superiortemporal
-47.5904 -18.9393 -6.6275 1 1 ctx-lh-superiortemporal
-52.7835 -20.6098 -6.2769 1 1 ctx-lh-superiortemporal
36.4951 10.0534 -10.0066 1 1 ctx-rh-insula
35.6339 11.5028 -4.6142 1 1 ctx-rh-insula
35.3874 12.4515 0.56 1 1 ctx-rh-insula
35.12 12.9852 6.7307 1 1 ctx-rh-insula
34.2915 13.9116 11.8865 1 1 ctx-rh-insula
34.0448 14.8612 17.0606 1 1 white-matter
33.1626 15.8939 23.4509 1 1 white-matter
32.3339 16.8202 28.6059 1 1 ctx-rh-caudalmiddlefrontal
32.0879 17.7698 33.7802 1 1 ctx-rh-caudalmiddlefrontal
31.2591 18.6962 38.9356 1 1 ctx-rh-caudalmiddlefrontal
30.4304 19.6226 44.091 1 1 ctx-rh-caudalmiddlefrontal
29.6016 20.5489 49.2464 1 1 ctx-rh-caudalmiddlefrontal
5.6608 11.8863 29.534 1 1 ctx-rh-caudalanteriorcingulate
10.9318 11.5724 29.467 1 1 ctx-rh-caudalanteriorcingulate
16.7968 10.3427 30.1772 1 1 white-matter
22.0678 10.0288 30.1101 1 1 white-matter
27.9204 9.7383 30.0619 1 1 white-matter
33.1914 9.4243 29.9947 1 1 ctx-rh-caudalmiddlefrontal
39.0444 9.1339 29.9465 1 1 ctx-rh-caudalmiddlefrontal
44.3154 8.82 29.8794 1 1 ctx-rh-precentral
50.1893 8.9466 28.8352 1 1 ctx-rh-precentral
55.4602 8.6326 28.7671 1 1 ctx-rh-precentral
61.2807 8.8653 28.9571 1 1 ctx-rh-precentral
67.1546 8.9909 27.9129 1 1 outside-brain
6.4589 29.419 33.9729 1 1 ctx-rh-superiorfrontal
11.1064 28.2497 35.8796 1 1 ctx-rh-superiorfrontal
16.3564 27.5187 36.8089 1 1 white-matter
21.6065 26.7888 37.738 1 1 ctx-rh-superiorfrontal
27.4591 26.4983 37.6897 1 1 ctx-rh-caudalmiddlefrontal
32.7302 26.1844 37.6226 1 1 ctx-rh-caudalmiddlefrontal
38.5505 26.4171 37.8122 1 1 ctx-rh-caudalmiddlefrontal
43.8215 26.1031 37.745 1 1 ctx-rh-caudalmiddlefrontal
2.6506 4.4868 -18.9606 1 1 outside-brain
6.8996 1.0953 -19.2578 1 1 outside-brain
11.6981 -1.7496 -19.2992 1 1 Right-Amygdala
15.9471 -5.1422 -19.5963 1 1 Right-Hippocampus
20.7664 -7.5713 -20.6344 1 1 Right-Hippocampus
25.5971 -10.9393 -20.9123 1 1 Right-Hippocampus
30.3955 -13.7854 -20.9536 1 1 Right-Hippocampus
35.1942 -16.6304 -20.995 1 1 Right-Hippocampus
21.2649 -14.0605 -25.955 1 1 ctx-rh-entorhinal
24.2867 -18.7479 -23.3019 1 1 Right-Hippocampus
26.7479 -23.0416 -21.6637 1 1 ctx-rh-parahippocampal
29.209 -27.3364 -20.0255 1 1 ctx-rh-parahippocampal
32.2196 -31.0846 -18.1301 1 1 ctx-rh-fusiform
34.6808 -35.3782 -16.492 1 1 ctx-rh-fusiform
37.724 -39.6498 -14.8355 1 1 ctx-rh-fusiform
40.1316 -43.8376 -11.9629 1 1 white-matter
26.6841 -32.5324 -9.3787 1 1 Right-Hippocampus
31.4491 -34.8553 -9.1823 1 1 Right-Hippocampus
36.2156 -37.1781 -8.9849 1 1 ctx-rh-parahippocampal
40.9814 -39.5003 -8.7886 1 1 white-matter
46.3293 -41.7995 -8.5729 1 1 white-matter
51.6447 -43.5756 -8.1184 1 1 ctx-rh-inferiortemporal
56.4105 -45.8981 -7.9221 1 1 ctx-rh-middletemporal
61.7259 -47.6744 -7.4687 1 1 ctx-rh-middletemporal
5.6231 -42.2403 32.1634 1 1 ctx-rh-isthmuscingulate
10.8409 -42.4474 33.3308 1 1 ctx-rh-isthmuscingulate
16.6737 -43.1543 34.2787 1 1 ctx-rh-precuneus
21.9114 -42.945 34.4494 1 1 white-matter
27.7318 -42.7126 34.6389 1 1 white-matter
33.5851 -43.0031 34.5907 1 1 ctx-rh-inferiorparietal
38.8561 -43.3169 34.5236 1 1 ctx-rh-inferiorparietal
44.6765 -43.0845 34.713 1 1 ctx-rh-inferiorparietal
49.9684 -42.9818 33.6495 1 1 ctx-rh-inferiorparietal
55.8214 -43.2723 33.6014 1 1 ctx-rh-supramarginal
61.0598 -43.0632 33.7719 1 1 ctx-rh-supramarginal
66.9128 -43.3536 33.7237 1 1 ctx-rh-supramarginal
4.4146 37.1939 3.0814 1 1 ctx-rh-rostralanteriorcingulate
9.5459 37.6165 5.7197 1 1 ctx-rh-rostralanteriorcingulate
14.1489 37.9095 7.1054 1 1 white-matter
19.2802 38.3311 9.745 1 1 white-matter
24.4448 38.2315 12.1455 1 1 white-matter
29.5762 38.6531 14.7851 1 1 ctx-rh-rostralmiddlefrontal
34.1582 38.5301 17.1675 1 1 ctx-rh-rostralmiddlefrontal
39.3219 38.4295 19.5681 1 1 ctx-rh-rostralmiddlefrontal
11.8121 60.0853 -2.9937 1 1 ctx-rh-medialorbitofrontal
14.0692 57.5733 1.8264 1 1 ctx-rh-medialorbitofrontal
15.7645 55.4551 5.6313 1 1 ctx-rh-medialorbitofrontal
17.4587 53.3358 9.4352 1 1 white-matter
19.7158 50.824 14.2553 1 1 ctx-rh-rostralmiddlefrontal
21.3901 48.2886 19.0559 1 1 ctx-rh-rostralmiddlefrontal
23.0855 46.1693 22.8609 1 1 ctx-rh-rostralmiddlefrontal
24.792 43.112 27.4239 1 1 ctx-rh-rostralmiddlefrontal
23.6145 19.7685 -20.0027 1 1 ctx-rh-insula
25.1144 20.7883 -14.7718 1 1 ctx-rh-lateralorbitofrontal
26.0649 21.2606 -9.7967 1 1 ctx-rh-lateralorbitofrontal
27.597 21.7573 -4.8034 1 1 ctx-rh-insula
29.1291 22.2539 0.1898 1 1 ctx-rh-insula
30.6401 22.3336 6.18 1 1 ctx-rh-insula
31.5906 22.8068 11.1539 1 1 white-matter
33.1226 23.3023 16.1473 1 1 white-matter
33.3399 -63.7376 4.9743 1 1 white-matter
38.4922 -62.8985 6.6171 1 1 ctx-rh-inferiorparietal
43.677 -62.5827 8.0222 1 1 ctx-rh-middletemporal
48.8085 -62.1602 10.6605 1 1 ctx-rh-middletemporal
53.9609 -61.3213 12.3032 1 1 ctx-rh-middletemporal
59.7278 -60.9823 13.7265 1 1 ctx-rh-inferiorparietal
64.2654 -59.6436 15.5886 1 1 outside-brain
70.0115 -59.7209 18.0086 1 1 outside-brain
21.1845 9.3996 -36.8389 1 1 ctx-rh-temporalpole
26.7803 7.3287 -48.907 1 1 ctx-rh-fusiform
48.4229 4.3184 -49.833 1 1 ctx-rh-inferiortemporal
57.9862 2.6191 -43.0349 1 1 ctx-rh-middletemporal
63.7083 0.9345 -32.8743 1 1 ctx-rh-middletemporal
16.9414 -7.7534 -19.4379 1 1 Right-Hippocampus
22.6721 -6.598 -20.0419 1 1 Right-Amygdala
28.4027 -5.4427 -20.6457 1 1 Right-Amygdala
34.6973 -4.1868 -21.1881 1 1 ctx-rh-insula
29.3513 -15.9727 -19.2914 1 1 Right-Hippocampus
34.5224 -14.2348 -21.1099 1 1 Right-Hippocampus
40.2565 -12.3977 -22.868 1 1 ctx-rh-fusiform
45.3339 -10.8097 -23.4792 1 1 white-matter
13.471 37.8892 -15.8045 1 1 white-matter
19.1087 38.8958 -15.2013 1 1 white-matter
24.7419 39.2205 -13.4439 1 1 white-matter
30.2854 40.0773 -11.6334 1 1 white-matter
4.5939 68.2092 -34.0855 1 1 ctx-rh-medialorbitofrontal
13.2831 75.2519 -32.5344 1 1 ctx-rh-lateralorbitofrontal
22.7841 77.3857 -25.3082 1 1 ctx-rh-rostralmiddlefrontal
32.0829 77.9672 -19.5079 1 1 ctx-rh-rostralmiddlefrontal
39.294 75.0332 -10.5902 1 1 ctx-rh-rostralmiddlefrontal
44.2229 68.3974 -2.2897 1 1 ctx-rh-rostralmiddlefrontal
47.55 60.9259 5.7761 1 1 ctx-rh-rostralmiddlefrontal
57.5026 72.8731 10.4568 1 1 outside-brain
53.5535 -12.5636 -38.9798 1 1 ctx-rh-inferiortemporal
60.7413 -18.1147 -31.5927 1 1 ctx-rh-inferiortemporal
67.5675 -22.2165 -22.8408 1 1 ctx-rh-inferiortemporal
70.5564 -25.619 -11.8788 1 1 ctx-rh-middletemporal
71.7608 -29.4739 0.1088 1 1 ctx-rh-middletemporal
71.0951 -32.5629 12.0202 1 1 ctx-rh-superiortemporal
71.1759 -35.9363 22.7332 1 1 ctx-rh-supramarginal
69.4723 -39.7607 34.4714 1 1 ctx-rh-supramarginal
60.3767 -4.074 -38.6578 1 1 ctx-rh-inferiortemporal
65.4223 -7.9428 -30.034 1 1 ctx-rh-middletemporal
70.2812 -12.1114 -18.9968 1 1 ctx-rh-middletemporal
71.4895 -15.2833 -8.1634 1 1 ctx-rh-middletemporal
72.1301 -19.2377 3.7626 1 1 ctx-rh-superiortemporal
72.6853 -21.9769 14.5884 1 1 ctx-rh-superiortemporal
71.452 -25.8503 27.5941 1 1 ctx-rh-supramarginal
68.7104 -30.4087 39.1589 1 1 ctx-rh-supramarginal
62.8568 10.819 -28.1336 1 1 ctx-rh-middletemporal
67.8985 6.2672 -18.3554 1 1 ctx-rh-middletemporal
70.207 -0.0029 -7.7781 1 1 ctx-rh-superiortemporal
70.3539 -6.5271 1.3514 1 1 ctx-rh-superiortemporal
70.9712 -13.0994 11.7494 1 1 ctx-rh-postcentral
71.0249 -19.7724 22.0848 1 1 ctx-rh-postcentral
69.4807 -26.599 31.0337 1 1 ctx-rh-supramarginal
66.7195 -33.0932 39.915 1 1 ctx-rh-supramarginal
60.2169 19.5716 -21.2124 1 1 ctx-rh-superiortemporal
64.7842 14.3864 -11.5473 1 1 ctx-rh-superiortemporal
67.5669 8.7487 -0.8566 1 1 ctx-rh-precentral
68.2777 2.3262 8.334 1 1 ctx-rh-precentral
67.857 -4.9814 18.5577 1 1 ctx-rh-precentral
68.6491 -13.3031 30.003 1 1 ctx-rh-postcentral
67.5559 -22.1122 37.5343 1 1 ctx-rh-supramarginal
64.5501 -24.3889 48.1035 1 1 ctx-rh-supramarginal
53.013 32.7154 -16.6532 1 1 ctx-rh-parsorbitalis
59.4349 25.5127 -10.7524 1 1 ctx-rh-parstriangularis
65.1104 18.5929 -3.6517 1 1 ctx-rh-parsopercularis
67.3995 10.3865 4.2423 1 1 ctx-rh-precentral
69.0315 1.9309 13.2819 1 1 ctx-rh-precentral
68.3233 -5.7115 20.9792 1 1 ctx-rh-postcentral
68.0039 -11.5056 27.6871 1 1 ctx-rh-postcentral
68.1703 -16.0944 39.5014 1 1 ctx-rh-supramarginal
58.2457 40.9421 -11.5728 1 1 ctx-rh-parstriangularis
62.0433 33.4214 -2.2383 1 1 ctx-rh-parstriangularis
63.6793 25.6486 5.6469 1 1 ctx-rh-parsopercularis
66.5322 17.5425 13.5999 1 1 ctx-rh-parsopercularis
68.1681 9.7699 21.4862 1 1 ctx-rh-precentral
68.0196 1.5448 30.3969 1 1 ctx-rh-precentral
66.2734 -6.8326 37.921 1 1 ctx-rh-postcentral
64.527 -15.2103 45.444 1 1 ctx-rh-supramarginal
55.8073 49.7697 5.2305 1 1 ctx-rh-parstriangularis
57.1479 40.2949 12.8971 1 1 ctx-rh-rostralmiddlefrontal
59.6198 31.7053 19.5309 1 1 ctx-rh-rostralmiddlefrontal
61.9983 22.9657 27.3719 1 1 ctx-rh-parsopercularis
63.3428 14.1741 33.8852 1 1 outside-brain
63.6493 4.6483 40.2241 1 1 ctx-rh-precentral
62.9178 -5.6124 46.391 1 1 outside-brain
62.0968 -15.3389 52.6102 1 1 ctx-rh-postcentral
48.7118 52.5185 13.5484 1 1 ctx-rh-rostralmiddlefrontal
49.4925 43.6265 20.0016 1 1 ctx-rh-rostralmiddlefrontal
52.3453 35.5216 27.9555 1 1 ctx-rh-rostralmiddlefrontal
55.2917 27.5642 34.7014 1 1 ctx-rh-caudalmiddlefrontal
56.1579 17.4571 42.2558 1 1 ctx-rh-caudalmiddlefrontal
56.9386 8.565 48.709 1 1 ctx-rh-caudalmiddlefrontal
56.6814 -1.0622 54.9885 1 1 outside-brain
55.4795 -11.2746 59.8877 1 1 ctx-rh-precentral
17.417 -98.6666 45.4586 1 1 ctx-rh-superiorparietal
27.2264 -92.7863 49.4397 1 1 ctx-rh-superiorparietal
36.296 -85.2584 52.3109 1 1 ctx-rh-inferiorparietal
44.336 -77.1003 52.7004 1 1 ctx-rh-inferiorparietal
50.51 -67.4955 51.8608 1 1 ctx-rh-inferiorparietal
57.2478 -57.7902 51.0801 1 1 ctx-rh-inferiorparietal
62.7687 -47.7529 50.2319 1 1 ctx-rh-supramarginal
66.0387 -37.4362 47.9875 1 1 ctx-rh-supramarginal
35.4782 -21.9251 -30.5203 1 1 ctx-rh-fusiform
46.9006 -24.96 -28.6405 1 1 ctx-rh-fusiform
57.9377 -29.1627 -26.9266 1 1 ctx-rh-inferiortemporal
65.8099 -31.1645 -20.3101 1 1 ctx-rh-inferiortemporal
32.6104 -99.9232 -18.656 1 1 ctx-rh-lateraloccipital
41.8635 -92.7794 -17.0447 1 1 ctx-rh-lateraloccipital
49.0636 -84.4867 -14.2484 1 1 ctx-rh-lateraloccipital
55.4239 -76.0598 -9.0474 1 1 ctx-rh-lateraloccipital
61.788 -66.9504 -4.9996 1 1 ctx-rh-inferiortemporal
65.7145 -57.8595 0.0663 1 1 ctx-rh-middletemporal
12.9023 -38.2236 90.099 1 1 outside-brain
23.6872 -38.0975 87.3535 1 1 outside-brain
33.4498 -35.9772 79.8176 1 1 ctx-rh-superiorparietal
43.0296 -33.4726 73.5411 1 1 outside-brain
51.9603 -29.8532 66.1026 1 1 outside-brain
59.1104 -26.0025 58.5356 1 1 ctx-rh-postcentral
65.6114 -21.0369 49.8061 1 1 ctx-rh-supramarginal
66.8408 -17.8463 37.9548 1 1 ctx-rh-supramarginal
-15.3461 -8.2244 -18.7271 1 1 Left-Amygdala
-20.6692 -8.1522 -20.3996 1 1 Left-Amygdala
-25.8987 -7.0477 -22.259 1 1 Left-Amygdala
-31.1756 -6.4588 -24.0244 1 1 Left-Amygdala
-36.4513 -5.8699 -25.7896 1 1 ctx-lh-fusiform
-41.7782 -5.0674 -26.2725 1 1 white-matter
-47.0077 -3.9617 -28.1306 1 1 ctx-lh-middletemporal
-52.2845 -3.3729 -29.8973 1 1 ctx-lh-middletemporal
-57.5641 -2.0546 -30.4716 1 1 ctx-lh-middletemporal
-62.2573 -0.9766 -32.2912 1 1 outside-brain
-68.1205 -0.1464 -32.8125 1 1 outside-brain
-72.86 0.4137 -34.5391 1 1 outside-brain
-17.7117 -23.3732 -17.3961 1 1 Left-Hippocampus
-22.9423 -22.2674 -19.2543 1 1 Left-Hippocampus
-28.2219 -20.9481 -19.8287 1 1 Left-Hippocampus
-33.5024 -19.6289 -20.4044 1 1 Left-Hippocampus
-38.1946 -18.552 -22.2239 1 1 ctx-lh-fusiform
-43.4752 -17.2327 -22.7995 1 1 white-matter
-48.8011 -16.4314 -23.2809 1 1 ctx-lh-middletemporal
-54.0317 -15.3255 -25.1392 1 1 ctx-lh-inferiortemporal
-59.3575 -14.5232 -25.6219 1 1 ctx-lh-middletemporal
-64.6343 -13.9343 -27.3873 1 1 ctx-lh-middletemporal
-69.9601 -13.1319 -27.87 1 1 outside-brain
-75.2408 -11.8136 -28.4443 1 1 outside-brain
-24.5657 -29.747 -10.0126 1 1 Left-Hippocampus
-29.9378 -29.4615 -10.4011 1 1 Left-Hippocampus
-35.2599 -29.3906 -12.0747 1 1 Left-Hippocampus
-40.5831 -29.3184 -13.7472 1 1 Left-Hippocampus
-45.955 -29.033 -14.1369 1 1 ctx-lh-inferiortemporal
-51.8156 -28.933 -15.8481 1 1 ctx-lh-inferiortemporal
-57.234 -29.1654 -16.1448 1 1 ctx-lh-middletemporal
-62.5572 -29.0933 -17.8173 1 1 ctx-lh-middletemporal
-67.9292 -28.8077 -18.2071 1 1 ctx-lh-middletemporal
-73.3024 -28.5233 -18.597 1 1 outside-brain
-79.208 -28.9392 -20.2151 1 1 outside-brain
-84.5801 -28.6547 -20.6048 1 1 outside-brain
-32.8011 -42.7321 -17.4083 1 1 ctx-lh-fusiform
-36.4018 -45.236 -14.5166 1 1 ctx-lh-fusiform
-39.5614 -48.0721 -10.2106 1 1 white-matter
-42.6711 -51.1215 -7.1872 1 1 ctx-lh-fusiform
-46.3681 -53.9291 -2.92 1 1 ctx-lh-inferiortemporal
-49.4789 -56.9784 0.1032 1 1 ctx-lh-inferiortemporal
-53.1295 -59.269 4.2775 1 1 ctx-lh-lateraloccipital
-56.2392 -62.3183 7.301 1 1 ctx-lh-lateraloccipital
-59.9361 -65.1259 11.5681 1 1 ctx-lh-lateraloccipital
-63.0006 -67.6582 14.4986 1 1 outside-brain
-66.6976 -70.4659 18.7658 1 1 outside-brain
-69.761 -72.9982 21.6962 1 1 outside-brain
-34.6196 -11.2824 13.7918 1 1 ctx-lh-insula
-40.043 -10.7842 14.6871 1 1 ctx-lh-insula
-45.4651 -10.2852 15.5812 1 1 ctx-lh-postcentral
-50.3963 -10.3317 16.6082 1 1 ctx-lh-postcentral
-55.8658 -10.3506 17.5951 1 1 ctx-lh-postcentral
-61.288 -9.8526 18.4892 1 1 ctx-lh-postcentral
-67.2938 -9.8426 19.4375 1 1 ctx-lh-postcentral
-72.226 -9.8891 20.4645 1 1 outside-brain
-77.6944 -9.9079 21.4516 1 1 outside-brain
-82.6257 -9.9546 22.4786 1 1 outside-brain
-88.6314 -9.9445 23.4269 1 1 outside-brain
-93.6098 -10.5079 24.5455 1 1 outside-brain
-33.7611 2.6668 -2.0014 1 1 Left-Putamen
-39.2306 2.648 -1.0145 1 1 ctx-lh-insula
-44.1079 1.6574 -2.4622 1 1 ctx-lh-insula
-50.0636 1.4539 -2.7978 1 1 ctx-lh-superiortemporal
-54.8957 0.9803 -4.3386 1 1 ctx-lh-superiortemporal
-60.3103 0.0186 -5.8264 1 1 ctx-lh-middletemporal
-65.726 -0.9441 -7.3129 1 1 ctx-lh-middletemporal
-71.1406 -1.9058 -8.8007 1 1 outside-brain
-76.5563 -2.8684 -10.2873 1 1 outside-brain
-81.4336 -3.8591 -11.7363 1 1 outside-brain
-86.312 -4.8496 -13.1842 1 1 outside-brain
-91.6765 -6.0259 -15.9558 1 1 outside-brain
-1.7818 32.4059 22.3463 1 1 ctx-lh-rostralanteriorcingulate
-6.7142 32.3582 23.3733 1 1 ctx-lh-rostralanteriorcingulate
-12.7662 31.8515 24.4146 1 1 ctx-lh-superiorfrontal
-17.7435 31.2879 25.5332 1 1 white-matter
-23.7967 30.7812 26.5743 1 1 white-matter
-28.728 30.7336 27.6014 1 1 ctx-lh-rostralmiddlefrontal
-34.2426 30.1989 28.6814 1 1 ctx-lh-rostralmiddlefrontal
-39.711 30.18 29.6684 1 1 ctx-lh-rostralmiddlefrontal
-45.1807 30.1614 30.6566 1 1 ctx-lh-parstriangularis
-50.6954 29.6267 31.7365 1 1 ctx-lh-parstriangularis
-56.7012 29.6368 32.6849 1 1 outside-brain
-61.6786 29.0722 33.8049 1 1 outside-brain
-4.5947 -1.0652 45.6133 1 1 ctx-lh-caudalanteriorcingulate
-10.1056 -2.3313 45.5026 1 1 ctx-lh-superiorfrontal
-15.5714 -3.0805 45.2992 1 1 white-matter
-21.1286 -4.8624 45.2814 1 1 white-matter
-26.5933 -5.6116 45.0779 1 1 white-matter
-31.568 -6.9053 45.0061 1 1 white-matter
-37.0327 -7.6546 44.8026 1 1 ctx-lh-precentral
-42.5436 -8.9207 44.6921 1 1 ctx-lh-precentral
-48.1058 -9.9732 45.8651 1 1 ctx-lh-postcentral
-53.6166 -11.2381 45.7545 1 1 ctx-lh-postcentral
-59.0813 -11.9873 45.551 1 1 ctx-lh-postcentral
-64.5935 -13.2534 45.4403 1 1 outside-brain
-2.9105 -35.1435 44.0726 1 1 ctx-lh-posteriorcingulate
-8.3249 -36.1053 42.5848 1 1 ctx-lh-posteriorcingulate
-13.2033 -37.0961 41.137 1 1 ctx-lh-posteriorcingulate
-18.668 -37.845 40.933 1 1 white-matter
-24.0838 -38.807 39.4464 1 1 white-matter
-29.5021 -39.039 39.1497 1 1 ctx-lh-superiorparietal
-34.9668 -39.7878 38.9457 1 1 ctx-lh-supramarginal
-40.3863 -40.0196 38.6501 1 1 white-matter
-45.8008 -40.9819 37.1623 1 1 ctx-lh-supramarginal
-51.2656 -41.7306 36.9597 1 1 ctx-lh-supramarginal
-56.7313 -42.4793 36.7557 1 1 ctx-lh-supramarginal
-62.1921 -43.9586 35.3609 1 1 ctx-lh-supramarginal
-12.1237 59.8065 -7.2505 1 1 ctx-lh-lateralorbitofrontal
-13.0953 58.8345 -0.4994 1 1 ctx-lh-medialorbitofrontal
-14.1095 56.6153 5.1537 1 1 ctx-lh-medialorbitofrontal
-15.0323 55.4288 10.6208 1 1 ctx-lh-rostralmiddlefrontal
-15.5592 53.3942 17.5966 1 1 ctx-lh-rostralmiddlefrontal
-17.0181 52.2365 23.0251 1 1 ctx-lh-rostralmiddlefrontal
-17.9909 51.2646 29.7761 1 1 ctx-lh-rostralmiddlefrontal
-18.9587 49.5623 35.3362 1 1 ctx-lh-superiorfrontal
-20.469 48.6183 42.049 1 1 ctx-lh-superiorfrontal
-21.9742 46.9437 47.5705 1 1 ctx-lh-superiorfrontal
-23.4795 45.2692 53.092 1 1 ctx-lh-rostralmiddlefrontal
-24.9895 44.3262 59.804 1 1 outside-brain
22.7915 -18.5447 -7.7954 1 1 Right-Hippocampus
28.3524 -17.4921 -8.9683 1 1 Right-Hippocampus
33.4265 -16.6243 -11.465 1 1 Right-Hippocampus
38.4967 -15.0271 -12.7696 1 1 Right-Hippocampus
43.5706 -14.1593 -15.265 1 1 ctx-rh-superiortemporal
49.1318 -13.1067 -16.4379 1 1 ctx-rh-middletemporal
54.156 -12.0264 -17.6507 1 1 ctx-rh-middletemporal
59.2262 -10.4282 -18.9553 1 1 ctx-rh-middletemporal
64.25 -9.3479 -20.1668 1 1 ctx-rh-middletemporal
69.3241 -8.48 -22.6624 1 1 outside-brain
74.8854 -7.4276 -23.8365 1 1 outside-brain
79.9093 -6.3472 -25.0481 1 1 outside-brain
29.0993 -30.1939 -1.2644 1 1 Right-Hippocampus
34.5217 -30.693 -2.1584 1 1 Right-Hippocampus
39.9942 -31.4046 -4.3363 1 1 white-matter
45.4168 -31.9027 -5.2317 1 1 white-matter
50.9355 -32.0984 -7.5026 1 1 white-matter
55.8208 -32.5686 -8.4353 1 1 ctx-rh-middletemporal
61.2433 -33.0667 -9.3307 1 1 ctx-rh-middletemporal
66.7121 -33.0479 -10.3178 1 1 ctx-rh-inferiortemporal
72.1845 -33.7605 -12.4957 1 1 outside-brain
77.607 -34.2585 -13.3898 1 1 outside-brain
82.4923 -34.7288 -14.3239 1 1 outside-brain
87.9148 -35.2279 -15.218 1 1 outside-brain
32.4024 2.3845 6.1728 1 1 Right-Putamen
36.2946 5.1968 8.5482 1 1 ctx-rh-parsopercularis
40.1829 8.7385 12.1147 1 1 ctx-rh-parsopercularis
44.075 11.551 14.4901 1 1 ctx-rh-parsopercularis
47.9171 14.5769 18.1494 1 1 ctx-rh-parsopercularis
51.8091 17.3883 20.5262 1 1 ctx-rh-parsopercularis
56.1884 20.3853 24.2242 1 1 ctx-rh-parsopercularis
60.6179 23.1688 26.6384 1 1 outside-brain
64.5099 25.9812 29.0138 1 1 outside-brain
68.352 29.006 32.6731 1 1 outside-brain
71.6606 31.3305 35.1027 1 1 outside-brain
76.04 34.3275 38.8008 1 1 outside-brain
-16.234 -11.3593 -20.6698 1 1 Left-Hippocampus
-21.5468 -10.5524 -20.6439 1 1 Left-Hippocampus
-27.5843 -10.2742 -20.8071 1 1 Left-Hippocampus
-32.7523 -10.0095 -19.7417 1 1 Left-Amygdala
-38.0651 -9.2025 -19.7158 1 1 white-matter
-43.3777 -8.3967 -19.691 1 1 white-matter
-49.4153 -8.1174 -19.8532 1 1 ctx-lh-middletemporal
-54.5833 -7.8527 -18.7878 1 1 ctx-lh-middletemporal
-15.5671 -17.4825 -18.8975 1 1 Left-Hippocampus
-20.8786 -16.6765 -18.8716 1 1 Left-Hippocampus
-26.8376 -15.8372 -18.7128 1 1 Left-Hippocampus
-32.1503 -15.0302 -18.6869 1 1 Left-Hippocampus
-37.3183 -14.7656 -17.6228 1 1 Left-Hippocampus
-43.2762 -13.9263 -17.464 1 1 white-matter
-48.589 -13.1193 -17.4382 1 1 ctx-lh-superiortemporal
-54.4032 -12.8222 -16.24 1 1 ctx-lh-middletemporal
-23.9747 -29.7039 -9.4646 1 1 Left-Hippocampus
-30.0271 -31.0881 -9.2313 1 1 Left-Hippocampus
-34.6432 -33.0795 -8.2252 1 1 Left-Hippocampus
-40.0492 -34.4962 -8.1258 1 1 white-matter
-45.3117 -36.455 -6.9857 1 1 white-matter
-50.7177 -37.8717 -6.8865 1 1 ctx-lh-inferiortemporal
-55.9803 -39.8294 -5.7465 1 1 ctx-lh-bankssts
-61.1619 -41.2284 -4.2868 1 1 ctx-lh-bankssts
-24.9035 -56.4528 -11.4262 1 1 ctx-lh-fusiform
-30.6136 -58.4487 -13.0079 1 1 ctx-lh-fusiform
-35.3733 -59.8984 -13.0401 1 1 ctx-lh-fusiform
-41.0037 -61.334 -14.3011 1 1 ctx-lh-fusiform
-46.4108 -62.7507 -14.2005 1 1 ctx-lh-fusiform
-51.5924 -64.1486 -12.7397 1 1 ctx-lh-inferiortemporal
-56.9199 -65.0049 -12.3183 1 1 ctx-lh-inferiortemporal
-62.6693 -65.8093 -10.4027 1 1 outside-brain
-42.2075 -56.9791 30.171 1 1 ctx-lh-inferiorparietal
-48.245 -56.6999 30.0082 1 1 ctx-lh-inferiorparietal
-53.5577 -55.8935 30.0341 1 1 ctx-lh-supramarginal
-58.9501 -55.6475 29.7384 1 1 ctx-lh-supramarginal
-64.8293 -54.2476 30.2189 1 1 ctx-lh-supramarginal
-70.076 -54.5434 30.962 1 1 outside-brain
-76.0349 -53.7038 31.121 1 1 outside-brain
-80.7013 -52.9305 31.0136 1 1 outside-brain
-31.0825 7.6474 1.64 1 1 Left-Putamen
-31.3196 8.91 7.9917 1 1 ctx-lh-insula
-31.6362 9.6115 14.0206 1 1 ctx-lh-insula
-31.9529 10.313 20.05 1 1 white-matter
-31.6893 12.0833 25.229 1 1 white-matter
-31.3598 12.7523 31.1251 1 1 white-matter
-31.5968 14.0138 37.4761 1 1 ctx-lh-caudalmiddlefrontal
-31.9135 14.7153 43.5054 1 1 ctx-lh-caudalmiddlefrontal
-4.936 32.9024 14.947 1 1 ctx-lh-rostralanteriorcingulate
-10.9735 33.1817 14.7844 1 1 ctx-lh-rostralanteriorcingulate
-16.3659 33.4274 14.4887 1 1 white-matter
-22.4035 33.7068 14.326 1 1 white-matter
-27.6512 33.4102 15.0694 1 1 white-matter
-33.0425 33.6572 14.7735 1 1 white-matter
-39.1609 33.3753 14.2895 1 1 ctx-lh-rostralmiddlefrontal
-43.9855 33.0276 13.5391 1 1 ctx-lh-parstriangularis
-1.5027 16.0832 -8.2177 1 1 ctx-lh-rostralanteriorcingulate
-3.3216 18.4952 -3.678 1 1 ctx-lh-rostralanteriorcingulate
-5.8652 20.3795 0.6723 1 1 Left-Caudate
-8.9106 21.755 6.1948 1 1 Left-Caudate
18.0338 -6.8438 -21.2 1 1 Right-Amygdala
23.3614 -5.9883 -21.6213 1 1 Right-Amygdala
28.608 -5.6919 -22.3648 1 1 Right-Amygdala
34.4371 -4.3276 -23.9583 1 1 white-matter
39.7637 -3.4711 -24.3809 1 1 white-matter
45.0257 -1.5122 -25.5197 1 1 ctx-rh-middletemporal
50.3528 -0.6566 -25.941 1 1 ctx-rh-middletemporal
56.1812 0.7088 -27.5346 1 1 ctx-rh-middletemporal
23.6528 -21.0037 -19.5519 1 1 Right-Hippocampus
28.9803 -20.1481 -19.9732 1 1 Right-Hippocampus
34.162 -18.7493 -21.4341 1 1 Right-Hippocampus
40.1353 -17.9262 -21.9895 1 1 ctx-rh-fusiform
45.4624 -17.0707 -22.4107 1 1 ctx-rh-inferiortemporal
50.6448 -15.6719 -23.8717 1 1 ctx-rh-inferiortemporal
55.8924 -15.3766 -24.615 1 1 ctx-rh-middletemporal
61.2193 -14.5199 -25.0364 1 1 ctx-rh-middletemporal
26.2384 -35.3613 -7.771 1 1 Right-Hippocampus
31.0347 -38.3395 -6.2293 1 1 ctx-rh-parahippocampal
35.1848 -41.2839 -4.5537 1 1 ctx-rh-fusiform
39.2563 -44.789 -3.2001 1 1 white-matter
43.4069 -47.7337 -1.5245 1 1 ctx-rh-inferiortemporal
47.4778 -51.2389 -0.1709 1 1 ctx-rh-inferiortemporal
51.549 -54.744 1.1827 1 1 ctx-rh-inferiortemporal
56.2661 -58.2824 2.4024 1 1 ctx-rh-inferiortemporal
33.7482 -60.7879 -7.6436 1 1 ctx-rh-fusiform
37.8983 -63.7327 -5.9691 1 1 ctx-rh-fusiform
42.1933 -67.2192 -3.2552 1 1 ctx-rh-fusiform
46.3438 -70.1639 -1.5796 1 1 ctx-rh-lateraloccipital
50.0723 -73.0567 1.589 1 1 ctx-rh-lateraloccipital
54.7894 -76.5949 2.8099 1 1 ctx-rh-lateraloccipital
58.5179 -79.4878 5.9786 1 1 outside-brain
62.6684 -82.4326 7.653 1 1 outside-brain
31.7612 -46.4427 33.225 1 1 ctx-rh-inferiorparietal
36.9292 -46.7074 32.1602 1 1 ctx-rh-inferiorparietal
42.9672 -46.9864 32.3228 1 1 white-matter
48.2147 -46.6907 31.5797 1 1 ctx-rh-inferiorparietal
53.4622 -46.3949 30.8365 1 1 ctx-rh-supramarginal
59.2762 -46.6926 29.6386 1 1 ctx-rh-supramarginal
64.5237 -46.3969 28.8955 1 1 ctx-rh-supramarginal
70.9837 -46.7279 27.5646 1 1 outside-brain
26.5897 -3.5027 -2.6504 1 1 Right-Pallidum
26.9989 -2.2736 3.5674 1 1 Right-Putamen
27.3274 -1.6046 9.4637 1 1 Right-Putamen
27.0905 -0.343 15.8147 1 1 Right-Putamen
27.2754 0.8673 20.672 1 1 white-matter
27.6836 2.0964 26.8898 1 1 white-matter
28.0132 2.7643 32.7861 1 1 white-matter
28.3416 3.4334 38.6824 1 1 ctx-rh-precentral
10.3886 14.3144 -12.7497 1 1 ctx-rh-medialorbitofrontal
12.6695 16.5465 -7.6486 1 1 Right-Accumbens-area
14.8719 18.2185 -2.8684 1 1 Right-Caudate
17.0094 20.9918 1.1933 1 1 Right-Caudate
19.9367 23.1903 6.1612 1 1 Right-Caudate
22.2187 25.4225 11.2623 1 1 white-matter
24.4996 27.6545 16.3636 1 1 white-matter
27.2038 29.8343 19.9712 1 1 white-matter
9.738 30.9316 7.0286 1 1 white-matter
14.9858 31.2271 6.2854 1 1 white-matter
20.9584 32.0502 5.7307 1 1 white-matter
26.3508 31.8044 6.0262 1 1 white-matter
31.5975 32.0997 5.2832 1 1 ctx-rh-lateralorbitofrontal
37.7152 32.3816 5.7672 1 1 ctx-rh-parstriangularis
42.9628 32.6771 5.024 1 1 ctx-rh-parstriangularis
49.0007 32.3977 5.1867 1 1 ctx-rh-parstriangularis
10.5412 69.0892 14.5239 1 1 ctx-rh-superiorfrontal
16.3129 62.9657 21.4865 1 1 ctx-rh-rostralmiddlefrontal
22.5346 57.2299 28.6479 1 1 ctx-rh-rostralmiddlefrontal
27.5259 50.5441 34.116 1 1 ctx-rh-superiorfrontal
32.9427 42.5757 39.1924 1 1 ctx-rh-rostralmiddlefrontal
37.019 33.8609 43.8185 1 1 ctx-rh-caudalmiddlefrontal
18.0763 -0.4772 -37.4646 1 1 ctx-rh-fusiform
27.0441 -2.4661 -42.8664 1 1 ctx-rh-inferiortemporal
37.7947 -2.9568 -42.7377 1 1 ctx-rh-inferiortemporal
47.0878 -3.6291 -36.9332 1 1 ctx-rh-middletemporal
17.2491 -15.9737 -18.0775 1 1 Right-Hippocampus
23.0149 -15.9386 -17.2665 1 1 Right-Hippocampus
28.3374 -15.8731 -16.5057 1 1 Right-Hippocampus
33.5442 -16.0231 -14.6491 1 1 Right-Hippocampus
33.8524 -10.1637 -14.9192 1 1 Right-Hippocampus
39.2921 -9.8829 -15.2555 1 1 ctx-rh-insula
44.2828 -9.9908 -15.7904 1 1 ctx-rh-superiortemporal
49.8391 -9.4959 -17.2237 1 1 ctx-rh-middletemporal
25.2889 -18.4851 -9.528 1 1 Right-Hippocampus
31.1769 -17.8167 -9.6655 1 1 Right-Hippocampus
36.6166 -17.537 -10.0018 1 1 Right-Hippocampus
42.0562 -17.2573 -10.3379 1 1 ctx-rh-superiortemporal
30.143 -49.1309 -0.6333 1 1 white-matter
35.2735 -47.3533 -1.6736 1 1 white-matter
40.2874 -45.7907 -1.6168 1 1 white-matter
45.2954 -44.6458 -1.7086 1 1 ctx-rh-middletemporal
19.6818 -42.4718 8.5835 1 1 white-matter
24.4283 -43.8459 9.9455 1 1 white-matter
29.7333 -45.0339 10.2631 1 1 white-matter
34.9167 -46.855 11.528 1 1 white-matter
46.7614 -3.3845 -38.0805 1 1 ctx-rh-middletemporal
51.5022 -11.7534 -30.8628 1 1 ctx-rh-inferiortemporal
55.479 -19.4309 -24.6963 1 1 ctx-rh-inferiortemporal
58.5639 -27.4666 -18.779 1 1 ctx-rh-middletemporal
61.6661 -34.2497 -12.4183 1 1 ctx-rh-inferiortemporal
60.5356 -42.034 -4.6199 1 1 ctx-rh-inferiortemporal
57.6441 -48.8653 3.2711 1 1 ctx-rh-middletemporal
53.8781 -54.8024 11.3551 1 1 ctx-rh-inferiorparietal
51.5991 2.7057 -29.3225 1 1 ctx-rh-middletemporal
55.6925 -4.7563 -24.252 1 1 ctx-rh-middletemporal
60.1125 -12.4629 -18.0341 1 1 ctx-rh-middletemporal
62.2119 -19.4029 -10.6792 1 1 ctx-rh-middletemporal
63.8509 -27.5663 -3.8178 1 1 ctx-rh-middletemporal
62.8485 -34.2999 3.1794 1 1 ctx-rh-middletemporal
60.4001 -41.1602 11.1219 1 1 ctx-rh-superiortemporal
57.5145 -47.5738 19.1602 1 1 ctx-rh-inferiorparietal
43.109 12.9684 -34.0149 1 1 ctx-rh-superiortemporal
49.3359 7.6494 -26.7048 1 1 ctx-rh-middletemporal
54.5542 1.7576 -18.5492 1 1 ctx-rh-middletemporal
59.3295 -4.105 -10.4438 1 1 ctx-rh-middletemporal
62.2099 -10.484 -1.5944 1 1 ctx-rh-superiortemporal
62.9915 -16.4995 5.9045 1 1 ctx-rh-superiortemporal
62.8753 -23.2924 13.0046 1 1 ctx-rh-superiortemporal
60.8701 -30.1818 20.9972 1 1 ctx-rh-superiortemporal
43.0955 21.0514 -25.2258 1 1 ctx-rh-superiortemporal
49.8879 16.3365 -18.8141 1 1 ctx-rh-superiortemporal
54.6575 10.0559 -10.8572 1 1 ctx-rh-superiortemporal
58.1034 4.2821 -2.9049 1 1 ctx-rh-superiortemporal
60.0976 -2.0374 5.8428 1 1 ctx-rh-precentral
60.4303 -8.4417 13.1417 1 1 ctx-rh-postcentral
59.3171 -14.9727 21.3846 1 1 ctx-rh-supramarginal
57.8772 -21.2589 28.4801 1 1 ctx-rh-supramarginal
47.6628 33.9046 -1.0477 1 1 ctx-rh-parstriangularis
50.4153 25.6954 3.574 1 1 ctx-rh-parstriangularis
53.0458 16.853 9.144 1 1 ctx-rh-parsopercularis
57.122 8.1383 13.7701 1 1 ctx-rh-precentral
59.3093 -0.6751 19.2889 1 1 ctx-rh-postcentral
60.2723 -10.0192 23.2615 1 1 ctx-rh-postcentral
59.3636 -18.2091 28.5713 1 1 ctx-rh-supramarginal
58.9973 -27.4654 32.392 1 1 ctx-rh-supramarginal
47.387 39.4695 9.195 1 1 ctx-rh-parstriangularis
51.0261 31.2019 13.9183 1 1 ctx-rh-rostralmiddlefrontal
53.2075 21.9718 19.2895 1 1 ctx-rh-rostralmiddlefrontal
55.5171 13.7918 23.8598 1 1 ctx-rh-precentral
56.8123 4.62 29.1282 1 1 ctx-rh-precentral
57.7813 -4.3071 33.2495 1 1 ctx-rh-postcentral
56.412 -13.7204 38.0646 1 1 ctx-rh-postcentral
54.728 -22.0535 42.027 1 1 ctx-rh-supramarginal
41.6075 41.7218 28.205 1 1 ctx-rh-rostralmiddlefrontal
46.2263 31.9396 31.3422 1 1 ctx-rh-rostralmiddlefrontal
49.9646 22.6336 34.5252 1 1 ctx-rh-caudalmiddlefrontal
52.9333 13.6014 36.5095 1 1 ctx-rh-precentral
56.2229 3.9065 39.4927 1 1 ctx-rh-precentral
57.9618 -6.0744 39.7835 1 1 ctx-rh-postcentral
57.3626 -16.5427 40.7672 1 1 ctx-rh-supramarginal
56.7578 -27.4278 41.6034 1 1 ctx-rh-supramarginal
36.7267 43.1885 37.5546 1 1 ctx-rh-rostralmiddlefrontal
40.9024 33.4354 40.6405 1 1 ctx-rh-caudalmiddlefrontal
43.7544 24.1889 43.7218 1 1 ctx-rh-caudalmiddlefrontal
48.379 14.8234 47.0064 1 1 ctx-rh-caudalmiddlefrontal
51.3419 5.3742 48.8422 1 1 ctx-rh-precentral
53.2964 -4.6497 51.5254 1 1 ctx-rh-precentral
53.7001 -14.9611 51.5149 1 1 ctx-rh-postcentral
52.7689 -25.6017 51.2032 1 1 ctx-rh-supramarginal
25.54 -6.7699 -43.402 1 1 ctx-rh-inferiortemporal
35.2423 -10.7588 -43.4625 1 1 ctx-rh-inferiortemporal
45.5095 -13.3625 -39.3915 1 1 ctx-rh-inferiortemporal
51.5022 -11.7534 -30.8628 1 1 ctx-rh-inferiortemporal
7.5162 -67.8904 24.0937 1 1 ctx-rh-precuneus
11.576 -78.6392 23.2477 1 1 ctx-rh-cuneus
17.5596 -86.7845 22.3956 1 1 ctx-rh-superiorparietal
27.1687 -90.098 18.9936 1 1 ctx-rh-superiorparietal
36.9688 -87.7663 16.4185 1 1 ctx-rh-lateraloccipital
44.3785 -82.3218 12.2309 1 1 ctx-rh-lateraloccipital
11.9531 37.9735 -24.7687 1 1 ctx-rh-lateralorbitofrontal
20.4069 40.7022 -17.8812 1 1 ctx-rh-lateralorbitofrontal
29.9732 43.384 -13.2345 1 1 ctx-rh-lateralorbitofrontal
39.4233 45.8506 -7.4897 1 1 ctx-rh-parsorbitalis
45.4102 47.0427 0.8904 1 1 ctx-rh-parstriangularis
46.0275 45.6084 12.3576 1 1 ctx-rh-rostralmiddlefrontal
4.2084 -51.3104 24.7222 1 1 ctx-rh-precuneus
5.8478 -59.4737 31.5824 1 1 ctx-rh-precuneus
8.3785 -67.2779 38.6927 1 1 ctx-rh-precuneus
12.8209 -73.3139 45.5023 1 1 ctx-rh-superiorparietal
21.2107 -75.1803 50.7619 1 1 ctx-rh-superiorparietal
31.023 -71.2326 53.5116 1 1 outside-brain
39.429 -65.2687 53.2113 1 1 outside-brain
45.3222 -56.8246 52.2483 1 1 ctx-rh-superiorparietal
12.7259 -28.9396 -14.9511 1 1 outside-brain
22.5806 -30.9878 -20.2499 1 1 ctx-rh-parahippocampal
32.6495 -33.0771 -23.1572 1 1 ctx-rh-fusiform
43.9545 -33.7996 -24.2227 1 1 ctx-rh-inferiortemporal
-34.4854 58.0676 11.0445 1 1 ctx-lh-rostralmiddlefrontal
-41.7463 49.778 8.9953 1 1 ctx-lh-rostralmiddlefrontal
-47.3598 40.431 8.0017 1 1 ctx-lh-rostralmiddlefrontal
-51.8415 30.6196 6.9749 1 1 ctx-lh-parstriangularis
-53.3786 20.1025 3.6048 1 1 ctx-lh-parstriangularis
-56.1128 9.9526 1.4252 1 1 ctx-lh-parsopercularis
-28.6909 8.9286 -38.6098 1 1 ctx-lh-temporalpole
-37.621 3.367 -42.563 1 1 ctx-lh-fusiform
-45.0736 -4.068 -42.0915 1 1 ctx-lh-inferiortemporal
-51.0707 -11.7035 -38.043 1 1 ctx-lh-inferiortemporal
-11.8338 -12.6475 -17.2526 1 1 Left-Hippocampus
-17.3465 -14.0931 -16.6577 1 1 Left-Hippocampus
-22.8601 -15.5397 -16.0626 1 1 Left-Hippocampus
-28.3073 -16.888 -16.6251 1 1 Left-Hippocampus
-33.2987 -17.78 -15.8911 1 1 Left-Hippocampus
-39.3635 -19.2549 -15.3312 1 1 ctx-lh-fusiform
-23.4868 -25.1411 -16.84 1 1 Left-Hippocampus
-29.0902 -25.0134 -15.9352 1 1 Left-Hippocampus
-34.1125 -25.3803 -15.097 1 1 Left-Hippocampus
-40.1705 -25.7086 -15.4876 1 1 ctx-lh-fusiform
-45.7439 -26.106 -14.6856 1 1 white-matter
-50.7664 -26.472 -13.8488 1 1 ctx-lh-middletemporal
-9.3986 -57.4891 3.3895 1 1 ctx-lh-isthmuscingulate
-16.7376 -55.6538 -4.8943 1 1 ctx-lh-lingual
-25.2373 -52.829 -13.0435 1 1 ctx-lh-fusiform
-34.4855 -50.3256 -17.7566 1 1 ctx-lh-fusiform
-21.1452 -23.7403 80.3206 1 1 outside-brain
-30.3027 -22.8106 75.2966 1 1 outside-brain
-39.917 -22.3393 68.9768 1 1 ctx-lh-precentral
-48.3628 -21.7097 61.5709 1 1 ctx-lh-postcentral
-56.5858 -22.461 51.5405 1 1 ctx-lh-postcentral
-61.4394 -22.9356 40.566 1 1 ctx-lh-supramarginal
-64.1922 -24.0092 31.9446 1 1 ctx-lh-supramarginal
-65.0945 -24.7009 19.9581 1 1 ctx-lh-postcentral
-16.178 -13.9959 82.5393 1 1 outside-brain
-25.851 -12.4741 76.4264 1 1 outside-brain
-34.8775 -11.3509 69.0887 1 1 ctx-lh-precentral
-43.3232 -10.7224 61.6828 1 1 ctx-lh-precentral
-50.5716 -10.4609 53.0871 1 1 ctx-lh-postcentral
-57.1437 -11.1219 43.164 1 1 ctx-lh-postcentral
-61.4222 -13.238 33.071 1 1 ctx-lh-postcentral
-63.3726 -16.1863 21.7559 1 1 ctx-lh-postcentral
-38.7695 -90.2106 9.4186 1 1 ctx-lh-inferiorparietal
-45.9295 -84.3418 4.3123 1 1 ctx-lh-lateraloccipital
-51.557 -76.2847 -0.2742 1 1 ctx-lh-lateraloccipital
-55.1732 -67.2526 -2.1978 1 1 ctx-lh-inferiortemporal
30.3788 58.3653 28.7375 1 1 ctx-rh-rostralmiddlefrontal
39.2276 52.2844 24.4523 1 1 ctx-rh-rostralmiddlefrontal
47.5858 45.1238 19.9251 1 1 ctx-rh-rostralmiddlefrontal
52.7357 37.356 13.9245 1 1 ctx-rh-rostralmiddlefrontal
55.6708 27.1765 9.6813 1 1 ctx-rh-parstriangularis
56.439 17.4979 4.2438 1 1 ctx-rh-parstriangularis
28.8061 10.6626 -37.5432 1 1 ctx-rh-temporalpole
35.0692 5.2488 -45.3727 1 1 ctx-rh-inferiortemporal
42.26 -2.069 -48.8146 1 1 ctx-rh-inferiortemporal
49.4798 -8.9869 -43.914 1 1 ctx-rh-inferiortemporal
11.2074 -9.8161 -15.4509 1 1 Right-Hippocampus
16.8703 -10.9932 -16.5639 1 1 Right-Hippocampus
22.437 -11.7437 -16.4165 1 1 Right-Amygdala
28.0713 -12.3964 -17.4254 1 1 Right-Amygdala
27.2219 -26.8762 -10.9332 1 1 Right-Hippocampus
32.7651 -25.9548 -11.6323 1 1 Right-Hippocampus
38.3083 -25.0343 -12.3301 1 1 Right-Hippocampus
43.8515 -24.1129 -13.0291 1 1 white-matter
49.3645 -22.6663 -13.6241 1 1 ctx-rh-middletemporal
54.3271 -21.2511 -14.254 1 1 ctx-rh-middletemporal
17.6709 -53.4092 -7.3222 1 1 ctx-rh-lingual
25.7228 -50.211 -14.5102 1 1 ctx-rh-fusiform
34.2295 -46.5555 -20.4018 1 1 ctx-rh-fusiform
43.2268 -41.8208 -26.0502 1 1 ctx-rh-fusiform
31.3073 -27.8832 77.579 1 1 outside-brain
40.6106 -27.2489 69.9448 1 1 outside-brain
48.7823 -26.1491 62.3431 1 1 outside-brain
55.9488 -25.5381 53.4099 1 1 ctx-rh-supramarginal
61.5289 -24.918 43.2132 1 1 ctx-rh-supramarginal
64.3855 -24.9741 32.7354 1 1 ctx-rh-supramarginal
65.6257 -24.4967 21.098 1 1 ctx-rh-supramarginal
64.6932 -24.6642 9.2156 1 1 ctx-rh-superiortemporal
26.744 -19.4636 82.5616 1 1 outside-brain
35.4966 -18.8597 74.892 1 1 outside-brain
44.2492 -18.2547 67.2222 1 1 ctx-rh-postcentral
51.9663 -17.6132 58.3245 1 1 ctx-rh-postcentral
58.582 -17.0316 49.3561 1 1 ctx-rh-postcentral
63.0606 -16.4723 39.0883 1 1 ctx-rh-postcentral
64.8816 -16.4896 27.3831 1 1 ctx-rh-postcentral
65.1166 -16.5 14.4144 1 1 ctx-rh-superiortemporal
24.0688 -78.3262 -11.9729 1 1 ctx-rh-lateraloccipital
32.7773 -72.3085 -13.8405 1 1 ctx-rh-fusiform
41.523 -65.669 -16.7613 1 1 ctx-rh-fusiform
50.2323 -59.6513 -18.6289 1 1 ctx-rh-inferiortemporal
-16.4289 -4.3254 -17.3378 1 1 Left-Amygdala
-21.9589 -4.9573 -17.5216 1 1 Left-Amygdala
-27.4416 -5.7587 -16.5873 1 1 Left-Amygdala
-32.9728 -6.3906 -16.7712 1 1 Left-Amygdala
-38.4861 -7.5476 -17.0986 1 1 white-matter
-43.9688 -8.3491 -16.1643 1 1 white-matter
-49.4988 -8.9809 -16.3469 1 1 ctx-lh-middletemporal
-54.9816 -9.7824 -15.4138 1 1 ctx-lh-middletemporal
-59.9577 -10.4034 -15.5932 1 1 ctx-lh-middletemporal
-65.9954 -11.2158 -14.6635 1 1 ctx-lh-middletemporal
-71.5255 -11.8476 -14.8461 1 1 outside-brain
-76.4532 -12.6382 -13.9085 1 1 outside-brain
-27.6603 -24.2754 -13.5175 1 1 Left-Hippocampus
-33.1599 -24.5516 -12.4397 1 1 Left-Hippocampus
-38.6426 -25.3521 -11.5065 1 1 outside-brain
-44.1737 -25.985 -11.6893 1 1 white-matter
-49.6565 -26.7854 -10.7562 1 1 ctx-lh-middletemporal
-55.1865 -27.4184 -10.9388 1 1 ctx-lh-middletemporal
-60.686 -27.6945 -9.8609 1 1 ctx-lh-middletemporal
-66.2161 -28.3264 -10.0448 1 1 ctx-lh-middletemporal
-71.1616 -28.5918 -8.9635 1 1 ctx-lh-middletemporal
-77.2466 -29.2357 -9.1507 1 1 outside-brain
-82.7294 -30.036 -8.2164 1 1 outside-brain
-88.2122 -30.8364 -7.2821 1 1 outside-brain
20.7409 -5.0103 -18.6209 1 1 Right-Amygdala
26.3528 -5.5952 -17.6073 1 1 Right-Amygdala
32.4551 -5.4765 -17.5625 1 1 Right-Amygdala
38.0024 -5.3688 -17.5235 1 1 white-matter
43.5498 -5.2621 -17.4832 1 1 white-matter
49.0971 -5.1545 -17.4441 1 1 ctx-rh-superiortemporal
54.6613 -5.5708 -17.5475 1 1 ctx-rh-middletemporal
60.2563 -5.6316 -16.3903 1 1 ctx-rh-middletemporal
65.8036 -5.5239 -16.3512 1 1 ctx-rh-middletemporal
70.7962 -5.4272 -16.3155 1 1 ctx-rh-middletemporal
76.9151 -5.8337 -16.4155 1 1 outside-brain
82.4625 -5.7259 -16.3753 1 1 outside-brain
30.9141 -20.0059 -15.7305 1 1 Right-Hippocampus
36.5088 -20.0668 -14.5733 1 1 Right-Hippocampus
41.566 -20.6626 -13.563 1 1 white-matter
47.1609 -20.7234 -12.4058 1 1 ctx-rh-middletemporal
53.3106 -20.7733 -11.2453 1 1 ctx-rh-middletemporal
58.3202 -21.2018 -11.3531 1 1 ctx-rh-middletemporal
63.915 -21.2626 -10.1959 1 1 ctx-rh-middletemporal
69.51 -21.3234 -9.0387 1 1 ctx-rh-middletemporal
75.122 -21.9083 -8.0251 1 1 outside-brain
80.7169 -21.9691 -6.8679 1 1 outside-brain
85.2024 -22.052 -5.7186 1 1 outside-brain
91.3521 -22.1018 -4.5569 1 1 outside-brain
30.565 -29.2262 -5.4587 1 1 Right-Hippocampus
35.7205 -31.5653 -3.7634 1 1 Right-Hippocampus
40.8284 -33.7358 -3.1851 1 1 white-matter
45.9671 -35.5506 -1.3451 1 1 ctx-rh-bankssts
51.0748 -37.721 -0.7668 1 1 ctx-rh-bankssts
55.6587 -39.5462 1.0687 1 1 white-matter
60.7666 -41.7167 1.6459 1 1 ctx-rh-middletemporal
65.9221 -44.0557 3.3423 1 1 ctx-rh-middletemporal
71.0775 -46.3948 5.0376 1 1 outside-brain
76.1685 -48.0406 5.7595 1 1 outside-brain
81.324 -50.3797 7.4548 1 1 outside-brain
87.0649 -52.3517 10.4162 1 1 outside-brain
33.7674 -27.6738 -22.4816 1 1 ctx-rh-fusiform
39.3793 -28.2588 -21.468 1 1 ctx-rh-fusiform
44.484 -29.0243 -19.3407 1 1 ctx-rh-fusiform
50.1128 -30.1345 -18.4719 1 1 ctx-rh-inferiortemporal
55.7246 -30.7195 -17.4583 1 1 ctx-rh-inferiortemporal
60.7819 -31.3164 -16.4481 1 1 ctx-rh-inferiortemporal
66.4106 -32.4267 -15.5793 1 1 ctx-rh-inferiortemporal
72.0701 -33.1802 -13.4475 1 1 ctx-rh-middletemporal
77.1442 -34.3012 -12.582 1 1 outside-brain
82.756 -34.8871 -11.5684 1 1 outside-brain
87.8608 -35.6519 -9.4412 1 1 outside-brain
93.4419 -36.5938 -9.6893 1 1 outside-brain
29.8868 4.1955 -31.2076 1 1 ctx-rh-temporalpole
34.9106 4.649 -29.9102 1 1 white-matter
40.441 5.2819 -29.7263 1 1 ctx-rh-middletemporal
46.019 5.7453 -28.4255 1 1 ctx-rh-middletemporal
51.614 5.6844 -27.2683 1 1 ctx-rh-middletemporal
57.1445 6.3164 -27.0845 1 1 ctx-rh-middletemporal
62.7395 6.2555 -25.9273 1 1 ctx-rh-middletemporal
68.2699 6.8884 -25.7435 1 1 outside-brain
37.3018 10.9446 -2.5801 1 1 ctx-rh-insula
42.7846 11.7451 -3.5132 1 1 ctx-rh-insula
47.6819 12.1789 -5.7126 1 1 ctx-rh-superiortemporal
53.1816 12.4551 -6.7905 1 1 ctx-rh-superiortemporal
58.6813 12.7314 -7.8684 1 1 ctx-rh-superiortemporal
64.1811 13.0077 -8.9463 1 1 outside-brain
67.4785 12.7158 -10.1845 1 1 outside-brain
69.1259 13.2729 -10.0286 1 1 outside-brain
74.578 13.7178 -12.2234 1 1 outside-brain
80.0608 14.5181 -13.1577 1 1 outside-brain
84.9888 15.3087 -14.0954 1 1 outside-brain
90.4884 15.5848 -15.1732 1 1 outside-brain
6.0169 31.5763 15.8188 1 1 ctx-rh-rostralanteriorcingulate
11.5302 32.7334 16.1462 1 1 ctx-rh-superiorfrontal
17.0446 33.8905 16.4737 1 1 white-matter
22.5579 35.0476 16.8011 1 1 white-matter
28.0879 35.6794 16.9838 1 1 ctx-rh-rostralmiddlefrontal
33.6017 36.8365 17.3112 1 1 ctx-rh-rostralmiddlefrontal
38.5605 37.9837 17.6353 1 1 ctx-rh-rostralmiddlefrontal
44.074 39.1408 17.9627 1 1 ctx-rh-rostralmiddlefrontal
49.6352 40.1293 19.4071 1 1 ctx-rh-rostralmiddlefrontal
55.1487 41.2864 19.7346 1 1 outside-brain
60.6622 42.4435 20.062 1 1 outside-brain
66.1758 43.6006 20.3894 1 1 outside-brain
-43.7348 -28.9742 -25.2231 1 1 ctx-lh-fusiform
-46.6917 -21.0503 -31.1228 1 1 ctx-lh-inferiortemporal
-50.7729 -13.255 -37.0231 1 1 ctx-lh-inferiortemporal
-53.1676 -4.1566 -31.9671 1 1 ctx-lh-inferiortemporal
-14.1674 -14.8949 -11.656 1 1 Left-Hippocampus
-19.6845 -12.3596 -12.0354 1 1 Left-Hippocampus
-24.4862 -10.7997 -12.2893 1 1 Left-Amygdala
-29.9258 -8.7848 -12.6053 1 1 Left-Hippocampus
-23.5602 -24.4343 -6.9822 1 1 Left-Hippocampus
-28.9912 -22.5999 -8.5089 1 1 Left-Hippocampus
-33.8703 -20.5202 -8.8248 1 1 Left-Hippocampus
-39.3099 -18.5057 -9.1419 1 1 white-matter
-8.8335 53.4568 -19.5894 1 1 ctx-lh-lateralorbitofrontal
-16.8403 46.0132 -16.373 1 1 ctx-lh-lateralorbitofrontal
-24.9148 38.9084 -14.4278 1 1 ctx-lh-lateralorbitofrontal
-33.6875 32.4174 -15.028 1 1 ctx-lh-parsorbitalis
-40.6559 25.8053 -10.6615 1 1 ctx-lh-lateralorbitofrontal
-45.9553 19.7499 -3.8724 1 1 ctx-lh-parstriangularis
-15.8431 46.0847 51.3743 1 1 outside-brain
-20.0263 36.0912 56.1789 1 1 ctx-lh-superiorfrontal
-23.2303 27.0879 59.6499 1 1 ctx-lh-superiorfrontal
-25.3035 18.0334 61.9125 1 1 ctx-lh-superiorfrontal
-28.3549 7.9896 65.5079 1 1 ctx-lh-caudalmiddlefrontal
-30.8446 -1.9892 69.1041 1 1 ctx-lh-superiorfrontal
-31.47 -13.3555 69.1956 1 1 ctx-lh-precentral
-31.7554 -23.278 67.8914 1 1 ctx-lh-postcentral
-24.2874 44.3604 42.8299 1 1 ctx-lh-superiorfrontal
-28.0626 35.4725 47.5108 1 1 ctx-lh-superiorfrontal
-31.2666 26.4692 50.982 1 1 ctx-lh-superiorfrontal
-33.2711 17.0752 54.5169 1 1 ctx-lh-caudalmiddlefrontal
-37.608 8.1233 59.1969 1 1 ctx-lh-caudalmiddlefrontal
-39.4512 -2.4916 61.6456 1 1 ctx-lh-precentral
-40.1529 -13.3381 61.675 1 1 ctx-lh-precentral
-42.2091 -22.7548 61.5169 1 1 ctx-lh-postcentral
-38.6666 56.6293 2.9982 1 1 ctx-lh-rostralmiddlefrontal
-39.8799 49.9904 9.9156 1 1 ctx-lh-rostralmiddlefrontal
-43.187 42.0501 16.9557 1 1 ctx-lh-rostralmiddlefrontal
-43.1993 35.0207 23.9378 1 1 ctx-lh-rostralmiddlefrontal
-44.7441 26.7569 31.0424 1 1 ctx-lh-rostralmiddlefrontal
-45.1657 18.6217 38.1475 1 1 ctx-lh-caudalmiddlefrontal
-46.7877 10.8766 45.1903 1 1 ctx-lh-caudalmiddlefrontal
-46.0 2.1716 51.1488 1 1 ctx-lh-precentral
-39.1766 51.2284 -7.4614 1 1 ctx-lh-parsorbitalis
-45.0462 45.2891 0.537 1 1 ctx-lh-rostralmiddlefrontal
-47.3063 37.9997 7.5163 1 1 ctx-lh-parstriangularis
-48.9273 30.2545 14.5591 1 1 ctx-lh-parstriangularis
-49.3489 22.1205 21.6639 1 1 ctx-lh-parsopercularis
-51.4551 13.7907 28.7685 1 1 ctx-lh-precentral
-51.8766 5.6556 35.8736 1 1 ctx-lh-precentral
-52.2895 -2.6596 41.7691 1 1 ctx-lh-precentral
-39.8561 23.0193 -22.639 1 1 ctx-lh-superiortemporal
-44.7648 18.4322 -13.5529 1 1 ctx-lh-superiortemporal
-49.3574 11.5839 -5.428 1 1 ctx-lh-superiortemporal
-53.4732 5.5016 3.8455 1 1 ctx-lh-parsopercularis
-56.4487 -0.8135 10.6995 1 1 ctx-lh-precentral
-58.1643 -7.6753 20.0999 1 1 ctx-lh-precentral
-58.1853 -14.5231 28.2926 1 1 ctx-lh-postcentral
-55.7297 -22.6713 36.6744 1 1 ctx-lh-supramarginal
-43.5239 16.0285 -30.4954 1 1 ctx-lh-temporalpole
-48.2692 10.2203 -22.4959 1 1 ctx-lh-middletemporal
-50.769 4.6727 -14.4922 1 1 ctx-lh-superiortemporal
-54.2457 -1.8652 -5.1552 1 1 ctx-lh-superiortemporal
-57.2212 -8.1792 1.6986 1 1 ctx-lh-superiortemporal
-58.2215 -16.0173 11.2247 1 1 ctx-lh-postcentral
-59.1358 -24.5562 19.6008 1 1 ctx-lh-postcentral
-58.4269 -28.4914 28.6952 1 1 ctx-lh-supramarginal
-58.4672 -10.212 -25.1778 1 1 ctx-lh-middletemporal
-59.0439 -13.0556 -14.9998 1 1 ctx-lh-middletemporal
-58.9902 -16.1737 -3.5489 1 1 ctx-lh-superiortemporal
-60.3827 -21.2297 6.8762 1 1 ctx-lh-superiortemporal
-59.9285 -23.0606 19.4146 1 1 ctx-lh-postcentral
-58.5118 -27.7904 29.8425 1 1 ctx-lh-supramarginal
-55.0023 -31.2186 40.1503 1 1 ctx-lh-supramarginal
-50.1298 -36.2588 49.4339 1 1 ctx-lh-supramarginal
-60.0822 -19.2458 -30.3004 1 1 ctx-lh-inferiortemporal
-61.0658 -23.1963 -19.9993 1 1 ctx-lh-middletemporal
-62.1279 -26.6256 -9.7592 1 1 ctx-lh-superiortemporal
-61.4352 -30.1986 1.7538 1 1 ctx-lh-superiortemporal
-61.9505 -33.2009 14.415 1 1 ctx-lh-superiortemporal
-60.4575 -38.4509 24.905 1 1 ctx-lh-supramarginal
-57.5859 -41.4243 35.1494 1 1 ctx-lh-supramarginal
-51.5901 -46.3339 44.4356 1 1 ctx-lh-supramarginal
-10.4286 65.1291 -12.3606 1 1 ctx-lh-frontalpole
-20.3444 63.1195 -7.3448 1 1 ctx-lh-rostralmiddlefrontal
-30.8121 60.8633 -3.541 1 1 ctx-lh-rostralmiddlefrontal
-36.5642 57.7497 1.6663 1 1 ctx-lh-rostralmiddlefrontal
-40.5952 50.9662 9.7913 1 1 ctx-lh-rostralmiddlefrontal
-42.2163 43.2208 16.8329 1 1 ctx-lh-rostralmiddlefrontal
-41.3629 -60.6313 -22.7094 1 1 ctx-lh-fusiform
-48.2705 -52.8007 -26.1924 1 1 ctx-lh-fusiform
-54.0784 -44.2967 -26.0438 1 1 ctx-lh-inferiortemporal
-59.4191 -34.8454 -23.5358 1 1 ctx-lh-inferiortemporal
-48.07 -79.879 -9.4665 1 1 ctx-lh-lateraloccipital
-54.4565 -71.0783 -6.8981 1 1 ctx-lh-lateraloccipital
-60.8443 -62.2774 -4.3296 1 1 ctx-lh-middletemporal
-63.9459 -52.3841 -0.6083 1 1 ctx-lh-middletemporal
-14.0551 66.8415 -8.9192 1 1 ctx-lh-frontalpole
-23.1024 67.0662 -0.4591 1 1 ctx-lh-rostralmiddlefrontal
-29.3643 63.9098 8.4406 1 1 ctx-lh-rostralmiddlefrontal
-32.8336 57.1912 16.5658 1 1 ctx-lh-rostralmiddlefrontal
-35.0938 49.9017 23.545 1 1 ctx-lh-rostralmiddlefrontal
-36.647 41.8182 31.8603 1 1 ctx-lh-rostralmiddlefrontal
-20.0714 -14.2869 -18.7692 1 1 Left-Hippocampus
-25.7486 -13.61 -17.8838 1 1 Left-Hippocampus
-30.9535 -13.8254 -15.9112 1 1 Left-Hippocampus
-36.7338 -13.5339 -13.8373 1 1 Left-Hippocampus
-41.859 -12.8625 -12.8887 1 1 ctx-lh-superiortemporal
-47.616 -13.0724 -10.9794 1 1 ctx-lh-superiortemporal
-52.8443 -12.7876 -8.8433 1 1 ctx-lh-superiortemporal
-58.5215 -12.1106 -7.9567 1 1 ctx-lh-superiortemporal
-64.2795 -12.3194 -6.0474 1 1 ctx-lh-superiortemporal
-69.5068 -12.0347 -3.9114 1 1 outside-brain
-75.7372 -11.3511 -3.0881 1 1 outside-brain
-80.2869 -11.1875 -2.2396 1 1 outside-brain
-37.2088 -34.6751 -4.9948 1 1 Left-Hippocampus
-42.1488 -38.0086 -5.3561 1 1 white-matter
-47.0559 -39.454 -6.4133 1 1 ctx-lh-middletemporal
-52.0194 -42.2865 -6.6111 1 1 ctx-lh-middletemporal
-57.0062 -44.6183 -6.6456 1 1 ctx-lh-middletemporal
-61.9931 -46.9501 -6.6789 1 1 ctx-lh-middletemporal
-67.5331 -49.2759 -6.7753 1 1 outside-brain
-72.52 -51.6077 -6.8098 1 1 outside-brain
-77.5069 -53.9397 -6.843 1 1 outside-brain
-83.0234 -56.7658 -7.1041 1 1 outside-brain
-88.54 -59.592 -7.3641 1 1 outside-brain
-92.996 -61.4297 -7.1718 1 1 outside-brain
-39.1531 -48.3185 -5.7791 1 1 white-matter
-43.8155 -50.9274 -3.2121 1 1 ctx-lh-inferiortemporal
-48.5012 -53.0359 -0.4805 1 1 ctx-lh-inferiortemporal
-53.1635 -55.6447 2.0865 1 1 ctx-lh-inferiortemporal
-57.2727 -58.2598 4.7167 1 1 ctx-lh-inferiortemporal
-61.9583 -60.3682 7.4484 1 1 ctx-lh-middletemporal
-66.6207 -62.9771 10.0165 1 1 outside-brain
-71.2033 -64.6999 11.5595 1 1 outside-brain
-75.9124 -66.3078 14.4546 1 1 outside-brain
-81.0248 -68.525 15.7722 1 1 outside-brain
-85.7328 -70.133 18.6672 1 1 outside-brain
-90.5216 -72.627 22.5862 1 1 outside-brain
20.7833 -5.579 -15.0576 1 1 Right-Amygdala
26.4945 -4.3683 -16.6401 1 1 Right-Amygdala
32.1029 -3.5444 -17.0339 1 1 Right-Amygdala
37.6886 -2.219 -17.2655 1 1 ctx-rh-insula
43.4001 -1.0094 -18.8467 1 1 ctx-rh-superiortemporal
49.0087 -0.1854 -19.2417 1 1 ctx-rh-superiortemporal
54.6404 0.1394 -19.8004 1 1 ctx-rh-middletemporal
59.6733 1.4704 -20.094 1 1 ctx-rh-middletemporal
65.305 1.794 -20.6524 1 1 outside-brain
70.4634 3.0102 -22.2981 1 1 outside-brain
76.6251 3.8286 -22.6299 1 1 outside-brain
82.7867 4.6471 -22.9618 1 1 outside-brain
24.6065 -16.6248 -18.2837 1 1 Right-Hippocampus
30.0096 -16.5718 -16.304 1 1 Right-Hippocampus
35.4356 -17.0191 -14.4877 1 1 Right-Hippocampus
41.3916 -16.9728 -12.4447 1 1 ctx-rh-superiortemporal
46.3676 -17.028 -11.8791 1 1 ctx-rh-superiortemporal
51.7707 -16.975 -9.8995 1 1 ctx-rh-superiortemporal
57.1738 -16.9209 -7.9187 1 1 ctx-rh-superiortemporal
63.1527 -17.3749 -6.0404 1 1 ctx-rh-superiortemporal
68.5789 -17.8222 -4.2242 1 1 ctx-rh-superiortemporal
73.4061 -17.2623 -2.1432 1 1 outside-brain
78.8322 -17.7096 -0.3269 1 1 outside-brain
84.7883 -17.6622 1.716 1 1 outside-brain
26.7219 -26.1314 -9.2498 1 1 Right-Hippocampus
31.1803 -29.5697 -8.5419 1 1 Right-Hippocampus
35.5359 -33.3923 -6.6467 1 1 ctx-rh-fusiform
39.9713 -36.3291 -5.7755 1 1 ctx-rh-fusiform
44.8798 -40.1595 -3.8168 1 1 white-matter
48.7624 -43.0898 -3.0089 1 1 white-matter
53.6708 -46.9192 -1.0516 1 1 ctx-rh-inferiortemporal
58.0832 -49.356 -0.0157 1 1 ctx-rh-inferiortemporal
62.4389 -53.1791 1.8795 1 1 ctx-rh-middletemporal
67.4272 -56.1225 2.8129 1 1 ctx-rh-middletemporal
71.7597 -59.4451 4.8714 1 1 outside-brain
76.0923 -62.7679 6.9313 1 1 outside-brain
47.9251 -14.6512 -41.4423 1 1 ctx-rh-inferiortemporal
51.4303 -17.2381 -36.5806 1 1 ctx-rh-inferiortemporal
54.9123 -19.3247 -31.5554 1 1 ctx-rh-inferiortemporal
59.0731 -21.5315 -27.8179 1 1 ctx-rh-inferiortemporal
62.6809 -23.7317 -24.1436 1 1 ctx-rh-middletemporal
66.1862 -26.3185 -19.2808 1 1 ctx-rh-middletemporal
69.6912 -28.9054 -14.419 1 1 ctx-rh-middletemporal
73.2992 -31.1056 -10.7449 1 1 ctx-rh-middletemporal
77.334 -33.1987 -5.6563 1 1 outside-brain
80.9419 -35.399 -1.9822 1 1 outside-brain
84.55 -37.6004 1.6935 1 1 outside-brain
88.6078 -40.1927 6.6171 1 1 outside-brain
51.5587 -37.9333 -22.2083 1 1 ctx-rh-fusiform
53.4742 -42.0024 -18.0255 1 1 ctx-rh-fusiform
55.3897 -46.0718 -13.8439 1 1 ctx-rh-inferiortemporal
57.3052 -50.1411 -9.6623 1 1 ctx-rh-inferiortemporal
59.2205 -54.2104 -5.4807 1 1 ctx-rh-inferiortemporal
61.1361 -58.2797 -1.2992 1 1 ctx-rh-middletemporal
63.6044 -62.3553 2.9457 1 1 ctx-rh-middletemporal
65.4969 -65.9241 7.292 1 1 outside-brain
67.4124 -69.9936 11.4735 1 1 outside-brain
69.8807 -74.0689 15.7183 1 1 outside-brain
72.3261 -77.644 20.1267 1 1 outside-brain
74.2186 -81.213 24.4729 1 1 outside-brain
41.363 16.6334 -11.8898 1 1 ctx-rh-superiortemporal
45.4319 16.4279 -7.496 1 1 outside-brain
48.9246 16.7293 -3.0033 1 1 ctx-rh-parsopercularis
52.4405 16.5303 1.3272 1 1 ctx-rh-parsopercularis
56.4064 15.9393 6.9071 1 1 ctx-rh-parsopercularis
60.4751 15.7337 11.2997 1 1 ctx-rh-parsopercularis
64.6467 15.9137 14.505 1 1 outside-brain
68.7384 15.2078 18.7328 1 1 outside-brain
73.4628 15.3822 22.0012 1 1 outside-brain
77.5545 14.6764 26.2303 1 1 outside-brain
81.7491 14.356 29.2721 1 1 outside-brain
85.8178 14.1515 33.6645 1 1 outside-brain
40.0522 -11.4354 1.1896 1 1 ctx-rh-insula
44.2238 -11.2543 4.3946 1 1 ctx-rh-insula
48.8454 -11.4664 8.8505 1 1 ctx-rh-postcentral
52.9141 -11.6721 13.2431 1 1 ctx-rh-postcentral
57.6385 -11.4976 16.5102 1 1 ctx-rh-postcentral
61.1314 -11.1962 21.0042 1 1 ctx-rh-postcentral
65.7301 -10.9069 25.6234 1 1 ctx-rh-postcentral
70.4314 -10.2322 29.0552 1 1 outside-brain
74.4772 -9.9374 33.6125 1 1 outside-brain
78.5458 -10.143 38.0051 1 1 outside-brain
82.6944 -9.4627 41.3738 1 1 outside-brain
87.293 -9.1734 45.9929 1 1 outside-brain
5.7239 -46.8706 34.4922 1 1 ctx-rh-isthmuscingulate
11.2756 -47.4326 34.9576 1 1 white-matter
16.8051 -47.4943 35.5865 1 1 white-matter
22.8068 -48.4482 37.3013 1 1 white-matter
28.3356 -48.5097 37.9302 1 1 white-matter
33.8874 -49.072 38.3956 1 1 white-matter
39.4164 -49.1335 39.0244 1 1 ctx-rh-inferiorparietal
45.4185 -50.0874 40.7392 1 1 ctx-rh-inferiorparietal
50.9473 -50.1491 41.3681 1 1 ctx-rh-inferiorparietal
57.0522 -50.7173 41.8968 1 1 ctx-rh-supramarginal
62.5811 -50.7789 42.5256 1 1 ctx-rh-supramarginal
68.1329 -51.3411 42.9898 1 1 outside-brain
-11.8315 -7.3125 -11.3915 1 1 Left-Amygdala
-17.1644 -7.4868 -12.2646 1 1 Left-Amygdala
-23.4284 -7.5765 -13.0855 1 1 Left-Amygdala
-27.4034 -7.7626 -12.9127 1 1 Left-Amygdala
-33.2744 -7.7054 -13.7376 1 1 white-matter
-37.7873 -7.6607 -13.5143 1 1 ctx-lh-superiortemporal
-44.1962 -7.3714 -14.2888 1 1 ctx-lh-middletemporal
-50.3151 -7.84 -15.1558 1 1 ctx-lh-middletemporal
-53.8972 -7.8791 -14.9861 1 1 ctx-lh-middletemporal
-60.1611 -7.9687 -15.8069 1 1 ctx-lh-middletemporal
-65.4941 -8.1432 -16.6811 1 1 ctx-lh-middletemporal
-70.826 -8.3177 -17.5554 1 1 outside-brain
-21.6442 -19.2906 -11.0366 1 1 Left-Hippocampus
-26.4783 -20.7496 -9.8402 1 1 Left-Hippocampus
-31.5612 -22.7353 -8.6856 1 1 Left-Hippocampus
-36.3952 -24.194 -7.4881 1 1 white-matter
-40.6912 -25.8849 -6.3422 1 1 ctx-lh-middletemporal
-45.5251 -27.3448 -5.1456 1 1 ctx-lh-middletemporal
-51.1133 -29.1713 -2.8363 1 1 ctx-lh-middletemporal
-55.9472 -30.6312 -1.6397 1 1 ctx-lh-middletemporal
-60.3883 -31.9432 -0.4474 1 1 ctx-lh-middletemporal
-65.6151 -33.55 0.7532 1 1 ctx-lh-middletemporal
-70.4173 -35.0827 3.0542 1 1 ctx-lh-middletemporal
-75.6441 -36.6895 4.255 1 1 outside-brain
-21.6572 -33.3189 -4.6852 1 1 Left-Hippocampus
-26.3471 -35.1575 -3.5337 1 1 Left-Hippocampus
-31.0042 -37.0693 -1.2789 1 1 Left-Hippocampus
-35.6612 -38.9814 0.976 1 1 white-matter
-39.9242 -40.7466 3.2267 1 1 ctx-lh-bankssts
-44.5813 -42.6588 5.4816 1 1 ctx-lh-bankssts
-49.2382 -44.571 7.7365 1 1 ctx-lh-bankssts
-53.7502 -46.8621 9.9453 1 1 ctx-lh-bankssts
-58.0144 -48.6271 12.197 1 1 ctx-lh-middletemporal
-62.6714 -50.5394 14.4519 1 1 ctx-lh-middletemporal
-67.3284 -52.4515 16.7069 1 1 outside-brain
-71.9854 -54.3637 18.9618 1 1 outside-brain
-1.3666 39.5451 -2.6218 1 1 ctx-lh-rostralanteriorcingulate
-3.1409 40.7029 2.0369 1 1 ctx-lh-rostralanteriorcingulate
-3.95 41.701 7.7458 1 1 ctx-lh-rostralanteriorcingulate
-5.1522 42.5532 13.4586 1 1 ctx-lh-superiorfrontal
-6.2433 43.0995 18.0219 1 1 ctx-lh-rostralanteriorcingulate
-7.4466 43.9515 23.7345 1 1 ctx-lh-superiorfrontal
-8.6488 44.8036 29.4472 1 1 ctx-lh-superiorfrontal
-9.459 45.8017 35.1565 1 1 ctx-lh-superiorfrontal
-10.8381 47.1067 39.811 1 1 ctx-lh-superiorfrontal
-12.0413 47.9578 45.524 1 1 ctx-lh-superiorfrontal
-13.8947 49.3468 52.437 1 1 outside-brain
-14.8407 49.514 56.9538 1 1 outside-brain
-4.1991 46.7913 -19.5544 1 1 ctx-lh-medialorbitofrontal
-5.5474 48.0223 -13.7953 1 1 ctx-lh-medialorbitofrontal
-7.0716 49.7058 -9.0957 1 1 ctx-lh-medialorbitofrontal
-8.4188 50.9359 -3.3365 1 1 ctx-lh-medialorbitofrontal
-10.337 52.4728 1.3684 1 1 ctx-lh-medialorbitofrontal
-11.2902 53.8508 7.1232 1 1 ctx-lh-superiorfrontal
-13.0313 54.9337 12.8855 1 1 ctx-lh-superiorfrontal
-13.8736 56.0067 17.4907 1 1 ctx-lh-rostralmiddlefrontal
-15.2539 57.3116 22.1452 1 1 ctx-lh-superiorfrontal
-16.601 58.5416 27.9042 1 1 ctx-lh-superiorfrontal
-18.2761 59.477 35.8755 1 1 outside-brain
-19.1514 60.6237 39.3761 1 1 outside-brain
-23.8921 11.1172 -31.1824 1 1 ctx-lh-temporalpole
-29.1932 10.8689 -30.952 1 1 ctx-lh-temporalpole
-34.493 10.6196 -30.7214 1 1 ctx-lh-temporalpole
-38.861 10.2863 -30.5455 1 1 ctx-lh-temporalpole
-45.342 9.5969 -30.3038 1 1 ctx-lh-temporalpole
-50.675 9.4223 -31.1779 1 1 ctx-lh-superiortemporal
-55.83 8.7952 -30.9938 1 1 ctx-lh-superiortemporal
-61.5238 8.3989 -30.7591 1 1 outside-brain
-66.8239 8.1506 -30.5286 1 1 outside-brain
-72.5179 7.7551 -30.2952 1 1 outside-brain
-77.8179 7.5068 -30.0648 1 1 outside-brain
-81.7929 7.3206 -29.8921 1 1 outside-brain
-24.1211 31.9056 -13.4436 1 1 ctx-lh-lateralorbitofrontal
-24.7142 33.5033 -8.7972 1 1 ctx-lh-lateralorbitofrontal
-24.8804 35.1754 -3.0497 1 1 white-matter
-25.0478 36.8472 2.6969 1 1 white-matter
-25.6409 38.4452 7.3444 1 1 white-matter
-25.8401 40.191 11.9875 1 1 ctx-lh-rostralmiddlefrontal
-26.0073 41.8628 17.734 1 1 ctx-lh-rostralmiddlefrontal
-26.5674 43.387 23.4859 1 1 ctx-lh-rostralmiddlefrontal
-26.7666 45.1329 28.1287 1 1 ctx-lh-rostralmiddlefrontal
-26.9339 46.8048 33.876 1 1 ctx-lh-rostralmiddlefrontal
-27.4942 48.3298 39.6271 1 1 ctx-lh-rostralmiddlefrontal
-27.8054 50.3797 45.4205 1 1 outside-brain
-0.2601 30.9625 17.5973 1 1 ctx-lh-caudalanteriorcingulate
-4.6043 31.7651 20.1168 1 1 ctx-lh-caudalanteriorcingulate
-8.5214 32.6409 23.7361 1 1 ctx-lh-caudalanteriorcingulate
-13.0104 33.8213 26.3013 1 1 ctx-lh-superiorfrontal
-17.4666 34.9288 29.9705 1 1 ctx-lh-superiorfrontal
-21.5287 36.1835 33.6359 1 1 ctx-lh-superiorfrontal
-26.1619 37.7438 36.2468 1 1 ctx-lh-rostralmiddlefrontal
-30.2239 38.9975 39.9124 1 1 ctx-lh-rostralmiddlefrontal
-34.3191 40.3259 42.4736 1 1 ctx-lh-rostralmiddlefrontal
-36.7991 40.9587 44.8852 1 1 outside-brain
-41.2882 42.1402 47.4503 1 1 outside-brain
-44.1623 42.625 49.8659 1 1 outside-brain
-1.8989 -12.8469 34.3252 1 1 ctx-lh-posteriorcingulate
-7.5999 -12.0325 35.7975 1 1 ctx-lh-posteriorcingulate
-12.7641 -11.4501 37.22 1 1 ctx-lh-posteriorcingulate
-17.533 -10.7205 38.6386 1 1 white-matter
-21.4041 -10.002 38.8993 1 1 white-matter
-26.7122 -9.0406 40.3679 1 1 ctx-lh-precentral
-31.8751 -8.4592 41.7905 1 1 ctx-lh-precentral
-37.5762 -7.6448 43.2628 1 1 ctx-lh-precentral
-42.4912 -6.5365 44.7275 1 1 ctx-lh-precentral
-48.1923 -5.722 46.1996 1 1 ctx-lh-precentral
-53.5004 -4.7606 47.6682 1 1 ctx-lh-precentral
-58.4144 -3.6522 49.1327 1 1 outside-brain
9.3798 45.3717 -20.3563 1 1 ctx-rh-lateralorbitofrontal
11.1887 46.568 -15.8661 1 1 ctx-rh-lateralorbitofrontal
12.3464 48.3018 -10.1771 1 1 white-matter
14.1872 49.4253 -4.5826 1 1 white-matter
15.313 51.2333 0.0029 1 1 ctx-rh-medialorbitofrontal
16.9769 52.8082 4.5383 1 1 ctx-rh-medialorbitofrontal
18.6726 54.3103 10.178 1 1 ctx-rh-rostralmiddlefrontal
19.9754 55.6656 15.8218 1 1 ctx-rh-rostralmiddlefrontal
21.1011 57.4736 20.4074 1 1 ctx-rh-rostralmiddlefrontal
22.797 58.9748 26.0476 1 1 ctx-rh-rostralmiddlefrontal
24.4608 60.5509 30.5831 1 1 outside-brain
26.1893 61.9791 37.3272 1 1 outside-brain
14.5208 36.6439 -18.1623 1 1 ctx-rh-lateralorbitofrontal
14.9317 36.7994 -12.5981 1 1 white-matter
15.1665 37.4085 -8.0938 1 1 white-matter
15.8594 38.0163 -1.3829 1 1 white-matter
16.0931 38.6253 3.1216 1 1 white-matter
16.3599 39.1596 8.7309 1 1 ctx-rh-rostralanteriorcingulate
16.2337 39.548 14.3441 1 1 ctx-rh-superiorfrontal
16.7484 40.6092 19.9959 1 1 white-matter
17.0153 41.1436 25.6055 1 1 ctx-rh-rostralmiddlefrontal
17.2821 41.6789 31.2148 1 1 ctx-rh-superiorfrontal
17.5489 42.2133 36.8244 1 1 ctx-rh-superiorfrontal
17.7838 42.8226 41.3294 1 1 ctx-rh-superiorfrontal
20.0628 36.2908 -15.1248 1 1 ctx-rh-lateralorbitofrontal
21.5425 37.1933 -8.4226 1 1 ctx-rh-lateralorbitofrontal
22.9573 38.2434 -3.9296 1 1 white-matter
24.4041 39.2187 1.6684 1 1 white-matter
25.8519 40.1951 7.2659 1 1 white-matter
27.1219 41.6241 11.8052 1 1 ctx-rh-rostralmiddlefrontal
28.5693 42.5994 17.4031 1 1 ctx-rh-rostralmiddlefrontal
29.8719 43.9547 23.0473 1 1 ctx-rh-rostralmiddlefrontal
31.142 45.3837 27.5868 1 1 ctx-rh-rostralmiddlefrontal
32.5894 46.3591 33.1848 1 1 ctx-rh-rostralmiddlefrontal
34.0365 47.3354 38.7825 1 1 ctx-rh-rostralmiddlefrontal
35.7651 48.7637 45.5266 1 1 outside-brain
8.4289 24.6851 16.5324 1 1 ctx-rh-caudalanteriorcingulate
13.4649 26.8271 18.737 1 1 white-matter
18.0748 28.8959 19.8401 1 1 white-matter
22.6847 30.9648 20.9442 1 1 white-matter
27.7202 33.1078 23.1487 1 1 white-matter
32.33 35.1766 24.2525 1 1 ctx-rh-rostralmiddlefrontal
36.9399 37.2456 25.3564 1 1 ctx-rh-rostralmiddlefrontal
41.9757 39.3874 27.5607 1 1 ctx-rh-rostralmiddlefrontal
46.1919 41.3104 28.6683 1 1 ctx-rh-rostralmiddlefrontal
51.2277 43.4523 30.8726 1 1 outside-brain
55.9822 45.1423 31.9305 1 1 outside-brain
60.9855 47.3582 33.0306 1 1 outside-brain
-12.0632 -3.1578 -16.5018 1 1 Left-Amygdala
-18.1361 -3.1276 -16.0265 1 1 Left-Amygdala
-23.5592 -3.5389 -16.6995 1 1 Left-Amygdala
-29.0969 -3.5703 -16.1835 1 1 Left-Amygdala
-34.4861 -3.4649 -16.7194 1 1 ctx-lh-insula
-39.9091 -3.8761 -17.3925 1 1 ctx-lh-superiortemporal
-45.4467 -3.9076 -16.8765 1 1 ctx-lh-superiortemporal
-50.8711 -4.3175 -17.5486 1 1 ctx-lh-middletemporal
-56.4074 -4.3492 -17.0337 1 1 ctx-lh-middletemporal
-61.8317 -4.7602 -17.7057 1 1 ctx-lh-middletemporal
-67.368 -4.7919 -17.1908 1 1 outside-brain
-72.7924 -5.2019 -17.863 1 1 outside-brain
-25.4568 -15.3617 -15.5368 1 1 Left-Hippocampus
-30.7113 -17.1384 -14.3395 1 1 Left-Hippocampus
-35.9308 -18.3985 -13.0062 1 1 Left-Hippocampus
-41.0019 -19.5236 -12.7231 1 1 white-matter
-46.7568 -20.722 -11.4293 1 1 white-matter
-51.9763 -21.9821 -10.096 1 1 ctx-lh-middletemporal
-56.478 -22.6534 -9.6359 1 1 ctx-lh-superiortemporal
-62.3464 -23.4732 -7.1539 1 1 ctx-lh-superiortemporal
-67.5307 -24.218 -5.6842 1 1 ctx-lh-superiortemporal
-72.7503 -25.4789 -4.3496 1 1 outside-brain
-77.9347 -26.2233 -2.8787 1 1 outside-brain
-83.1542 -27.4845 -1.5451 1 1 outside-brain
-27.732 -28.9132 -17.0643 1 1 ctx-lh-parahippocampal
-30.9847 -32.999 -16.2543 1 1 ctx-lh-fusiform
-34.2375 -37.0855 -15.443 1 1 ctx-lh-fusiform
-37.4903 -41.1721 -14.6317 1 1 ctx-lh-fusiform
-40.7431 -45.2578 -13.8206 1 1 ctx-lh-fusiform
-43.9959 -49.3442 -13.0105 1 1 ctx-lh-inferiortemporal
-47.7491 -52.8527 -12.1026 1 1 ctx-lh-inferiortemporal
-51.002 -56.9388 -11.2913 1 1 ctx-lh-inferiortemporal
-54.7902 -60.9632 -10.5208 1 1 ctx-lh-inferiortemporal
-58.5435 -64.4717 -9.6129 1 1 ctx-lh-inferiortemporal
-61.7962 -68.5581 -8.8027 1 1 outside-brain
-65.5494 -72.0667 -7.8948 1 1 outside-brain
-32.0016 9.9924 0.236 1 1 ctx-lh-insula
-37.0118 11.8254 2.3897 1 1 ctx-lh-insula
-42.056 13.1418 4.4073 1 1 ctx-lh-parstriangularis
-47.0661 14.9745 6.5599 1 1 ctx-lh-parstriangularis
-52.1114 16.2909 8.5774 1 1 ctx-lh-parsopercularis
-57.1216 18.1235 10.7301 1 1 ctx-lh-parsopercularis
-61.6302 19.3782 12.7873 1 1 outside-brain
-66.6405 21.2111 14.941 1 1 outside-brain
-6.782 37.4521 4.4408 1 1 ctx-lh-rostralanteriorcingulate
-12.3546 36.905 4.8192 1 1 white-matter
-17.7427 37.0094 4.2837 1 1 white-matter
-23.167 36.5995 3.6114 1 1 white-matter
-28.7396 36.0524 3.99 1 1 ctx-lh-parstriangularis
-34.1628 35.6414 3.318 1 1 ctx-lh-parstriangularis
-39.7353 35.0943 3.6964 1 1 ctx-lh-parstriangularis
-45.1934 34.1675 2.8871 1 1 ctx-lh-parstriangularis
-50.2306 33.5588 3.3063 1 1 ctx-lh-parstriangularis
-55.6888 32.6333 2.4966 1 1 outside-brain
-61.2616 32.0864 2.8762 1 1 outside-brain
-66.833 31.5393 3.2548 1 1 outside-brain
-2.5247 -62.7519 19.8292 1 1 ctx-lh-precuneus
-8.0273 -62.2678 20.4816 1 1 ctx-lh-precuneus
-13.3813 -61.6475 20.0822 1 1 ctx-lh-precuneus
-18.8826 -61.1638 20.7336 1 1 ctx-lh-precuneus
-24.2367 -60.5434 20.3341 1 1 white-matter
-29.7392 -60.0594 20.9865 1 1 white-matter
-35.0933 -59.4392 20.5871 1 1 white-matter
-40.4474 -58.8188 20.1878 1 1 ctx-lh-inferiorparietal
-46.4843 -58.2729 20.7995 1 1 ctx-lh-inferiorparietal
-51.8383 -57.6526 20.4001 1 1 ctx-lh-supramarginal
-57.3408 -57.1685 21.0524 1 1 ctx-lh-supramarginal
-62.695 -56.5483 20.653 1 1 ctx-lh-supramarginal
-13.8585 39.4738 -15.6173 1 1 ctx-lh-lateralorbitofrontal
-15.7407 37.8853 -10.7118 1 1 white-matter
-17.6217 36.2979 -5.8064 1 1 white-matter
-19.4676 35.2256 -0.7657 1 1 white-matter
-21.1652 34.2894 3.2244 1 1 white-matter
-23.0111 33.2163 8.2664 1 1 white-matter
-25.3926 32.2058 13.2675 1 1 white-matter
-27.2045 31.6491 18.4456 1 1 white-matter
-29.0154 31.0916 23.6238 1 1 ctx-lh-rostralmiddlefrontal
-30.7129 30.1554 27.614 1 1 ctx-lh-rostralmiddlefrontal
-32.525 29.5987 32.7921 1 1 ctx-lh-rostralmiddlefrontal
-33.8354 28.4649 37.8735 1 1 ctx-lh-rostralmiddlefrontal
21.5593 -2.7439 -13.985 1 1 Right-Amygdala
27.0617 -3.2276 -14.6362 1 1 Right-Amygdala
32.6765 -4.0912 -16.4766 1 1 white-matter
37.6431 -4.5137 -17.1696 1 1 white-matter
43.1451 -4.9974 -17.8209 1 1 ctx-rh-superiortemporal
48.8302 -4.8293 -19.3887 1 1 ctx-rh-middletemporal
53.8318 -4.736 -19.9442 1 1 ctx-rh-middletemporal
59.9044 -4.7662 -20.4196 1 1 ctx-rh-middletemporal
65.4414 -4.7348 -20.9356 1 1 ctx-rh-middletemporal
70.408 -5.1569 -21.6275 1 1 outside-brain
76.0931 -4.9895 -23.194 1 1 outside-brain
81.0946 -4.8962 -23.7496 1 1 outside-brain
30.5352 -17.9297 -23.5752 1 1 Right-Hippocampus
35.7068 -19.2021 -22.2616 1 1 ctx-rh-parahippocampal
40.8778 -20.4742 -20.9468 1 1 ctx-rh-fusiform
46.0488 -21.7463 -19.6322 1 1 ctx-rh-inferiortemporal
51.1846 -23.5327 -18.4539 1 1 ctx-rh-inferiortemporal
56.3558 -24.8052 -17.1403 1 1 ctx-rh-middletemporal
61.6748 -25.9414 -16.8772 1 1 ctx-rh-middletemporal
66.8459 -27.2135 -15.5624 1 1 ctx-rh-middletemporal
72.0167 -28.4845 -14.248 1 1 ctx-rh-middletemporal
76.6525 -29.6951 -12.9739 1 1 outside-brain
82.3588 -31.029 -11.6196 1 1 outside-brain
86.9593 -32.7536 -10.481 1 1 outside-brain
33.1551 -20.4398 -11.8249 1 1 Right-Hippocampus
36.3623 -24.7555 -10.3987 1 1 Right-Hippocampus
39.7524 -28.4186 -9.8868 1 1 white-matter
43.6428 -32.659 -9.4718 1 1 white-matter
46.9978 -36.8376 -9.0963 1 1 white-matter
50.8883 -41.0789 -8.6811 1 1 ctx-rh-middletemporal
54.2784 -44.7421 -8.1691 1 1 ctx-rh-middletemporal
58.7043 -49.0451 -7.7144 1 1 ctx-rh-middletemporal
62.7778 -52.634 -8.2135 1 1 ctx-rh-middletemporal
66.1677 -56.2972 -7.7016 1 1 ctx-rh-middletemporal
36.5369 14.215 10.6902 1 1 ctx-rh-parsopercularis
41.6434 15.8548 10.5449 1 1 ctx-rh-parsopercularis
46.7148 16.9799 10.2619 1 1 ctx-rh-parsopercularis
51.8214 18.6197 10.1165 1 1 ctx-rh-parsopercularis
57.4633 20.1977 10.0106 1 1 ctx-rh-parstriangularis
62.0344 21.899 9.8246 1 1 outside-brain
67.1059 23.0234 9.5429 1 1 outside-brain
72.7827 25.1168 9.5734 1 1 outside-brain
77.8193 25.7265 9.1541 1 1 outside-brain
81.2147 26.006 8.4785 1 1 outside-brain
83.9267 26.2107 8.8153 1 1 outside-brain
88.4628 27.3977 8.4926 1 1 outside-brain
10.5805 33.8729 24.0687 1 1 ctx-rh-superiorfrontal
15.9346 33.252 24.4681 1 1 white-matter
21.3236 33.1479 25.0049 1 1 white-matter
26.7122 33.0423 25.5406 1 1 ctx-rh-rostralmiddlefrontal
32.1011 32.9379 26.0763 1 1 ctx-rh-rostralmiddlefrontal
37.4902 32.8325 26.6122 1 1 ctx-rh-rostralmiddlefrontal
43.2664 32.5297 28.2402 1 1 ctx-rh-rostralmiddlefrontal
48.6554 32.4253 28.7759 1 1 ctx-rh-rostralmiddlefrontal
54.0442 32.3212 29.3126 1 1 ctx-rh-rostralmiddlefrontal
59.2501 31.5645 30.7637 1 1 outside-brain
64.6041 30.9437 31.1632 1 1 outside-brain
70.5286 30.7774 31.7384 1 1 outside-brain
9.3382 -54.4431 32.0283 1 1 ctx-rh-precuneus
15.0804 -55.2612 33.52 1 1 ctx-rh-precuneus
20.4685 -55.3661 34.0557 1 1 ctx-rh-precuneus
25.6753 -56.1226 35.5068 1 1 ctx-rh-superiorparietal
30.9157 -56.3636 37.0942 1 1 ctx-rh-superiorparietal
35.5861 -57.0579 38.5056 1 1 ctx-rh-inferiorparietal
41.3626 -57.361 40.1327 1 1 ctx-rh-inferiorparietal
46.0331 -58.0554 41.5441 1 1 ctx-rh-inferiorparietal
51.2739 -58.2964 43.1315 1 1 ctx-rh-inferiorparietal
56.3669 -58.6736 45.7706 1 1 ctx-rh-inferiorparietal
61.5727 -59.43 47.2217 1 1 outside-brain
66.7787 -60.1865 48.6727 1 1 outside-brain
22.7243 23.7463 -19.1571 1 1 ctx-rh-lateralorbitofrontal
24.3779 24.4994 -14.3806 1 1 ctx-rh-lateralorbitofrontal
25.4972 25.3151 -9.6448 1 1 ctx-rh-lateralorbitofrontal
26.468 25.995 -3.8574 1 1 ctx-rh-lateralorbitofrontal
28.0869 26.2323 0.7817 1 1 ctx-rh-lateralorbitofrontal
29.5929 26.8497 6.6099 1 1 ctx-rh-parstriangularis
31.2471 27.6034 11.3853 1 1 ctx-rh-parstriangularis
32.7183 27.7051 17.076 1 1 ctx-rh-parstriangularis
33.802 28.0053 21.6754 1 1 white-matter
35.4212 28.244 26.3154 1 1 ctx-rh-rostralmiddlefrontal
36.8923 28.3455 32.0062 1 1 ctx-rh-rostralmiddlefrontal
38.5466 29.0994 36.7815 1 1 ctx-rh-rostralmiddlefrontal
37.814 14.5803 -37.5783 1 1 ctx-rh-middletemporal
39.7672 9.7381 -35.3161 1 1 ctx-rh-middletemporal
41.7553 5.4104 -32.9174 1 1 ctx-rh-middletemporal
43.3562 1.282 -31.6113 1 1 ctx-rh-middletemporal
45.3443 -3.0457 -29.2126 1 1 ctx-rh-inferiortemporal
47.3325 -7.3724 -26.814 1 1 ctx-rh-inferiortemporal
48.9331 -11.5015 -25.5067 1 1 ctx-rh-inferiortemporal
51.4218 -16.4065 -23.2047 1 1 ctx-rh-inferiortemporal
52.8745 -20.6717 -20.8468 1 1 ctx-rh-inferiortemporal
55.3631 -25.5756 -18.545 1 1 ctx-rh-middletemporal
56.9639 -29.7047 -17.2377 1 1 ctx-rh-middletemporal
58.9521 -34.0326 -14.8389 1 1 ctx-rh-middletemporal
35.9893 -53.8997 -13.5431 1 1 ctx-rh-fusiform
40.337 -57.308 -11.7639 1 1 ctx-rh-fusiform
44.3323 -60.0023 -10.9386 1 1 ctx-rh-lateraloccipital
48.68 -63.4101 -9.1584 1 1 ctx-rh-inferiortemporal
53.2109 -66.1668 -8.2946 1 1 ctx-rh-inferiortemporal
57.0231 -69.5127 -6.5539 1 1 ctx-rh-inferiortemporal
61.5537 -72.2691 -5.689 1 1 outside-brain
65.3661 -75.6153 -3.9494 1 1 outside-brain
69.7487 -78.5078 -2.0328 1 1 outside-brain
73.5611 -81.8539 -0.2932 1 1 outside-brain
78.0918 -84.6103 0.5717 1 1 outside-brain
82.4395 -88.0182 2.352 1 1 outside-brain
-10.7376 -4.8664 -21.9556 1 1 Left-Amygdala
-16.2123 -5.2996 -21.7838 1 1 Left-Amygdala
-21.6533 -5.8346 -20.2104 1 1 Left-Amygdala
-27.1479 -5.7329 -19.6679 1 1 Left-Amygdala
-32.589 -6.2692 -18.0943 1 1 Left-Amygdala
-38.0837 -6.1665 -17.5534 1 1 ctx-lh-insula
-43.5046 -7.2371 -16.3478 1 1 ctx-lh-insula
-48.9993 -7.1357 -15.8066 1 1 ctx-lh-superiortemporal
-54.4941 -7.0342 -15.2655 1 1 ctx-lh-superiortemporal
-59.9139 -8.1052 -14.0613 1 1 ctx-lh-superiortemporal
-65.4086 -8.0023 -13.5191 1 1 ctx-lh-middletemporal
-17.9191 -7.6861 -21.8025 1 1 Left-Hippocampus
-22.6351 -10.4162 -20.3238 1 1 Left-Amygdala
-27.3512 -13.1464 -18.8452 1 1 Left-Amygdala
-32.7298 -15.2866 -18.3795 1 1 Left-Hippocampus
-37.4447 -18.0169 -16.9022 1 1 Left-Hippocampus
-42.2145 -20.1094 -16.456 1 1 Left-Hippocampus
-46.9093 -23.3741 -15.3466 1 1 white-matter
-51.6253 -26.1042 -13.8679 1 1 white-matter
-56.9828 -28.7802 -13.7715 1 1 white-matter
-61.09 -31.4626 -12.3122 1 1 ctx-lh-middletemporal
-66.4476 -34.1377 -12.2172 1 1 ctx-lh-middletemporal
-17.108 -31.4127 -13.1011 1 1 white-matter
-21.8355 -34.5759 -13.3947 1 1 Left-Hippocampus
-27.1706 -37.7855 -13.668 1 1 Left-Hippocampus
-31.8981 -40.9487 -13.9616 1 1 Left-Hippocampus
-36.6467 -43.5757 -13.8848 1 1 Left-Hippocampus
-41.3742 -46.7376 -14.1773 1 1 white-matter
-46.1017 -49.9001 -14.471 1 1 ctx-lh-fusiform
-50.8503 -52.5274 -14.3941 1 1 ctx-lh-inferiortemporal
-55.599 -55.1547 -14.3173 1 1 ctx-lh-inferiortemporal
-60.3265 -58.3172 -14.611 1 1 ctx-lh-inferiortemporal
-65.0751 -60.9444 -14.5341 1 1 ctx-lh-inferiortemporal
-33.2995 22.3813 -39.65 1 1 ctx-lh-temporalpole
-34.8038 17.0121 -37.3111 1 1 ctx-lh-temporalpole
-36.3407 11.745 -36.3728 1 1 ctx-lh-temporalpole
-37.8977 7.0123 -35.0664 1 1 ctx-lh-temporalpole
-39.402 1.643 -32.7276 1 1 ctx-lh-entorhinal
-40.9601 -3.0894 -31.4199 1 1 ctx-lh-entorhinal
-41.8569 -8.4109 -29.1003 1 1 white-matter
-43.3926 -13.6783 -28.1634 1 1 ctx-lh-fusiform
-44.9507 -18.4095 -26.8557 1 1 ctx-lh-fusiform
-45.8801 -23.6291 -25.938 1 1 ctx-lh-fusiform
-46.7545 -29.4852 -23.9879 1 1 ctx-lh-inferiortemporal
3.4093 -54.9219 35.3733 1 1 ctx-rh-isthmuscingulate
-0.7758 -57.8307 32.2565 1 1 ctx-lh-isthmuscingulate
-6.2609 -58.6958 30.6571 1 1 ctx-lh-isthmuscingulate
-11.1171 -60.0476 28.669 1 1 ctx-lh-precuneus
-16.5707 -61.0156 28.4716 1 1 white-matter
-22.0981 -60.811 27.6107 1 1 white-matter
-28.1792 -61.292 27.8018 1 1 white-matter
-33.6328 -62.26 27.6042 1 1 white-matter
-39.0526 -63.3307 28.8085 1 1 ctx-lh-inferiorparietal
-44.5051 -64.2986 28.6109 1 1 ctx-lh-inferiorparietal
-49.9049 -65.9043 29.4458 1 1 ctx-lh-inferiorparietal
-24.3066 -59.6549 -20.0961 1 1 ctx-lh-parahippocampal
-30.3889 -60.136 -19.9049 1 1 ctx-lh-fusiform
-35.8185 -60.2398 -16.5602 1 1 ctx-lh-fusiform
-41.3017 -59.7057 -14.2467 1 1 ctx-lh-fusiform
-46.166 -58.6916 -10.1813 1 1 ctx-lh-fusiform
-50.9539 -58.8498 -5.4529 1 1 white-matter
-55.2092 -57.7873 -1.4057 1 1 ctx-lh-middletemporal
-60.6285 -57.4588 3.7117 1 1 ctx-lh-bankssts
-65.4703 -56.9795 7.4076 1 1 ctx-lh-bankssts
-70.3344 -55.9652 11.4729 1 1 ctx-lh-middletemporal
-42.2303 -15.3767 -4.3478 1 1 ctx-lh-insula
-42.1634 -14.1835 2.369 1 1 Left-Putamen
-42.0739 -13.525 8.7162 1 1 ctx-lh-insula
-41.4107 -12.7152 13.6436 1 1 ctx-lh-insula
-41.3763 -11.419 18.9583 1 1 ctx-lh-insula
-40.6793 -10.7114 25.2862 1 1 ctx-lh-insula
-40.6237 -9.9498 30.2316 1 1 white-matter
-40.5355 -9.2911 36.5789 1 1 white-matter
-39.8923 -7.9471 41.8743 1 1 ctx-lh-caudalmiddlefrontal
-39.1965 -7.2406 48.2026 1 1 ctx-lh-precentral
-39.1609 -5.9431 53.5174 1 1 ctx-lh-precentral
-44.8947 11.1066 -6.5683 1 1 ctx-lh-insula
-42.4273 12.5956 -1.3297 1 1 ctx-lh-insula
-40.5477 13.5021 3.5589 1 1 ctx-lh-insula
-38.6879 14.9421 8.8169 1 1 ctx-lh-insula
-36.7756 15.7453 15.1061 1 1 ctx-lh-insula
-34.9158 17.1865 20.364 1 1 ctx-lh-parstriangularis
-32.4274 18.1405 25.232 1 1 white-matter
-30.5676 19.5805 30.49 1 1 white-matter
-28.688 20.487 35.3786 1 1 white-matter
-26.8282 21.928 40.6356 1 1 white-matter
-24.9486 22.8331 45.5237 1 1 white-matter
-11.9605 29.9919 -21.4941 1 1 ctx-lh-lateralorbitofrontal
-13.1202 30.6567 -16.5099 1 1 ctx-lh-lateralorbitofrontal
-14.8574 31.1716 -10.1058 1 1 white-matter
-16.0182 31.8365 -5.1215 1 1 white-matter
-17.808 32.989 0.25 1 1 white-matter
-18.9363 33.5508 6.6361 1 1 white-matter
-20.0961 34.2165 11.6189 1 1 white-matter
-21.8332 34.7304 18.0244 1 1 white-matter
-23.0141 35.9309 23.3765 1 1 white-matter
-24.1961 37.1315 28.73 1 1 ctx-lh-rostralmiddlefrontal
-25.932 37.6453 35.1345 1 1 ctx-lh-rostralmiddlefrontal
4.0076 39.6591 8.8661 1 1 ctx-rh-rostralanteriorcingulate
-1.466 39.2259 9.0379 1 1 ctx-lh-rostralanteriorcingulate
-6.962 39.3273 9.5791 1 1 ctx-lh-rostralanteriorcingulate
-12.4355 38.8943 9.7521 1 1 ctx-lh-rostralanteriorcingulate
-17.9091 38.4612 9.9238 1 1 white-matter
-24.0665 39.1525 9.4519 1 1 white-matter
-29.54 38.7206 9.6235 1 1 white-matter
-35.0136 38.2874 9.7952 1 1 white-matter
-40.541 38.4918 8.9344 1 1 ctx-lh-rostralmiddlefrontal
-46.0157 38.0589 9.1075 1 1 ctx-lh-rostralmiddlefrontal
-52.118 38.1126 9.668 1 1 ctx-lh-rostralmiddlefrontal
17.6042 -7.5484 -17.3788 1 1 Right-Amygdala
23.024 -6.4788 -18.5829 1 1 Right-Amygdala
28.5187 -6.5805 -19.1252 1 1 Right-Amygdala
33.9397 -5.5095 -20.3296 1 1 Right-Amygdala
39.3804 -4.9733 -21.9032 1 1 Right-Amygdala
44.8006 -3.9024 -23.1075 1 1 white-matter
49.6872 -4.0532 -23.6303 1 1 white-matter
55.1285 -3.5169 -25.204 1 1 ctx-rh-superiortemporal
60.5486 -2.446 -26.4083 1 1 ctx-rh-middletemporal
66.5979 -1.8631 -28.0011 1 1 ctx-rh-middletemporal
71.4099 -0.8404 -29.1873 1 1 ctx-rh-middletemporal
20.0469 -8.3235 -19.5967 1 1 Right-Amygdala
23.3335 -12.1362 -18.0733 1 1 Right-Amygdala
27.1952 -15.7965 -17.97 1 1 Right-Hippocampus
31.0894 -19.5614 -16.4659 1 1 Right-Hippocampus
35.0272 -24.3956 -15.7007 1 1 Right-Hippocampus
38.26 -27.5694 -15.2099 1 1 Right-Hippocampus
41.5887 -32.4514 -14.4252 1 1 Right-Hippocampus
45.4509 -36.1132 -14.3231 1 1 white-matter
48.726 -40.3575 -14.5709 1 1 white-matter
52.0338 -44.7047 -13.4169 1 1 ctx-rh-inferiortemporal
55.9169 -48.9011 -13.6841 1 1 ctx-rh-inferiortemporal
22.5768 -39.6278 -5.9237 1 1 Right-Thalamus-Proper
25.8732 -44.4072 -6.5409 1 1 Right-Hippocampus
28.5407 -48.6999 -6.7707 1 1 ctx-rh-lingual
31.2608 -53.6299 -5.9666 1 1 ctx-rh-lingual
33.9482 -58.4575 -6.5656 1 1 white-matter
36.6696 -63.3877 -5.7617 1 1 white-matter
39.3573 -68.2151 -6.3608 1 1 white-matter
42.0779 -73.1452 -5.5567 1 1 white-matter
44.1578 -78.0208 -6.1365 1 1 white-matter
46.8784 -82.9508 -5.3324 1 1 white-matter
49.5663 -87.7784 -5.9315 1 1 ctx-rh-lateraloccipital
-0.0985 27.9803 17.4201 1 1 outside-brain
5.4288 27.7754 18.2795 1 1 ctx-rh-caudalanteriorcingulate
10.3485 27.5219 19.1597 1 1 white-matter
15.8547 27.8521 20.3899 1 1 white-matter
21.382 27.6475 21.2506 1 1 white-matter
26.9107 27.4431 22.1112 1 1 white-matter
31.8829 26.5527 24.0227 1 1 white-matter
37.4103 26.3483 24.8834 1 1 white-matter
42.9594 25.6079 25.3749 1 1 white-matter
47.9326 24.7176 27.2862 1 1 ctx-rh-parsopercularis
53.5138 23.8754 29.1794 1 1 ctx-rh-parsopercularis
42.1837 -5.4796 -4.7854 1 1 Right-Putamen
42.1223 -2.4763 0.2356 1 1 Right-Putamen
42.0612 0.5284 5.2577 1 1 ctx-rh-insula
41.4453 2.8462 11.3306 1 1 ctx-rh-insula
41.4051 5.3148 15.9822 1 1 ctx-rh-insula
41.3975 7.6819 22.0369 1 1 white-matter
40.7283 10.6373 27.0772 1 1 white-matter
40.7415 12.4683 32.7616 1 1 ctx-rh-caudalmiddlefrontal
40.6798 15.473 37.7831 1 1 ctx-rh-caudalmiddlefrontal
40.6942 17.3039 43.4675 1 1 ctx-rh-caudalmiddlefrontal
40.6863 19.6708 49.5215 1 1 ctx-rh-caudalmiddlefrontal
21.9637 26.4665 -15.0239 1 1 ctx-rh-lateralorbitofrontal
22.5844 28.3452 -9.3591 1 1 white-matter
22.5989 30.1776 -3.6738 1 1 white-matter
23.2198 32.0563 1.991 1 1 white-matter
23.8419 33.9366 7.657 1 1 white-matter
23.8551 35.7675 13.3411 1 1 white-matter
25.086 37.6952 18.9864 1 1 white-matter
25.1204 38.9916 24.3012 1 1 white-matter
25.7201 41.4052 30.3369 1 1 ctx-rh-rostralmiddlefrontal
26.2883 43.9229 34.9696 1 1 ctx-rh-rostralmiddlefrontal
26.9316 45.2671 40.2655 1 1 ctx-rh-rostralmiddlefrontal
18.4531 -3.7696 -14.9504 1 1 Right-Amygdala
23.1932 -3.5483 -15.9866 1 1 Right-Amygdala
28.4569 -3.3303 -17.0165 1 1 Right-Amygdala
33.7421 -3.3296 -19.2713 1 1 Right-Amygdala
38.4824 -3.1074 -20.3075 1 1 ctx-rh-insula
43.7459 -2.8903 -21.3385 1 1 ctx-rh-superiortemporal
49.0403 -2.41 -23.4542 1 1 ctx-rh-middletemporal
54.3039 -2.193 -24.4852 1 1 ctx-rh-middletemporal
59.5584 -2.4546 -25.6543 1 1 ctx-rh-middletemporal
64.3295 -1.969 -27.7752 1 1 outside-brain
69.5932 -1.7521 -28.8062 1 1 outside-brain
74.3334 -1.5309 -29.8423 1 1 outside-brain
21.4547 -13.8137 -20.141 1 1 Right-Hippocampus
26.6783 -14.3397 -20.2253 1 1 Right-Hippocampus
31.9106 -14.3862 -20.1716 1 1 Right-Hippocampus
37.1342 -14.9111 -20.2559 1 1 Right-Hippocampus
42.3669 -14.9576 -20.201 1 1 white-matter
47.5997 -15.004 -20.1473 1 1 white-matter
52.8232 -15.5301 -20.2315 1 1 ctx-rh-middletemporal
58.5701 -16.0603 -20.3096 1 1 ctx-rh-middletemporal
63.2795 -16.1015 -20.2611 1 1 ctx-rh-middletemporal
68.5123 -16.1479 -20.2062 1 1 outside-brain
73.7668 -16.4096 -21.3764 1 1 outside-brain
78.9904 -16.9356 -21.4607 1 1 outside-brain
28.3111 -26.3144 -13.2135 1 1 Right-Hippocampus
33.5351 -26.8404 -13.2977 1 1 Right-Hippocampus
38.7587 -27.3655 -13.3821 1 1 Right-Hippocampus
44.0132 -27.6282 -14.5522 1 1 ctx-rh-inferiortemporal
49.246 -27.6745 -14.4974 1 1 white-matter
54.4787 -27.7199 -14.4426 1 1 ctx-rh-middletemporal
59.7241 -28.4613 -15.7519 1 1 white-matter
64.4334 -28.5034 -15.7022 1 1 ctx-rh-middletemporal
69.657 -29.0285 -15.7865 1 1 ctx-rh-middletemporal
75.4348 -29.2953 -16.9504 1 1 outside-brain
80.6675 -29.3418 -16.8967 1 1 outside-brain
85.8911 -29.8678 -16.981 1 1 outside-brain
32.9465 2.7877 -0.0836 1 1 Right-Putamen
37.6778 2.5302 -1.259 1 1 ctx-rh-insula
42.9014 2.0052 -1.3433 1 1 ctx-rh-insula
48.1649 2.2222 -2.3742 1 1 ctx-rh-precentral
53.3886 1.6962 -2.4586 1 1 ctx-rh-superiortemporal
58.1199 1.4387 -3.6339 1 1 ctx-rh-superiortemporal
63.8758 1.388 -3.5739 1 1 ctx-rh-superiortemporal
68.5761 0.8672 -3.6634 1 1 outside-brain
74.3539 0.6003 -4.8273 1 1 outside-brain
79.5865 0.554 -4.7724 1 1 outside-brain
85.3643 0.287 -5.9375 1 1 outside-brain
88.4767 -1.1784 -6.3207 1 1 outside-brain
34.2123 20.4198 -36.7906 1 1 ctx-rh-temporalpole
38.8328 18.4139 -34.9878 1 1 ctx-rh-superiortemporal
43.484 16.6704 -34.2698 1 1 ctx-rh-middletemporal
48.1045 14.6645 -32.467 1 1 ctx-rh-middletemporal
53.279 12.9167 -31.7438 1 1 ctx-rh-middletemporal
57.8995 10.9098 -29.9411 1 1 ctx-rh-middletemporal
62.5508 9.1673 -29.223 1 1 outside-brain
66.1247 7.1699 -27.4306 1 1 outside-brain
70.2618 5.9113 -26.5797 1 1 outside-brain
73.8756 4.6569 -25.7339 1 1 outside-brain
77.9819 3.1338 -23.7982 1 1 outside-brain
83.6978 2.3402 -22.7915 1 1 outside-brain
23.0726 31.6859 -17.4087 1 1 ctx-rh-lateralorbitofrontal
22.4228 31.8102 -11.5727 1 1 ctx-rh-lateralorbitofrontal
22.2866 31.4515 -5.8684 1 1 ctx-rh-lateralorbitofrontal
22.6827 31.5673 -0.0208 1 1 white-matter
22.5552 31.6884 5.8215 1 1 white-matter
22.4192 31.3297 11.5248 1 1 white-matter
22.323 31.7132 16.2813 1 1 white-matter
22.187 31.3545 21.9856 1 1 white-matter
22.5829 31.4704 27.8331 1 1 white-matter
22.4469 31.1117 33.5364 1 1 ctx-rh-rostralmiddlefrontal
22.3205 31.2318 39.3789 1 1 ctx-rh-superiorfrontal
22.2234 31.6162 44.136 1 1 ctx-rh-superiorfrontal
6.4066 -45.3964 55.3363 1 1 ctx-rh-precuneus
11.639 -45.4428 55.3907 1 1 ctx-rh-precuneus
16.8713 -45.4892 55.4452 1 1 ctx-rh-precuneus
22.1046 -45.5354 55.4996 1 1 ctx-rh-superiorparietal
27.3369 -45.5818 55.5542 1 1 white-matter
32.5788 -45.1488 55.7474 1 1 ctx-rh-superiorparietal
37.2883 -45.1905 55.7965 1 1 ctx-rh-superiorparietal
43.0534 -44.7621 55.9953 1 1 ctx-rh-postcentral
48.2861 -44.8084 56.0496 1 1 ctx-rh-postcentral
53.5278 -44.3755 56.243 1 1 ctx-rh-supramarginal
58.7605 -44.4218 56.2974 1 1 outside-brain
63.9932 -44.4681 56.352 1 1 outside-brain
28.8553 13.2728 7.5445 1 1 ctx-rh-insula
33.5917 14.6696 8.0096 1 1 ctx-rh-insula
38.8425 15.5816 8.3417 1 1 ctx-rh-parsopercularis
43.5792 16.9774 8.8079 1 1 ctx-rh-parsopercularis
48.8609 18.1527 8.054 1 1 ctx-rh-parsopercularis
54.121 19.5443 8.5254 1 1 ctx-rh-parsopercularis
59.3809 20.9359 8.9967 1 1 ctx-rh-parsopercularis
64.1393 22.1165 8.2378 1 1 outside-brain
69.3993 23.508 8.7091 1 1 outside-brain
74.681 24.6833 7.9553 1 1 outside-brain
79.4176 26.0791 8.4215 1 1 outside-brain
82.0704 27.9735 9.004 1 1 outside-brain
33.7537 -10.1633 19.4143 1 1 ctx-rh-insula
38.9773 -10.6894 19.3299 1 1 ctx-rh-postcentral
44.2317 -10.9511 18.1609 1 1 ctx-rh-postcentral
48.972 -10.7298 17.1247 1 1 ctx-rh-postcentral
54.7499 -10.9958 15.9608 1 1 ctx-rh-postcentral
59.4501 -11.5166 15.8702 1 1 ctx-rh-postcentral
64.7137 -11.2995 14.8403 1 1 ctx-rh-postcentral
69.9682 -11.5622 13.6702 1 1 ctx-rh-postcentral
75.1918 -12.0873 13.5858 1 1 outside-brain
80.9696 -12.3542 12.4219 1 1 outside-brain
85.7099 -12.133 11.3858 1 1 outside-brain
90.9335 -12.658 11.3014 1 1 outside-brain
35.9896 11.6299 -9.1037 1 1 ctx-rh-insula
40.7517 11.6359 -11.3638 1 1 ctx-rh-insula
45.5447 11.9052 -14.7097 1 1 ctx-rh-superiortemporal
50.3068 11.9112 -16.9698 1 1 ctx-rh-superiortemporal
55.0998 12.1806 -20.3146 1 1 ctx-rh-superiortemporal
59.3385 12.1907 -22.5809 1 1 outside-brain
64.1315 12.4601 -25.9258 1 1 outside-brain
68.3703 12.4713 -28.191 1 1 outside-brain
72.6092 12.4815 -30.4574 1 1 outside-brain
77.3712 12.4875 -32.7174 1 1 outside-brain
81.0867 12.5029 -34.9877 1 1 outside-brain
84.2518 11.0856 -37.6808 1 1 outside-brain
34.4763 -4.7993 -6.9068 1 1 ctx-rh-insula
39.1275 -6.5419 -6.19 1 1 ctx-rh-insula
44.3331 -8.0263 -6.5516 1 1 ctx-rh-superiortemporal
48.9934 -9.2891 -5.6943 1 1 ctx-rh-superiortemporal
53.6356 -11.5113 -5.1155 1 1 ctx-rh-superiortemporal
58.8502 -12.517 -5.339 1 1 ctx-rh-superiortemporal
63.5015 -14.2595 -4.621 1 1 ctx-rh-superiortemporal
68.707 -15.7439 -4.9836 1 1 ctx-rh-superiortemporal
73.8816 -17.4907 -4.2605 1 1 outside-brain
78.5637 -18.9708 -4.6273 1 1 outside-brain
83.7384 -20.7175 -3.9041 1 1 outside-brain
88.9129 -22.4653 -3.1809 1 1 outside-brain
4.6995 -35.6 25.6181 1 1 ctx-rh-isthmuscingulate
9.9417 -35.1667 25.811 1 1 ctx-rh-isthmuscingulate
15.1652 -35.6928 25.7266 1 1 white-matter
20.3975 -35.7392 25.7814 1 1 white-matter
25.6308 -35.7856 25.8364 1 1 white-matter
30.8631 -35.832 25.8901 1 1 white-matter
36.0958 -35.8784 25.9449 1 1 white-matter
41.3286 -35.9238 25.9999 1 1 white-matter
47.0845 -35.9754 26.0599 1 1 white-matter
51.7631 -36.2799 27.1932 1 1 white-matter
57.5281 -35.8519 27.3924 1 1 ctx-rh-supramarginal
62.7608 -35.8983 27.4473 1 1 ctx-rh-supramarginal
0.628 24.6189 18.5941 1 1 ctx-rh-caudalanteriorcingulate
5.8689 25.0521 18.7881 1 1 ctx-rh-caudalanteriorcingulate
10.5573 25.2262 20.0606 1 1 white-matter
15.7993 25.6585 20.2547 1 1 white-matter
21.0187 26.308 21.6715 1 1 white-matter
26.2608 26.7403 21.8645 1 1 white-matter
31.4714 26.9101 23.1433 1 1 white-matter
36.7134 27.3434 23.3362 1 1 ctx-rh-rostralmiddlefrontal
41.4101 27.9962 24.7479 1 1 ctx-rh-rostralmiddlefrontal
47.1751 28.4242 24.9471 1 1 ctx-rh-rostralmiddlefrontal
51.8719 29.078 26.3588 1 1 ctx-rh-rostralmiddlefrontal
57.6278 29.0273 26.4188 1 1 outside-brain
3.7548 -5.3457 32.038 1 1 ctx-rh-posteriorcingulate
8.9784 -5.8707 31.9536 1 1 white-matter
13.6883 -5.913 32.0022 1 1 white-matter
19.4441 -5.9635 32.0623 1 1 white-matter
24.1528 -6.0057 32.112 1 1 white-matter
29.9096 -6.0563 32.1719 1 1 white-matter
35.142 -6.1027 32.2257 1 1 white-matter
40.3747 -6.1491 32.2806 1 1 ctx-rh-precentral
45.5983 -6.6741 32.1962 1 1 ctx-rh-precentral
50.8002 -6.984 33.3358 1 1 ctx-rh-postcentral
56.0328 -7.0303 33.3907 1 1 ctx-rh-postcentral
61.2564 -7.5563 33.3064 1 1 ctx-rh-postcentral
21.0249 -7.1205 -36.9557 1 1 ctx-rh-entorhinal
29.7789 -7.1888 -44.141 1 1 ctx-rh-fusiform
40.0874 -6.6801 -45.0151 1 1 ctx-rh-inferiortemporal
50.1045 -6.7123 -41.6271 1 1 ctx-rh-inferiortemporal
24.8921 -16.6366 -8.9072 1 1 Right-Amygdala
30.4485 -16.1773 -10.7949 1 1 Right-Amygdala
35.4307 -15.1168 -11.5855 1 1 Right-Putamen
40.9074 -15.1558 -13.2444 1 1 ctx-rh-insula
45.81 -14.5941 -13.8043 1 1 ctx-rh-superiortemporal
51.3753 -13.65 -14.578 1 1 ctx-rh-superiortemporal
56.7017 -14.2013 -14.6631 1 1 ctx-rh-middletemporal
62.1255 -13.2859 -12.7485 1 1 ctx-rh-middletemporal
17.7995 -15.5052 -19.6404 1 1 Right-Hippocampus
23.2844 -15.0595 -20.185 1 1 Right-Hippocampus
28.7613 -15.0994 -21.8434 1 1 Right-Hippocampus
34.247 -14.6536 -22.3881 1 1 Right-Hippocampus
39.0613 -15.075 -23.8332 1 1 Right-Hippocampus
45.0503 -15.2454 -24.1327 1 1 ctx-rh-fusiform
50.3768 -15.7977 -24.2173 1 1 white-matter
55.7828 -15.8507 -24.5315 1 1 white-matter
28.3524 -29.3989 -16.711 1 1 Right-Hippocampus
33.7682 -28.9672 -15.9111 1 1 Right-Hippocampus
39.1828 -28.5364 -15.1105 1 1 Right-Hippocampus
44.5093 -29.0887 -15.1952 1 1 white-matter
49.9241 -28.6571 -14.3951 1 1 ctx-rh-middletemporal
55.348 -27.7405 -12.4809 1 1 ctx-rh-middletemporal
60.1005 -27.6922 -11.4668 1 1 ctx-rh-middletemporal
65.4447 -27.275 -9.3231 1 1 ctx-rh-middletemporal
47.552 -57.5648 25.445 1 1 ctx-rh-inferiorparietal
51.7295 -61.976 25.8359 1 1 ctx-rh-inferiorparietal
54.8117 -66.1389 24.8516 1 1 ctx-rh-inferiorparietal
57.7437 -70.8152 25.4401 1 1 outside-brain
58.2642 -75.5228 26.1946 1 1 ctx-rh-inferiorparietal
56.3909 -79.2927 29.3437 1 1 ctx-rh-inferiorparietal
52.9188 -82.1999 30.8704 1 1 ctx-rh-inferiorparietal
48.2013 -85.3723 32.5948 1 1 ctx-rh-inferiorparietal
37.614 -57.034 21.828 1 1 white-matter
43.1261 -60.1967 22.9063 1 1 ctx-rh-inferiorparietal
48.2226 -61.7597 24.6257 1 1 ctx-rh-inferiorparietal
52.5771 -64.2042 26.7866 1 1 ctx-rh-inferiorparietal
56.3486 -66.5312 28.9329 1 1 ctx-rh-inferiorparietal
58.1503 -69.0353 33.948 1 1 ctx-rh-inferiorparietal
57.5403 -71.5706 39.1292 1 1 ctx-rh-inferiorparietal
54.086 -73.5083 42.8857 1 1 ctx-rh-inferiorparietal
9.5711 74.074 -7.4653 1 1 outside-brain
19.9943 71.9588 -5.8319 1 1 outside-brain
30.0285 67.834 -1.9356 1 1 ctx-rh-rostralmiddlefrontal
39.2318 61.8461 1.5192 1 1 ctx-rh-rostralmiddlefrontal
45.8558 54.344 4.4832 1 1 ctx-rh-parsorbitalis
49.096 44.9182 9.8588 1 1 ctx-rh-parstriangularis
52.3276 35.0076 14.1204 1 1 ctx-rh-parstriangularis
55.0645 26.1971 19.2514 1 1 ctx-rh-parstriangularis
69.7366 -34.3098 -6.4236 1 1 ctx-rh-middletemporal
69.3815 -44.5029 -3.1431 1 1 ctx-rh-middletemporal
68.4437 -54.5796 0.1206 1 1 ctx-rh-middletemporal
65.8453 -63.3224 4.222 1 1 ctx-rh-middletemporal
62.655 -72.4333 7.192 1 1 ctx-rh-middletemporal
57.2123 -80.5788 9.8674 1 1 ctx-rh-inferiorparietal
51.116 -88.6208 13.8729 1 1 ctx-rh-inferiorparietal
43.6601 -94.3043 15.5659 1 1 ctx-rh-inferiorparietal
69.7459 -29.9618 4.953 1 1 ctx-rh-superiortemporal
70.557 -40.3887 8.2652 1 1 ctx-rh-superiortemporal
69.5395 -50.9638 11.7591 1 1 ctx-rh-bankssts
67.5241 -59.8234 15.8762 1 1 ctx-rh-bankssts
63.7508 -68.8173 18.8305 1 1 outside-brain
59.3945 -77.695 21.7679 1 1 ctx-rh-inferiorparietal
52.2914 -84.5065 25.281 1 1 ctx-rh-inferiorparietal
43.1662 -89.3412 26.6963 1 1 ctx-rh-inferiorparietal
68.6789 -18.1375 10.3624 1 1 ctx-rh-superiortemporal
69.0132 -26.4942 16.7733 1 1 ctx-rh-postcentral
69.1883 -35.8492 23.6429 1 1 ctx-rh-superiortemporal
69.6023 -43.7079 29.8236 1 1 ctx-rh-supramarginal
67.0128 -51.9661 35.0392 1 1 ctx-rh-supramarginal
62.0914 -59.7575 40.1905 1 1 ctx-rh-supramarginal
54.9971 -66.084 44.819 1 1 ctx-rh-inferiorparietal
46.8075 -72.1634 48.0701 1 1 ctx-rh-inferiorparietal
68.4235 -11.6769 20.8048 1 1 ctx-rh-postcentral
68.166 -20.4025 26.0848 1 1 ctx-rh-postcentral
68.4208 -29.2587 32.7251 1 1 ctx-rh-supramarginal
68.7551 -37.6163 39.1352 1 1 ctx-rh-supramarginal
65.6711 -44.7743 45.2199 1 1 ctx-rh-supramarginal
59.5837 -52.3323 50.3386 1 1 ctx-rh-supramarginal
51.9771 -58.5281 53.6066 1 1 ctx-rh-supramarginal
43.7876 -64.6075 56.8578 1 1 ctx-rh-inferiorparietal
40.2141 12.6248 -43.0497 1 1 ctx-rh-temporalpole
49.268 11.1857 -36.301 1 1 ctx-rh-middletemporal
55.7602 9.2012 -27.8131 1 1 ctx-rh-middletemporal
60.0259 4.576 -17.9952 1 1 ctx-rh-middletemporal
62.463 -0.1982 -7.9966 1 1 ctx-rh-middletemporal
66.6404 -5.8074 0.9364 1 1 ctx-rh-superiortemporal
66.666 -10.613 11.101 1 1 ctx-rh-superiortemporal
66.6916 -15.4192 21.2646 1 1 ctx-rh-postcentral
37.7422 23.1871 -36.9845 1 1 ctx-rh-temporalpole
45.4711 20.9833 -29.8086 1 1 ctx-rh-superiortemporal
51.1415 17.621 -20.647 1 1 ctx-rh-superiortemporal
55.4868 13.4936 -11.0592 1 1 ctx-rh-superiortemporal
59.7526 8.8674 -1.241 1 1 ctx-rh-superiortemporal
63.3558 3.8598 8.7904 1 1 ctx-rh-precentral
65.2011 -1.2826 17.6578 1 1 ctx-rh-precentral
65.2267 -6.0883 27.8225 1 1 ctx-rh-precentral
53.9419 22.5948 31.6128 1 1 ctx-rh-rostralmiddlefrontal
57.1912 13.6531 38.104 1 1 ctx-rh-rostralmiddlefrontal
58.7623 5.076 43.2024 1 1 ctx-rh-precentral
58.4163 -4.6326 47.5971 1 1 ctx-rh-precentral
57.4783 -14.7088 50.8608 1 1 ctx-rh-precentral
56.6377 -23.3174 56.1246 1 1 ctx-rh-postcentral
55.6997 -33.394 59.3885 1 1 ctx-rh-postcentral
53.6665 -43.223 61.276 1 1 ctx-rh-supramarginal
48.1922 28.1243 41.4844 1 1 ctx-rh-rostralmiddlefrontal
50.8585 19.2995 47.9595 1 1 ctx-rh-rostralmiddlefrontal
52.3498 10.2243 53.2872 1 1 ctx-rh-caudalmiddlefrontal
51.9949 0.0308 56.5673 1 1 ctx-rh-caudalmiddlefrontal
50.4829 -9.4445 60.93 1 1 ctx-rh-precentral
48.3702 -19.7722 63.0471 1 1 ctx-rh-precentral
46.9289 -29.2333 66.0653 1 1 ctx-rh-precentral
44.2331 -39.4443 68.1663 1 1 ctx-rh-postcentral
12.2725 -108.2451 -17.5295 1 1 outside-brain
18.5347 -115.1038 -17.4999 1 1 ctx-rh-lateraloccipital
28.2255 -112.5533 -12.5871 1 1 ctx-rh-lateraloccipital
35.8314 -107.5554 -7.313 1 1 ctx-rh-lateraloccipital
42.4404 -100.8425 -1.417 1 1 ctx-rh-lateraloccipital
48.4652 -94.0121 4.4644 1 1 ctx-rh-lateraloccipital
27.8319 -28.5544 -27.7267 1 1 ctx-rh-parahippocampal
38.476 -30.1432 -29.0119 1 1 ctx-rh-parahippocampal
49.8888 -29.3977 -27.3954 1 1 ctx-rh-inferiortemporal
59.9676 -29.8996 -26.4669 1 1 ctx-rh-inferiortemporal
39.5015 -77.8712 -23.5809 1 1 ctx-rh-fusiform
49.7938 -73.2703 -24.9647 1 1 ctx-rh-fusiform
58.1951 -68.347 -23.7076 1 1 ctx-rh-inferiortemporal
64.8652 -62.1043 -20.2694 1 1 ctx-rh-inferiortemporal
8.9386 -76.1776 -7.7605 1 1 ctx-rh-lingual
5.3784 -81.266 1.4233 1 1 ctx-rh-pericalcarine
4.0695 -87.3206 10.8995 1 1 ctx-lh-cuneus
4.5892 -93.2267 20.1951 1 1 ctx-lh-cuneus
7.7693 -97.1202 29.7511 1 1 ctx-rh-cuneus
15.8247 -96.8442 37.1231 1 1 ctx-rh-cuneus
24.5889 -92.5644 41.3144 1 1 ctx-rh-superiorparietal
33.0956 -85.6884 45.6861 1 1 ctx-rh-superiorparietal
20.4367 27.9639 6.6317 1 1 white-matter
23.5068 29.9627 9.1173 1 1 white-matter
26.6774 31.785 12.6105 1 1 white-matter
29.9377 33.8944 17.2609 1 1 white-matter
33.1084 35.7171 20.7552 1 1 ctx-rh-rostralmiddlefrontal
36.2788 37.5394 24.2485 1 1 ctx-rh-rostralmiddlefrontal
39.4598 38.8975 27.593 1 1 ctx-rh-rostralmiddlefrontal
42.244 40.5382 32.1406 1 1 ctx-rh-rostralmiddlefrontal
45.4251 41.8962 35.4852 1 1 outside-brain
48.5956 43.7178 38.979 1 1 outside-brain
51.2897 45.0714 42.3694 1 1 outside-brain
53.3964 46.5959 44.7978 1 1 outside-brain
29.8907 40.2174 20.3558 1 1 ctx-rh-rostralmiddlefrontal
30.484 44.0487 23.6677 1 1 ctx-rh-rostralmiddlefrontal
30.5798 48.3379 27.1744 1 1 ctx-rh-rostralmiddlefrontal
31.1834 51.7046 30.3367 1 1 ctx-rh-rostralmiddlefrontal
31.3904 55.353 34.7024 1 1 ctx-rh-rostralmiddlefrontal
31.9835 59.1841 38.0138 1 1 outside-brain
32.111 62.08 41.0734 1 1 outside-brain
32.6353 64.6944 42.9297 1 1 outside-brain
26.6094 29.8028 32.3927 1 1 ctx-rh-rostralmiddlefrontal
28.4198 31.4335 37.0321 1 1 ctx-rh-rostralmiddlefrontal
30.331 32.8869 42.6796 1 1 ctx-rh-rostralmiddlefrontal
31.6537 34.5121 47.3651 1 1 ctx-rh-superiorfrontal
33.4642 36.1427 52.0043 1 1 outside-brain
35.3751 37.5971 57.6517 1 1 outside-brain
37.175 39.6913 62.4403 1 1 outside-brain
39.086 41.1455 68.0875 1 1 outside-brain
35.2751 9.434 -2.8744 1 1 ctx-rh-insula
34.2751 10.3934 2.8999 1 1 ctx-rh-insula
33.1745 11.5289 7.6656 1 1 ctx-rh-insula
32.6616 12.4926 13.3938 1 1 ctx-rh-insula
31.561 13.6282 18.1594 1 1 white-matter
30.9366 15.2335 23.0281 1 1 white-matter
29.9369 16.1928 28.8023 1 1 white-matter
28.8365 17.3283 33.5682 1 1 white-matter
27.7361 18.464 38.3341 1 1 ctx-rh-caudalmiddlefrontal
27.1114 20.0684 43.2033 1 1 ctx-rh-caudalmiddlefrontal
26.4976 21.2094 47.9233 1 1 ctx-rh-caudalmiddlefrontal
25.9745 22.6375 53.8003 1 1 ctx-rh-superiorfrontal
16.4228 12.0507 -8.7911 1 1 Right-Putamen
19.5834 14.3376 -5.1486 1 1 Right-Putamen
22.7321 17.0879 -1.3564 1 1 Right-Putamen
25.8022 19.0868 1.1291 1 1 Right-Putamen
28.9518 21.838 4.9209 1 1 ctx-rh-insula
31.625 24.1195 8.6097 1 1 ctx-rh-insula
34.6843 26.5825 11.2435 1 1 ctx-rh-parstriangularis
37.8442 28.8693 14.8861 1 1 ctx-rh-rostralmiddlefrontal
41.0148 30.691 18.3806 1 1 ctx-rh-rostralmiddlefrontal
44.0636 33.6185 21.1637 1 1 ctx-rh-rostralmiddlefrontal
47.2236 35.9055 24.8068 1 1 ctx-rh-rostralmiddlefrontal
50.3835 38.1924 28.4494 1 1 ctx-rh-rostralmiddlefrontal
19.2522 55.3239 -12.4558 1 1 ctx-rh-rostralmiddlefrontal
19.3 53.0433 -7.817 1 1 ctx-rh-rostralmiddlefrontal
19.3378 51.2273 -3.029 1 1 ctx-rh-rostralmiddlefrontal
19.8723 48.9512 1.5638 1 1 ctx-rh-rostralmiddlefrontal
19.92 46.6703 6.2015 1 1 white-matter
19.8662 44.5662 9.8328 1 1 white-matter
19.914 42.2856 14.4716 1 1 ctx-rh-superiorfrontal
19.9517 40.4692 19.2586 1 1 ctx-rh-superiorfrontal
19.8988 38.3652 22.8897 1 1 white-matter
19.9355 36.5488 27.677 1 1 white-matter
19.9723 34.7325 32.4646 1 1 ctx-rh-rostralmiddlefrontal
19.5335 32.4465 37.1492 1 1 ctx-rh-rostralmiddlefrontal
9.4123 33.2706 1.8821 1 1 ctx-rh-rostralanteriorcingulate
14.2927 32.8578 1.2735 1 1 white-matter
19.6488 32.9137 0.7681 1 1 white-matter
24.6289 32.3233 1.1674 1 1 white-matter
29.5081 31.9104 0.5589 1 1 white-matter
34.0013 31.3157 1.0044 1 1 ctx-rh-parstriangularis
38.9817 30.7257 1.4046 1 1 ctx-rh-parstriangularis
43.8614 30.3118 0.7963 1 1 ctx-rh-parstriangularis
9.1544 -38.9057 39.0416 1 1 ctx-rh-precuneus
14.1245 -39.0311 39.5911 1 1 ctx-rh-precuneus
19.5913 -39.6161 39.9442 1 1 white-matter
24.0738 -39.7468 40.5389 1 1 ctx-rh-superiorparietal
29.5204 -39.403 41.1905 1 1 ctx-rh-superiorparietal
34.0029 -39.5337 41.7853 1 1 ctx-rh-supramarginal
39.4487 -39.1899 42.4372 1 1 ctx-rh-supramarginal
43.9317 -39.3206 43.0318 1 1 ctx-rh-supramarginal
48.8908 -38.982 43.7295 1 1 white-matter
53.8604 -39.1077 44.2782 1 1 ctx-rh-supramarginal
59.3066 -38.7638 44.9301 1 1 ctx-rh-supramarginal
63.7894 -38.8946 45.5246 1 1 ctx-rh-supramarginal
32.0012 -22.4248 -8.4166 1 1 Right-Hippocampus
35.219 -26.9253 -8.0172 1 1 Right-Hippocampus
37.9389 -30.9671 -7.4243 1 1 Right-Hippocampus
40.5585 -34.8327 -7.838 1 1 ctx-rh-parahippocampal
43.7654 -38.8695 -7.2903 1 1 white-matter
47.3483 -42.2603 -7.6471 1 1 white-matter
50.5341 -45.3684 -6.8008 1 1 white-matter
53.7199 -48.4768 -5.9555 1 1 ctx-rh-middletemporal
44.0297 -0.0099 34.0748 1 1 ctx-rh-precentral
47.1897 2.277 37.7176 1 1 ctx-rh-precentral
50.4608 3.923 42.2191 1 1 ctx-rh-precentral
53.6314 5.7446 45.7129 1 1 ctx-rh-precentral
56.3361 6.6337 48.9543 1 1 ctx-rh-precentral
59.1202 8.2744 53.5018 1 1 outside-brain
61.8038 10.0914 57.0415 1 1 outside-brain
64.0216 10.9751 60.3287 1 1 outside-brain
27.4166 -1.8635 34.0323 1 1 white-matter
32.0794 -1.4188 36.9409 1 1 white-matter
36.631 -0.3334 38.9907 1 1 ctx-rh-caudalmiddlefrontal
40.7964 0.5712 42.0943 1 1 ctx-rh-precentral
44.8717 1.1868 44.0409 1 1 ctx-rh-precentral
49.0476 1.627 46.9955 1 1 ctx-rh-precentral
53.2237 2.0662 49.9502 1 1 ctx-rh-precentral
56.7116 2.8538 50.9347 1 1 outside-brain
36.2973 -2.8363 39.2992 1 1 ctx-rh-precentral
40.4629 -1.9326 42.4029 1 1 ctx-rh-precentral
44.1307 -0.5691 45.7015 1 1 ctx-rh-precentral
48.2961 0.3346 48.8053 1 1 ctx-rh-precentral
51.4879 1.2283 52.0008 1 1 ctx-rh-precentral
54.5892 1.8349 54.0392 1 1 outside-brain
57.1934 2.8996 56.2727 1 1 outside-brain
60.3955 3.3289 59.3193 1 1 outside-brain
-15.0259 -3.8967 -18.2312 1 1 Left-Amygdala
-20.1981 -3.6614 -18.9584 1 1 Left-Amygdala
-25.3276 -3.5824 -18.5669 1 1 Left-Amygdala
-30.4561 -3.5025 -18.1766 1 1 Left-Amygdala
-35.6283 -3.2682 -18.9038 1 1 white-matter
-40.7578 -3.1881 -18.5135 1 1 ctx-lh-superiortemporal
-45.3737 -3.1162 -18.1627 1 1 ctx-lh-superiortemporal
-50.5459 -2.881 -18.8898 1 1 ctx-lh-superiortemporal
-55.6755 -2.802 -18.4995 1 1 ctx-lh-middletemporal
-60.8051 -2.2134 -17.9843 1 1 ctx-lh-middletemporal
-65.9772 -1.9782 -18.7115 1 1 ctx-lh-middletemporal
-71.1069 -1.3896 -18.1963 1 1 outside-brain
-19.0701 -14.1664 -19.2936 1 1 Left-Hippocampus
-23.6433 -14.2497 -17.8241 1 1 Left-Hippocampus
-28.7293 -13.8165 -16.1913 1 1 Left-Hippocampus
-33.8588 -13.227 -15.676 1 1 Left-Hippocampus
-38.9447 -13.3033 -14.1682 1 1 Left-Hippocampus
-43.5181 -12.8771 -12.5748 1 1 ctx-lh-superiortemporal
-48.6465 -12.7972 -12.1845 1 1 ctx-lh-superiortemporal
-53.7335 -12.3639 -10.5517 1 1 ctx-lh-middletemporal
-58.862 -12.284 -10.1614 1 1 ctx-lh-middletemporal
-63.9479 -12.3593 -8.6523 1 1 ctx-lh-middletemporal
-68.5212 -11.9341 -7.0591 1 1 ctx-lh-middletemporal
-73.6061 -12.0095 -5.5512 1 1 outside-brain
-26.0164 -26.0267 -15.8999 1 1 Left-Hippocampus
-30.5896 -26.1091 -14.4302 1 1 Left-Hippocampus
-35.7181 -26.0301 -14.04 1 1 Left-Hippocampus
-40.8051 -25.5959 -12.4071 1 1 ctx-lh-fusiform
-45.89 -25.6722 -10.8993 1 1 white-matter
-50.9748 -26.2561 -9.5163 1 1 white-matter
-55.5481 -25.8299 -7.9219 1 1 ctx-lh-middletemporal
-60.6777 -25.751 -7.5316 1 1 ctx-lh-middletemporal
-65.7626 -25.8264 -6.0237 1 1 ctx-lh-middletemporal
-70.8484 -25.9016 -4.5158 1 1 ctx-lh-middletemporal
-75.977 -25.8217 -4.1255 1 1 outside-brain
-81.0618 -26.4065 -2.7414 1 1 outside-brain
-21.6274 5.8925 -26.9446 1 1 ctx-lh-temporalpole
-26.7559 5.9724 -26.5543 1 1 ctx-lh-temporalpole
-31.928 5.6982 -27.4064 1 1 ctx-lh-temporalpole
-36.5439 5.7701 -27.0555 1 1 ctx-lh-temporalpole
-41.6723 5.3404 -26.789 1 1 ctx-lh-inferiortemporal
-47.3135 5.4285 -26.3603 1 1 ctx-lh-middletemporal
-51.9731 5.6547 -27.1259 1 1 ctx-lh-middletemporal
-57.6153 5.7428 -26.696 1 1 ctx-lh-middletemporal
-62.2748 5.97 -27.4627 1 1 outside-brain
-67.4033 6.0489 -27.0725 1 1 outside-brain
-72.0202 6.1208 -26.7215 1 1 outside-brain
-77.1924 6.3561 -27.4488 1 1 outside-brain
-29.9872 3.6264 10.1863 1 1 ctx-lh-insula
-34.5606 4.0515 11.7796 1 1 ctx-lh-insula
-39.6891 4.1314 12.1699 1 1 ctx-lh-parsopercularis
-44.775 4.5646 13.8027 1 1 ctx-lh-parsopercularis
-49.862 4.9979 15.4355 1 1 ctx-lh-parsopercularis
-54.9479 5.4321 17.0683 1 1 ctx-lh-precentral
-59.5213 5.8573 18.6616 1 1 ctx-lh-precentral
-64.5636 5.6266 21.2871 1 1 outside-brain
-69.1368 6.0527 22.8813 1 1 outside-brain
-74.2227 5.9775 24.3894 1 1 outside-brain
-79.3087 6.4107 26.0221 1 1 outside-brain
-84.3957 7.3535 27.7795 1 1 outside-brain
-6.5022 -10.5248 1.5471 1 1 Left-Thalamus-Proper
-11.0722 -12.1349 2.643 1 1 Left-Thalamus-Proper
-16.157 -13.2283 3.9011 1 1 Left-Thalamus-Proper
-20.7269 -14.8384 4.997 1 1 Left-Pallidum
-25.8544 -15.7765 5.1375 1 1 Left-Putamen
-30.4681 -17.2313 5.1148 1 1 Left-Putamen
-35.0381 -18.8415 6.2107 1 1 ctx-lh-insula
-40.1655 -19.7796 6.3513 1 1 ctx-lh-transversetemporal
-45.2928 -21.2272 6.368 1 1 ctx-lh-transversetemporal
-49.9065 -22.1735 6.4701 1 1 ctx-lh-superiortemporal
-54.9913 -23.2658 7.7294 1 1 ctx-lh-superiortemporal
-59.605 -24.7217 7.7066 1 1 ctx-lh-superiortemporal
-0.4367 23.3056 22.136 1 1 ctx-lh-caudalanteriorcingulate
-5.5237 23.7389 23.7689 1 1 ctx-lh-caudalanteriorcingulate
-9.5396 23.4931 26.3166 1 1 ctx-lh-caudalanteriorcingulate
-14.6255 23.9263 27.9492 1 1 ctx-lh-superiorfrontal
-19.1563 24.7056 30.7852 1 1 white-matter
-24.2432 25.1389 32.418 1 1 white-matter
-28.7729 25.4097 35.1293 1 1 ctx-lh-rostralmiddlefrontal
-33.3473 26.3445 36.8477 1 1 ctx-lh-rostralmiddlefrontal
-38.4332 26.7776 38.4805 1 1 ctx-lh-rostralmiddlefrontal
-42.9639 27.0485 41.1918 1 1 ctx-lh-rostralmiddlefrontal
-47.5372 27.9831 42.9101 1 1 ctx-lh-rostralmiddlefrontal
-52.6242 28.4164 44.5429 1 1 outside-brain
-0.8186 -2.7685 32.0044 1 1 ctx-lh-posteriorcingulate
-5.9034 -3.3534 33.3879 1 1 white-matter
-10.433 -3.5911 35.9747 1 1 white-matter
-15.5178 -3.6665 37.4827 1 1 white-matter
-20.0475 -3.9052 40.0695 1 1 white-matter
-25.1323 -4.489 41.4529 1 1 ctx-lh-caudalmiddlefrontal
-29.7035 -5.0821 42.7973 1 1 ctx-lh-caudalmiddlefrontal
-34.7894 -5.1573 44.3054 1 1 ctx-lh-caudalmiddlefrontal
-39.3179 -5.9047 46.7676 1 1 ctx-lh-precentral
-44.4016 -6.9981 48.0264 1 1 ctx-lh-precentral
-48.9748 -7.0805 49.4955 1 1 ctx-lh-precentral
-54.0596 -7.6653 50.879 1 1 ctx-lh-precentral
-12.4963 28.8652 -11.1619 1 1 ctx-lh-medialorbitofrontal
-12.9762 28.3045 -5.3961 1 1 white-matter
-12.9471 27.6969 0.299 1 1 white-matter
-13.4269 27.1364 6.066 1 1 white-matter
-14.0014 26.8055 10.7347 1 1 white-matter
-13.9722 26.1969 16.4298 1 1 white-matter
-13.8786 26.086 22.2658 1 1 white-matter
-14.3583 25.5245 28.0329 1 1 white-matter
-14.2657 25.4132 33.8677 1 1 white-matter
-14.3313 25.0359 38.4666 1 1 ctx-lh-superiorfrontal
-14.2076 24.1974 45.259 1 1 white-matter
-14.1138 24.0854 51.095 1 1 ctx-lh-superiorfrontal
-15.3994 44.3682 0.8318 1 1 ctx-lh-medialorbitofrontal
-20.2364 42.8062 0.9064 1 1 white-matter
-25.5187 41.7864 1.1918 1 1 ctx-lh-rostralmiddlefrontal
-30.2924 40.7209 1.4061 1 1 ctx-lh-rostralmiddlefrontal
-35.5736 39.7015 1.6926 1 1 ctx-lh-rostralmiddlefrontal
-40.856 38.6816 1.9779 1 1 ctx-lh-parstriangularis
-45.6284 37.6154 2.1935 1 1 ctx-lh-parstriangularis
-50.9108 36.5966 2.4787 1 1 ctx-lh-parstriangularis
-28.4362 9.4879 -5.7447 1 1 Left-Putamen
-27.1275 12.7187 -1.4008 1 1 ctx-lh-insula
-25.754 16.4459 3.0828 1 1 Left-Putamen
-24.5099 19.181 7.2855 1 1 ctx-lh-insula
-23.1376 22.9071 11.7694 1 1 white-matter
-21.8935 25.6422 15.9721 1 1 white-matter
-20.5201 29.3697 20.4569 1 1 white-matter
-19.7859 32.1514 24.7305 1 1 ctx-lh-rostralmiddlefrontal
-18.4124 35.8777 29.2143 1 1 ctx-lh-rostralmiddlefrontal
-17.6126 39.1561 33.628 1 1 ctx-lh-rostralmiddlefrontal
-16.2091 42.1568 39.0683 1 1 ctx-lh-superiorfrontal
-15.4103 45.4342 43.4824 1 1 ctx-lh-superiorfrontal
-8.7107 1.1627 40.1417 1 1 ctx-lh-superiorfrontal
-14.0231 0.8695 39.4709 1 1 white-matter
-18.7966 -0.1969 39.6865 1 1 white-matter
-24.0779 -1.2166 39.9719 1 1 white-matter
-29.3902 -1.5098 39.3009 1 1 ctx-lh-caudalmiddlefrontal
-34.6726 -2.5283 39.5872 1 1 ctx-lh-precentral
-39.8892 -3.0523 40.0137 1 1 ctx-lh-precentral
-44.5981 -3.6222 40.3691 1 1 ctx-lh-precentral
-8.9684 -40.7117 18.3005 1 1 ctx-lh-isthmuscingulate
-14.3154 -42.2272 18.446 1 1 white-matter
-19.5967 -43.2465 18.7312 1 1 white-matter
-24.4348 -44.8089 18.8058 1 1 white-matter
-29.2072 -45.8749 19.0214 1 1 white-matter
-34.6488 -47.1603 18.0697 1 1 white-matter
-39.8654 -47.6837 18.4961 1 1 white-matter
-44.6389 -48.75 18.7105 1 1 ctx-lh-inferiorparietal
30.613 -16.8833 5.6906 1 1 Right-Putamen
30.7065 -16.9953 11.5267 1 1 Right-Putamen
30.7357 -17.6026 17.2228 1 1 white-matter
31.2736 -18.257 22.8469 1 1 white-matter
31.3672 -18.3689 28.683 1 1 white-matter
31.3962 -18.9765 34.378 1 1 white-matter
31.395 -18.8585 39.117 1 1 white-matter
31.553 -18.4739 45.0935 1 1 white-matter
32.1555 -18.6326 50.8586 1 1 ctx-rh-precentral
32.249 -18.7446 56.6946 1 1 ctx-rh-precentral
32.3123 -18.1302 61.5741 1 1 ctx-rh-precentral
32.4702 -17.7459 67.5503 1 1 ctx-rh-precentral
12.7857 26.3746 -11.1954 1 1 ctx-rh-lateralorbitofrontal
14.9493 27.2977 -6.4579 1 1 white-matter
16.7625 28.5328 -0.4135 1 1 white-matter
18.9251 29.4558 4.324 1 1 white-matter
20.6444 30.9221 9.2722 1 1 white-matter
22.8071 31.8448 14.0088 1 1 white-matter
25.0654 32.538 19.8434 1 1 white-matter
26.7838 34.0042 24.7916 1 1 white-matter
28.5328 34.7438 30.6961 1 1 ctx-rh-rostralmiddlefrontal
30.1872 35.7135 35.5036 1 1 ctx-rh-rostralmiddlefrontal
32.4147 37.132 40.3812 1 1 ctx-rh-rostralmiddlefrontal
34.7368 38.3215 46.3555 1 1 ctx-rh-rostralmiddlefrontal
36.3761 3.3129 -3.0513 1 1 ctx-rh-insula
36.0897 4.2396 3.1352 1 1 ctx-rh-insula
35.7729 5.8931 8.3668 1 1 ctx-rh-parsopercularis
35.4865 6.8202 14.5545 1 1 ctx-rh-parsopercularis
34.6609 8.5203 19.8557 1 1 white-matter
34.3101 8.9516 25.9024 1 1 white-matter
34.3733 9.5662 30.7824 1 1 white-matter
34.5957 10.4464 36.8992 1 1 ctx-rh-caudalmiddlefrontal
34.6589 11.0609 41.7785 1 1 ctx-rh-caudalmiddlefrontal
34.8169 11.4455 47.7548 1 1 ctx-rh-caudalmiddlefrontal
34.9749 11.8291 53.7312 1 1 ctx-rh-caudalmiddlefrontal
35.133 12.2137 59.7074 1 1 ctx-rh-caudalmiddlefrontal
11.1897 26.4924 7.8318 1 1 white-matter
16.5666 27.2823 8.6435 1 1 white-matter
21.3701 27.6223 9.3852 1 1 white-matter
26.5874 28.1454 8.959 1 1 white-matter
31.8351 27.9429 9.4888 1 1 ctx-rh-parstriangularis
37.1472 28.236 10.1596 1 1 ctx-rh-parstriangularis
42.3305 27.5371 10.5496 1 1 ctx-rh-parstriangularis
47.0694 27.3815 11.1503 1 1 ctx-rh-parstriangularis
17.787 -7.4356 -20.6408 1 1 Right-Hippocampus
22.2039 -10.0719 -20.7415 1 1 Right-Hippocampus
27.1931 -12.2586 -20.7734 1 1 Right-Hippocampus
31.6746 -14.3983 -20.7344 1 1 ctx-rh-fusiform
36.186 -17.2646 -19.7381 1 1 ctx-rh-fusiform
40.6671 -19.4044 -19.6991 1 1 ctx-rh-fusiform
45.0837 -22.0406 -19.8 1 1 ctx-rh-fusiform
50.0738 -24.2273 -19.8318 1 1 ctx-rh-inferiortemporal
54.4903 -26.8635 -19.9325 1 1 ctx-rh-inferiortemporal
58.9071 -29.499 -20.0347 1 1 ctx-rh-inferiortemporal
63.8023 -31.456 -21.1623 1 1 ctx-rh-inferiortemporal
68.219 -34.0918 -21.2632 1 1 ctx-rh-inferiortemporal
20.9701 -23.2744 -15.1263 1 1 Right-Hippocampus
24.7799 -27.5815 -14.4811 1 1 Right-Hippocampus
28.0498 -31.1164 -14.7221 1 1 ctx-rh-parahippocampal
31.9232 -34.927 -13.936 1 1 ctx-rh-parahippocampal
35.2879 -38.6915 -13.08 1 1 ctx-rh-fusiform
38.558 -42.2257 -13.3211 1 1 ctx-rh-fusiform
41.8584 -46.4862 -12.605 1 1 ctx-rh-fusiform
45.732 -50.2974 -11.82 1 1 ctx-rh-fusiform
48.9376 -54.3277 -12.201 1 1 ctx-rh-fusiform
52.3024 -58.0921 -11.3451 1 1 ctx-rh-fusiform
55.6027 -62.3523 -10.629 1 1 ctx-rh-fusiform
58.8728 -65.8867 -10.8702 1 1 ctx-rh-fusiform
48.2006 -19.4043 -2.9005 1 1 ctx-rh-superiortemporal
53.4181 -18.8803 -3.3269 1 1 ctx-rh-superiortemporal
58.6657 -19.0835 -2.7958 1 1 ctx-rh-superiortemporal
63.8832 -18.5595 -3.2222 1 1 ctx-rh-superiortemporal
69.5451 -18.5796 -3.859 1 1 ctx-rh-superiortemporal
74.3483 -18.2389 -3.1186 1 1 outside-brain
80.0102 -18.2591 -3.7554 1 1 outside-brain
85.2579 -18.4616 -3.2257 1 1 outside-brain
13.2839 8.6593 29.3371 1 1 white-matter
18.121 10.2213 29.2624 1 1 white-matter
23.468 11.7365 29.117 1 1 white-matter
28.2104 13.5294 27.9452 1 1 white-matter
32.9835 14.5949 27.7309 1 1 ctx-rh-caudalmiddlefrontal
38.3297 16.1111 27.5853 1 1 ctx-rh-parsopercularis
43.2317 18.1685 27.6507 1 1 ctx-rh-parsopercularis
47.9744 19.9617 26.48 1 1 ctx-rh-precentral
6.4101 -48.9189 23.5496 1 1 ctx-rh-precuneus
12.0074 -49.4344 22.7717 1 1 ctx-rh-precuneus
17.0658 -49.1768 21.1084 1 1 ctx-rh-precuneus
21.6454 -49.5986 20.4721 1 1 white-matter
26.7985 -49.5711 19.9059 1 1 white-matter
32.4605 -49.5907 19.269 1 1 white-matter
37.6135 -49.5633 18.7018 1 1 white-matter
42.6074 -49.8018 16.8975 1 1 ctx-rh-inferiorparietal
47.2515 -49.7276 16.4022 1 1 ctx-rh-inferiorparietal
52.849 -50.2431 15.6243 1 1 ctx-rh-inferiorparietal
58.4161 -50.0324 13.8903 1 1 ctx-rh-middletemporal
63.4403 -50.9969 13.0433 1 1 ctx-rh-middletemporal
23.017 -5.8628 50.975 1 1 ctx-rh-caudalmiddlefrontal
25.8177 -3.9947 55.9223 1 1 ctx-rh-superiorfrontal
28.015 -1.8497 59.8435 1 1 ctx-rh-caudalmiddlefrontal
30.8162 0.0185 64.7907 1 1 ctx-rh-caudalmiddlefrontal
33.1081 1.9335 69.8087 1 1 outside-brain
35.241 3.5829 73.5893 1 1 outside-brain
37.533 5.4979 78.6071 1 1 outside-brain
39.666 7.1463 82.388 1 1 outside-brain
18.547 -14.1904 60.7542 1 1 ctx-rh-precentral
19.2777 -13.3572 66.8003 1 1 ctx-rh-precentral
20.5184 -12.5706 72.7756 1 1 ctx-rh-precentral
21.1545 -11.5073 77.7248 1 1 outside-brain
21.8216 -11.1695 83.6304 1 1 outside-brain
22.3941 -10.6017 88.4391 1 1 outside-brain
23.0302 -9.5385 93.3883 1 1 outside-brain
23.793 -9.5497 95.6517 1 1 outside-brain
-18.7181 -3.3467 -7.0322 1 1 Left-Pallidum
-23.4135 -4.8371 -10.4865 1 1 Left-Pallidum
-28.0047 -5.7111 -12.8593 1 1 Left-Amygdala
-33.3064 -7.0596 -16.3533 1 1 Left-Amygdala
-39.1113 -7.6498 -18.8055 1 1 white-matter
-43.5688 -7.8838 -21.2477 1 1 white-matter
-49.4008 -8.4981 -22.55 1 1 white-matter
-55.2057 -9.0887 -25.0032 1 1 ctx-lh-middletemporal
-61.0388 -9.7031 -26.3056 1 1 ctx-lh-middletemporal
-67.0043 -10.9595 -27.5401 1 1 ctx-lh-middletemporal
-72.9699 -12.2144 -28.774 1 1 ctx-lh-middletemporal
-77.7229 -13.756 -29.9287 1 1 ctx-lh-middletemporal
-20.7909 -8.5251 -20.2919 1 1 Left-Hippocampus
-26.4726 -11.254 -19.0496 1 1 Left-Hippocampus
-31.4437 -13.5103 -16.6867 1 1 Left-Hippocampus
-37.1254 -16.2404 -15.444 1 1 Left-Hippocampus
-42.2009 -19.1113 -14.162 1 1 ctx-lh-fusiform
-47.1719 -21.3684 -11.7974 1 1 white-matter
-52.7212 -23.4568 -10.6236 1 1 white-matter
-58.2705 -25.5458 -9.4508 1 1 ctx-lh-superiortemporal
-63.2404 -27.8027 -7.0863 1 1 ctx-lh-superiortemporal
-68.8177 -29.917 -4.763 1 1 ctx-lh-superiortemporal
-74.367 -32.0054 -3.5892 1 1 ctx-lh-superiortemporal
-79.9163 -34.0939 -2.4154 1 1 outside-brain
-22.19 -29.8836 -10.9997 1 1 Left-Hippocampus
-27.2654 -32.7557 -9.7172 1 1 Left-Hippocampus
-32.3408 -35.6278 -8.4347 1 1 Left-Hippocampus
-37.4445 -38.5242 -6.0023 1 1 Left-Hippocampus
-42.6536 -42.0368 -4.6516 1 1 white-matter
-47.729 -44.909 -3.3691 1 1 white-matter
-52.8044 -47.7798 -2.0871 1 1 ctx-lh-middletemporal
-57.8798 -50.652 -0.8047 1 1 ctx-lh-middletemporal
-62.9552 -53.5242 0.4778 1 1 ctx-lh-bankssts
-68.1643 -57.0357 1.8293 1 1 ctx-lh-bankssts
-73.846 -59.7652 3.0718 1 1 ctx-lh-bankssts
-78.9508 -62.6625 5.5033 1 1 outside-brain
-44.1073 -44.5765 -21.6348 1 1 ctx-lh-fusiform
-46.9463 -48.7081 -17.8253 1 1 ctx-lh-inferiortemporal
-49.8885 -53.4555 -15.0963 1 1 ctx-lh-inferiortemporal
-52.86 -58.2285 -11.2181 1 1 ctx-lh-middletemporal
-55.1969 -63.1181 -8.4492 1 1 ctx-lh-inferiortemporal
-58.7747 -67.7487 -4.611 1 1 ctx-lh-inferiortemporal
-61.1118 -72.6384 -1.8421 1 1 ctx-lh-inferiortemporal
-64.082 -77.4106 2.037 1 1 ctx-lh-middletemporal
-66.8928 -81.5178 4.6965 1 1 outside-brain
-69.8643 -86.2902 8.5758 1 1 outside-brain
-72.674 -90.397 11.2364 1 1 outside-brain
-75.6455 -95.1697 15.1145 1 1 outside-brain
-50.4807 -31.8212 -17.6099 1 1 ctx-lh-inferiortemporal
-56.4744 -33.1017 -17.6946 1 1 ctx-lh-inferiortemporal
-62.44 -34.357 -18.9296 1 1 ctx-lh-middletemporal
-68.3013 -34.9971 -19.0826 1 1 ctx-lh-middletemporal
-74.2962 -36.279 -19.1667 1 1 ctx-lh-middletemporal
-80.29 -37.5597 -19.2513 1 1 outside-brain
-86.313 -38.8657 -18.1855 1 1 outside-brain
-92.3349 -40.1717 -17.1197 1 1 outside-brain
-99.2775 -39.8863 -17.421 1 1 outside-brain
-105.5071 -39.1292 -16.6011 1 1 outside-brain
-107.1194 -40.7657 -16.476 1 1 outside-brain
-107.8607 -41.264 -16.4463 1 1 outside-brain
-35.0142 -49.6484 12.5934 1 1 white-matter
-41.4817 -50.1465 12.4006 1 1 white-matter
-47.2106 -50.1465 12.1782 1 1 ctx-lh-superiortemporal
-53.5445 -50.0039 11.917 1 1 ctx-lh-superiortemporal
-59.2721 -50.0036 11.6957 1 1 ctx-lh-superiortemporal
-65.1614 -50.6693 12.692 1 1 ctx-lh-superiortemporal
-71.6302 -51.1674 12.4993 1 1 ctx-lh-superiortemporal
-77.2242 -50.5268 12.2097 1 1 outside-brain
-83.1135 -51.1921 13.2058 1 1 outside-brain
-89.5823 -51.6903 13.013 1 1 outside-brain
-96.6856 -52.0709 13.9306 1 1 outside-brain
-101.2275 -52.3807 14.9383 1 1 outside-brain
4.938 -51.5016 33.8679 1 1 ctx-rh-isthmuscingulate
-1.0275 -52.7573 32.6337 1 1 ctx-lh-isthmuscingulate
-6.8887 -53.3976 32.4808 1 1 ctx-lh-precuneus
-12.6163 -53.3973 32.2592 1 1 ctx-lh-precuneus
-18.4495 -54.0126 30.9563 1 1 white-matter
-24.917 -54.5105 30.7636 1 1 ctx-lh-superiorparietal
-30.6446 -54.5103 30.5419 1 1 ctx-lh-superiorparietal
-36.6396 -55.7912 30.4575 1 1 white-matter
-42.4996 -56.4314 30.3046 1 1 ctx-lh-supramarginal
-48.3609 -57.0719 30.1516 1 1 ctx-lh-supramarginal
-54.2221 -57.7122 29.9986 1 1 ctx-lh-supramarginal
-60.6897 -58.2101 29.8058 1 1 ctx-lh-supramarginal
-1.3481 44.1129 -4.9369 1 1 ctx-lh-rostralanteriorcingulate
-7.3711 42.8067 -3.8715 1 1 ctx-lh-rostralanteriorcingulate
-12.7867 41.3574 -2.7658 1 1 white-matter
-18.7804 40.0768 -2.8503 1 1 white-matter
-24.8034 38.7706 -1.7848 1 1 white-matter
-30.7972 37.4901 -1.8693 1 1 white-matter
-36.2139 36.042 -0.7642 1 1 ctx-lh-parstriangularis
-42.074 35.4019 -0.9172 1 1 ctx-lh-parstriangularis
-48.0971 34.0957 0.1483 1 1 ctx-lh-parstriangularis
-54.1202 32.7895 1.2137 1 1 ctx-lh-parstriangularis
-60.142 31.4834 2.2792 1 1 ctx-lh-parstriangularis
-65.5589 30.0353 3.3843 1 1 ctx-lh-parstriangularis
-37.4554 -15.4886 8.5652 1 1 ctx-lh-insula
-43.7893 -15.3451 8.3037 1 1 ctx-lh-insula
-49.6223 -15.9611 7.0007 1 1 ctx-lh-transversetemporal
-55.35 -15.9607 6.7795 1 1 ctx-lh-transversetemporal
-61.657 -15.793 5.368 1 1 ctx-lh-superiortemporal
-67.3564 -15.7672 3.9962 1 1 ctx-lh-superiortemporal
-73.2176 -16.4074 3.8433 1 1 ctx-lh-superiortemporal
-79.0496 -17.0229 2.5415 1 1 outside-brain
-84.9108 -17.6635 2.3874 1 1 outside-brain
-91.9576 -17.994 1.0056 1 1 outside-brain
-97.6572 -17.9683 -0.3662 1 1 outside-brain
-101.4309 -17.7547 -0.5371 1 1 outside-brain
-39.8164 12.1593 -2.7452 1 1 ctx-lh-insula
-44.9823 14.7467 -4.3914 1 1 ctx-lh-insula
-50.9177 16.8102 -4.8586 1 1 ctx-lh-insula
-56.0836 19.3977 -6.5048 1 1 ctx-lh-parstriangularis
-61.2508 21.9855 -8.15 1 1 ctx-lh-parstriangularis
-67.0524 24.6895 -8.6856 1 1 outside-brain
-72.2184 27.2769 -10.3318 1 1 outside-brain
-78.1537 29.3416 -10.7994 1 1 outside-brain
-82.7134 31.7863 -12.4044 1 1 outside-brain
-86.0874 33.9211 -12.7815 1 1 outside-brain
-90.1744 35.5831 -14.2784 1 1 outside-brain
-95.948 38.3138 -15.9649 1 1 outside-brain
-9.7678 22.6053 -28.0427 1 1 ctx-lh-medialorbitofrontal
-12.7818 23.8568 -23.7117 1 1 ctx-lh-medialorbitofrontal
-16.2697 25.8912 -19.4878 1 1 ctx-lh-lateralorbitofrontal
-19.8912 27.2846 -15.1966 1 1 Left-Caudate
-23.5127 28.678 -10.9054 1 1 Left-Putamen
-27.1331 30.0719 -6.6131 1 1 white-matter
-30.0146 31.9638 -2.3507 1 1 ctx-lh-lateralorbitofrontal
-33.608 33.3829 0.791 1 1 ctx-lh-parstriangularis
-37.362 34.1361 5.1512 1 1 ctx-lh-parstriangularis
-40.9837 35.5308 9.4422 1 1 ctx-lh-rostralmiddlefrontal
-45.2114 37.0664 13.6943 1 1 ctx-lh-rostralmiddlefrontal
-49.4393 38.6032 17.9457 1 1 ctx-lh-rostralmiddlefrontal
-32.9599 27.3735 -29.4881 1 1 ctx-lh-lateralorbitofrontal
-34.7938 21.7271 -27.7617 1 1 ctx-lh-lateralorbitofrontal
-35.5486 15.1541 -25.8854 1 1 ctx-lh-insula
-36.9087 8.724 -24.0503 1 1 ctx-lh-insula
-38.1362 2.9335 -22.2822 1 1 ctx-lh-insula
-39.3637 -2.8561 -20.5155 1 1 white-matter
-41.1976 -8.5038 -18.7885 1 1 white-matter
-42.5868 -14.959 -15.802 1 1 ctx-lh-fusiform
-42.6007 -21.0325 -13.9559 1 1 ctx-lh-fusiform
-45.1463 -27.153 -13.3496 1 1 ctx-lh-fusiform
-46.5075 -33.5844 -11.5141 1 1 white-matter
-47.1288 -39.5157 -9.7067 1 1 white-matter
-20.2671 -3.5723 -11.6248 1 1 Left-Amygdala
-25.0372 -4.4396 -10.7852 1 1 Left-Amygdala
-29.9753 -5.9551 -10.9444 1 1 Left-Putamen
-35.4391 -7.4484 -11.0277 1 1 ctx-lh-insula
-40.8807 -8.4107 -11.1809 1 1 ctx-lh-superiortemporal
-45.7979 -9.394 -11.412 1 1 ctx-lh-superiortemporal
-50.5889 -10.7925 -10.5012 1 1 ctx-lh-superiortemporal
-56.0526 -12.2862 -10.583 1 1 ctx-lh-middletemporal
-60.9698 -13.2695 -10.8141 1 1 ctx-lh-middletemporal
-66.9579 -14.7418 -10.8195 1 1 ctx-lh-middletemporal
-71.7269 -15.6085 -9.9791 1 1 outside-brain
-76.6661 -17.1236 -10.1397 1 1 outside-brain
-18.7238 -16.9375 -10.1623 1 1 Left-Hippocampus
-24.0172 -17.7838 -9.245 1 1 Left-Hippocampus
-29.1877 -19.0438 -7.1842 1 1 Left-Hippocampus
-33.9567 -19.911 -6.3448 1 1 Left-Hippocampus
-39.7758 -20.7342 -5.3497 1 1 white-matter
-44.4207 -22.0165 -3.3672 1 1 ctx-lh-superiortemporal
-49.6931 -22.331 -2.5203 1 1 ctx-lh-superiortemporal
-54.9866 -23.1764 -1.6034 1 1 ctx-lh-middletemporal
-59.6095 -23.9268 0.3085 1 1 ctx-lh-superiortemporal
-64.904 -24.7732 1.2259 1 1 ctx-lh-superiortemporal
-70.0514 -25.5018 3.2152 1 1 ctx-lh-superiortemporal
-75.368 -26.8786 4.2034 1 1 outside-brain
-25.8849 -25.7287 -3.5153 1 1 Left-Hippocampus
-31.2015 -27.1056 -2.5271 1 1 Left-Hippocampus
-36.496 -27.9515 -1.6088 1 1 white-matter
-41.141 -29.2328 0.3731 1 1 white-matter
-45.9099 -30.0995 1.2135 1 1 ctx-lh-superiortemporal
-51.2266 -31.4763 2.2018 1 1 ctx-lh-superiortemporal
-56.521 -32.3223 3.1201 1 1 ctx-lh-superiortemporal
-61.8156 -33.1678 4.0369 1 1 ctx-lh-superiortemporal
-67.1322 -34.5441 5.0262 1 1 ctx-lh-superiortemporal
-71.9011 -35.4123 5.8661 1 1 outside-brain
-77.2177 -36.7891 6.8544 1 1 outside-brain
-83.0379 -37.6122 7.8495 1 1 outside-brain
-43.823 -36.5694 -12.6941 1 1 ctx-lh-inferiortemporal
-48.4889 -38.383 -10.6402 1 1 ctx-lh-inferiortemporal
-53.0088 -40.0788 -7.5169 1 1 ctx-lh-inferiortemporal
-57.6758 -41.8914 -5.4636 1 1 ctx-lh-middletemporal
-62.3429 -43.7042 -3.4103 1 1 ctx-lh-middletemporal
-66.8616 -45.4009 -0.2864 1 1 ctx-lh-middletemporal
-71.0041 -47.2353 1.6896 1 1 outside-brain
-75.6711 -49.0487 3.7421 1 1 outside-brain
-80.19 -50.7446 6.8668 1 1 outside-brain
-84.3325 -52.5796 8.8418 1 1 outside-brain
-88.8512 -54.2755 11.9664 1 1 outside-brain
-92.9937 -56.1104 13.9414 1 1 outside-brain
-36.6492 13.5985 -25.7101 1 1 ctx-lh-superiortemporal
-41.271 12.8477 -23.7991 1 1 ctx-lh-superiortemporal
-45.7689 11.6828 -20.7457 1 1 ctx-lh-superiortemporal
-50.9383 10.4234 -18.6864 1 1 ctx-lh-superiortemporal
-56.1077 9.1629 -16.6266 1 1 ctx-lh-middletemporal
-60.0579 8.5066 -13.7214 1 1 outside-brain
-65.2274 7.2472 -11.6622 1 1 outside-brain
-69.8492 6.4964 -9.7511 1 1 outside-brain
-26.6832 37.3746 -13.6308 1 1 ctx-lh-lateralorbitofrontal
-26.4721 37.9789 -8.1973 1 1 ctx-lh-lateralorbitofrontal
-26.2399 39.1146 -2.835 1 1 ctx-lh-lateralorbitofrontal
-25.5043 39.6977 2.5201 1 1 white-matter
-25.6495 40.9716 9.0312 1 1 white-matter
-25.5854 41.4605 13.3927 1 1 ctx-lh-rostralmiddlefrontal
-25.3753 42.0647 18.8261 1 1 ctx-lh-rostralmiddlefrontal
-24.6396 42.6481 24.1814 1 1 ctx-lh-rostralmiddlefrontal
-24.932 43.8057 29.6212 1 1 ctx-lh-rostralmiddlefrontal
-24.7209 44.41 35.0545 1 1 ctx-lh-rostralmiddlefrontal
-24.3416 45.6629 41.4875 1 1 ctx-lh-rostralmiddlefrontal
-24.656 46.2891 46.9984 1 1 ctx-lh-rostralmiddlefrontal
-37.8487 4.9286 -2.2562 1 1 ctx-lh-insula
-42.7869 3.414 -2.4158 1 1 ctx-lh-insula
-48.1035 2.0371 -1.4276 1 1 ctx-lh-superiortemporal
-52.8956 0.6385 -0.5167 1 1 ctx-lh-superiortemporal
-58.2341 -1.2697 0.5429 1 1 ctx-lh-superiortemporal
-63.5508 -2.646 1.5321 1 1 outside-brain
-68.49 -4.1611 1.3715 1 1 outside-brain
-73.8066 -5.5374 2.3607 1 1 outside-brain
-79.1232 -6.9143 3.3489 1 1 outside-brain
-83.9142 -8.3128 4.2598 1 1 outside-brain
-89.3779 -9.8056 4.1774 1 1 outside-brain
-93.0758 -10.1861 4.7913 1 1 outside-brain
-33.9402 -12.4223 2.6772 1 1 ctx-lh-insula
-38.6072 -14.2355 4.7296 1 1 ctx-lh-insula
-43.9239 -15.6118 5.7187 1 1 ctx-lh-transversetemporal
-48.5688 -16.894 7.7012 1 1 ctx-lh-transversetemporal
-53.8853 -18.2708 8.6894 1 1 ctx-lh-superiortemporal
-58.5303 -19.5522 10.6714 1 1 ctx-lh-superiortemporal
-63.1962 -21.3648 12.7246 1 1 ctx-lh-superiortemporal
-68.3657 -22.6252 14.7845 1 1 outside-brain
-73.1798 -24.5552 15.7667 1 1 outside-brain
-78.3492 -25.8147 17.826 1 1 outside-brain
-82.9942 -27.097 19.8084 1 1 outside-brain
-88.3108 -28.4738 20.7967 1 1 outside-brain
-28.8579 15.607 8.3124 1 1 ctx-lh-insula
-33.7688 17.1194 11.0882 1 1 ctx-lh-parsopercularis
-38.8269 18.5148 12.7935 1 1 white-matter
-43.3605 19.8883 14.4213 1 1 ctx-lh-parsopercularis
-48.4186 21.2845 16.1262 1 1 ctx-lh-parsopercularis
-52.9522 22.6579 17.754 1 1 ctx-lh-parsopercularis
-57.8632 24.1705 20.5299 1 1 ctx-lh-parsopercularis
-62.3967 25.5439 22.1577 1 1 outside-brain
-66.9524 26.3868 23.8562 1 1 outside-brain
-72.514 28.3355 25.5679 1 1 outside-brain
-76.5441 29.1565 27.1888 1 1 outside-brain
-80.6194 28.9153 28.9515 1 1 outside-brain
-0.2453 -33.3394 40.0833 1 1 ctx-lh-posteriorcingulate
-5.584 -35.2473 41.1427 1 1 ctx-lh-precuneus
-10.3761 -36.6458 42.0536 1 1 ctx-lh-precuneus
-15.1902 -38.5754 43.0357 1 1 ctx-lh-precuneus
-20.0033 -40.5047 44.0176 1 1 white-matter
-25.3199 -41.8817 45.0058 1 1 ctx-lh-superiorparietal
-29.9869 -43.6945 47.0593 1 1 ctx-lh-superiorparietal
-35.3255 -45.6024 48.1187 1 1 ctx-lh-supramarginal
-40.1175 -47.0009 49.0296 1 1 ctx-lh-supramarginal
-44.9318 -48.9304 50.0115 1 1 ctx-lh-supramarginal
-50.2483 -50.3073 50.9998 1 1 ctx-lh-supramarginal
-55.0624 -52.2369 51.9818 1 1 ctx-lh-supramarginal
-2.3249 37.5534 12.5466 1 1 ctx-lh-rostralanteriorcingulate
-6.9257 37.3332 14.3872 1 1 ctx-lh-rostralanteriorcingulate
-12.5756 37.1577 16.3824 1 1 ctx-lh-superiorfrontal
-17.1974 36.407 18.2935 1 1 white-matter
-22.3227 36.2087 20.2117 1 1 white-matter
-27.4481 36.0114 22.1293 1 1 ctx-lh-rostralmiddlefrontal
-32.5723 35.8131 24.0475 1 1 ctx-lh-rostralmiddlefrontal
-37.6977 35.6158 25.965 1 1 ctx-lh-rostralmiddlefrontal
-42.2974 35.3956 27.8058 1 1 ctx-lh-rostralmiddlefrontal
-47.4228 35.1983 29.7233 1 1 ctx-lh-rostralmiddlefrontal
-52.0225 34.9791 31.5635 1 1 ctx-lh-rostralmiddlefrontal
-57.6734 34.8026 33.5591 1 1 outside-brain
-0.3472 4.2766 38.6427 1 1 ctx-lh-posteriorcingulate
-6.1442 3.9839 39.567 1 1 ctx-lh-posteriorcingulate
-11.3947 4.2009 40.3428 1 1 ctx-lh-superiorfrontal
-16.6671 3.8863 41.1896 1 1 white-matter
-21.9385 3.5717 42.0365 1 1 white-matter
-26.6644 3.7667 42.7347 1 1 white-matter
-32.4394 4.0055 43.5879 1 1 white-matter
-37.6888 4.2226 44.3636 1 1 ctx-lh-caudalmiddlefrontal
-42.814 4.0242 46.2818 1 1 ctx-lh-caudalmiddlefrontal
-48.0866 3.7097 47.1286 1 1 ctx-lh-precentral
-53.3359 3.9266 47.9043 1 1 ctx-lh-precentral
-59.1108 4.1646 48.7581 1 1 outside-brain
20.5009 -1.4499 -12.591 1 1 Right-Amygdala
25.7292 -2.1977 -13.2965 1 1 Right-Amygdala
31.1036 -2.8291 -12.9306 1 1 ctx-rh-insula
36.5006 -2.9285 -12.635 1 1 ctx-rh-insula
41.8755 -3.5598 -12.2691 1 1 ctx-rh-superiortemporal
47.1032 -4.308 -12.9732 1 1 ctx-rh-superiortemporal
52.5003 -4.4081 -12.6787 1 1 ctx-rh-superiortemporal
57.3723 -4.4866 -12.3052 1 1 ctx-rh-middletemporal
62.7471 -5.118 -11.9393 1 1 ctx-rh-middletemporal
68.0192 -4.8034 -12.7861 1 1 outside-brain
73.5634 -4.787 -11.42 1 1 outside-brain
79.3383 -5.0247 -12.2734 1 1 outside-brain
20.1396 -12.4443 -14.4633 1 1 Right-Hippocampus
24.9454 -14.116 -13.8786 1 1 Right-Hippocampus
29.7512 -15.7873 -13.293 1 1 Right-Hippocampus
35.0812 -17.4815 -12.7842 1 1 Right-Hippocampus
40.5585 -19.0578 -11.2059 1 1 Right-Hippocampus
45.364 -20.73 -10.6197 1 1 ctx-rh-middletemporal
50.7165 -21.8927 -10.1823 1 1 ctx-rh-middletemporal
55.5441 -23.0326 -9.6682 1 1 ctx-rh-middletemporal
60.3494 -24.7054 -9.0829 1 1 white-matter
65.8491 -25.7508 -7.5746 1 1 ctx-rh-middletemporal
70.6545 -27.4221 -6.989 1 1 ctx-rh-middletemporal
76.007 -28.5848 -6.5515 1 1 outside-brain
-12.1115 -6.716 -15.202 1 1 Left-Amygdala
-18.0584 -6.6179 -14.7487 1 1 Left-Amygdala
-23.911 -7.6875 -15.3609 1 1 Left-Amygdala
-29.329 -7.5836 -14.8461 1 1 Left-Amygdala
-35.2939 -7.9872 -14.3597 1 1 white-matter
-41.1286 -8.5541 -15.0054 1 1 ctx-lh-insula
-46.5815 -9.4535 -14.4243 1 1 ctx-lh-superiortemporal
-52.3993 -9.5198 -15.1028 1 1 white-matter
-58.3642 -9.9234 -14.6164 1 1 ctx-lh-middletemporal
-63.7991 -10.3201 -14.0688 1 1 ctx-lh-middletemporal
-69.764 -10.7237 -13.5825 1 1 ctx-lh-middletemporal
-76.1274 -11.2977 -14.2904 1 1 outside-brain
-26.6268 -17.4149 -12.6902 1 1 Left-Hippocampus
-31.6799 -18.1431 -10.9161 1 1 Left-Hippocampus
-36.7655 -19.8748 -9.0765 1 1 white-matter
-42.3474 -20.6092 -7.3651 1 1 ctx-lh-superiortemporal
-47.4163 -21.839 -5.5576 1 1 ctx-lh-superiortemporal
-53.0149 -23.0749 -3.8129 1 1 ctx-lh-superiortemporal
-58.0836 -24.305 -2.0066 1 1 ctx-lh-superiortemporal
-63.6824 -25.5411 -0.2619 1 1 ctx-lh-superiortemporal
-69.281 -26.7781 1.4832 1 1 ctx-lh-superiortemporal
-74.8618 -27.512 3.1959 1 1 outside-brain
-79.9305 -28.742 5.0022 1 1 outside-brain
-84.9837 -29.4705 6.7763 1 1 outside-brain
-20.5652 -29.3822 -7.6746 1 1 Left-Hippocampus
-25.6351 -30.6124 -5.8684 1 1 Left-Hippocampus
-30.8328 -31.6781 -2.9303 1 1 Left-Hippocampus
-35.9027 -32.9084 -1.124 1 1 white-matter
-40.9716 -34.138 0.6834 1 1 white-matter
-46.5703 -35.3742 2.4281 1 1 white-matter
-51.6221 -36.103 4.2013 1 1 ctx-lh-superiortemporal
-57.3487 -37.1746 7.078 1 1 ctx-lh-superiortemporal
-62.4019 -37.9031 8.8521 1 1 ctx-lh-superiortemporal
-67.5998 -38.9688 11.7902 1 1 ctx-lh-superiortemporal
-72.6517 -39.6971 13.5644 1 1 outside-brain
-77.7036 -40.4258 15.3376 1 1 outside-brain
-24.8481 -46.6404 -11.6153 1 1 ctx-lh-fusiform
-30.4289 -47.3747 -9.9025 1 1 ctx-lh-fusiform
-36.0096 -48.1094 -8.1908 1 1 ctx-lh-fusiform
-41.0616 -48.8378 -6.4165 1 1 ctx-lh-inferiortemporal
-46.6435 -49.5725 -4.7049 1 1 ctx-lh-inferiortemporal
-52.2243 -50.3067 -2.9922 1 1 ctx-lh-inferiortemporal
-57.805 -51.0415 -1.2804 1 1 ctx-lh-middletemporal
-63.369 -51.2744 0.3992 1 1 ctx-lh-middletemporal
-40.5955 -24.4157 -23.1091 1 1 ctx-lh-inferiortemporal
-46.594 -25.8219 -22.5577 1 1 ctx-lh-inferiortemporal
-52.0468 -26.7217 -21.9777 1 1 ctx-lh-inferiortemporal
-57.6108 -26.954 -20.2983 1 1 ctx-lh-middletemporal
-63.0636 -27.8534 -19.7171 1 1 ctx-lh-middletemporal
-69.0621 -29.2596 -19.1657 1 1 ctx-lh-middletemporal
-74.114 -29.9882 -17.3926 1 1 outside-brain
-80.2236 -30.7288 -15.7412 1 1 outside-brain
-23.5213 2.6991 -34.565 1 1 ctx-lh-entorhinal
-28.9574 2.3013 -34.0172 1 1 ctx-lh-entorhinal
-34.921 1.8978 -33.5307 1 1 ctx-lh-temporalpole
-40.2281 1.3366 -34.1149 1 1 ctx-lh-inferiortemporal
-46.1918 0.9331 -33.6285 1 1 ctx-lh-inferiortemporal
-51.6447 0.0342 -33.0487 1 1 ctx-lh-middletemporal
-57.6084 -0.3692 -32.5623 1 1 ctx-lh-middletemporal
-63.5732 -0.7728 -32.0759 1 1 outside-brain
-1.6082 -2.3024 33.2102 1 1 ctx-lh-posteriorcingulate
-7.1207 -1.0303 34.7915 1 1 ctx-lh-posteriorcingulate
-12.6331 0.2406 36.373 1 1 white-matter
-17.6168 1.5185 38.016 1 1 white-matter
-23.1461 2.2897 39.6296 1 1 white-matter
-28.6586 3.5607 41.2112 1 1 white-matter
-33.7713 5.0028 43.9858 1 1 ctx-lh-caudalmiddlefrontal
-39.3017 5.7729 45.5997 1 1 ctx-lh-caudalmiddlefrontal
-44.2854 7.0508 47.2427 1 1 ctx-lh-caudalmiddlefrontal
-49.7979 8.3227 48.8239 1 1 ctx-lh-caudalmiddlefrontal
-55.4394 9.7591 51.5369 1 1 ctx-lh-caudalmiddlefrontal
-60.4399 10.5352 53.2125 1 1 outside-brain
-12.7508 28.3806 -24.6557 1 1 ctx-lh-lateralorbitofrontal
-13.9224 29.1967 -19.0593 1 1 ctx-lh-lateralorbitofrontal
-15.0787 30.5148 -13.4952 1 1 white-matter
-16.2336 31.8325 -7.9321 1 1 white-matter
-17.4067 32.6489 -2.3348 1 1 white-matter
-18.5629 33.9658 3.2297 1 1 white-matter
-19.7177 35.2835 8.7928 1 1 white-matter
-20.8728 36.6016 14.357 1 1 white-matter
-21.4822 38.4262 19.9501 1 1 white-matter
-22.6384 39.7441 25.514 1 1 ctx-lh-rostralmiddlefrontal
-23.7935 41.062 31.0778 1 1 ctx-lh-rostralmiddlefrontal
-24.9496 42.3799 36.6418 1 1 ctx-lh-rostralmiddlefrontal
-5.3793 -43.4515 28.6684 1 1 ctx-lh-isthmuscingulate
-11.3608 -44.3567 29.1868 1 1 ctx-lh-isthmuscingulate
-16.3961 -44.5837 30.9278 1 1 white-matter
-22.3778 -45.4884 31.4473 1 1 white-matter
-27.9418 -45.7212 33.1269 1 1 white-matter
-33.9055 -46.1245 33.6133 1 1 white-matter
-39.4874 -46.8593 35.3248 1 1 white-matter
-44.9223 -47.2566 35.8728 1 1 white-matter
-50.503 -47.9913 37.5844 1 1 ctx-lh-supramarginal
-56.067 -48.2241 39.264 1 1 ctx-lh-supramarginal
-62.0318 -48.6275 39.7503 1 1 ctx-lh-supramarginal
-67.6127 -49.3618 41.463 1 1 outside-brain
-24.7288 16.3395 10.6746 1 1 white-matter
-30.788 17.1041 12.2275 1 1 ctx-lh-insula
-36.1894 17.71 12.71 1 1 white-matter
-42.1364 17.8081 13.1633 1 1 white-matter
-48.0832 17.9062 13.6165 1 1 white-matter
-53.4834 18.5122 14.0992 1 1 ctx-lh-parsopercularis
-59.4135 19.1119 14.5191 1 1 ctx-lh-parsopercularis
-65.3606 19.2104 14.9735 1 1 outside-brain
-70.8908 19.9803 16.5868 1 1 outside-brain
-76.821 20.5802 17.0075 1 1 outside-brain
-81.6924 21.1919 17.5516 1 1 outside-brain
-84.9347 19.1499 17.3125 1 1 outside-brain
-25.1688 -26.9616 22.8874 1 1 white-matter
-30.4746 -27.5233 22.3035 1 1 ctx-lh-insula
-36.4215 -27.4252 22.7568 1 1 ctx-lh-supramarginal
-42.4032 -28.3299 23.2761 1 1 ctx-lh-supramarginal
-48.221 -28.3962 22.5976 1 1 ctx-lh-supramarginal
-53.6571 -28.7936 23.1453 1 1 ctx-lh-supramarginal
-59.4918 -29.3613 22.5 1 1 ctx-lh-supramarginal
-65.4566 -29.7647 22.9863 1 1 ctx-lh-supramarginal
-71.2925 -30.3324 22.3408 1 1 outside-brain
-77.2562 -30.7357 22.8272 1 1 outside-brain
-82.691 -31.1335 23.374 1 1 outside-brain
-87.9981 -31.6949 22.791 1 1 outside-brain
-6.6521 -9.8956 47.0421 1 1 ctx-lh-superiorfrontal
-9.3084 -6.0881 52.2575 1 1 ctx-lh-superiorfrontal
-11.3248 -2.9406 56.4355 1 1 ctx-lh-superiorfrontal
-13.3412 0.2069 60.6136 1 1 ctx-lh-superiorfrontal
-15.8863 3.348 64.7301 1 1 ctx-lh-superiorfrontal
-18.4315 6.4902 68.8463 1 1 ctx-lh-superiorfrontal
-20.43 10.139 72.9918 1 1 outside-brain
-23.7107 15.1083 79.2115 1 1 outside-brain
-25.6147 17.5892 82.2909 1 1 outside-brain
-27.6479 20.2354 86.5017 1 1 outside-brain
-30.1931 23.3775 90.6178 1 1 outside-brain
-31.8266 26.1929 96.0222 1 1 outside-brain
-18.4554 5.3861 -35.3266 1 1 ctx-lh-entorhinal
-22.1652 -2.7338 -39.3963 1 1 ctx-lh-entorhinal
-30.2616 -9.2807 -41.4436 1 1 ctx-lh-inferiortemporal
-39.8485 -12.1957 -38.1387 1 1 ctx-lh-inferiortemporal
-11.8927 -8.823 -17.2314 1 1 Left-Hippocampus
-16.5879 -9.0682 -19.6095 1 1 Left-Hippocampus
-21.746 -9.7831 -20.8404 1 1 Left-Hippocampus
-26.9643 -10.0147 -22.1062 1 1 Left-Hippocampus
-19.7133 -21.7093 -18.8376 1 1 Left-Hippocampus
-24.5379 -20.9115 -20.1623 1 1 Left-Hippocampus
-29.8232 -20.5853 -20.3395 1 1 Left-Hippocampus
-35.0484 -20.7416 -20.4817 1 1 ctx-lh-fusiform
-22.1434 -48.0168 -10.339 1 1 ctx-lh-lingual
-28.6996 -41.9373 -17.7198 1 1 ctx-lh-fusiform
-34.6908 -36.124 -22.8073 1 1 ctx-lh-fusiform
-41.3936 -28.7737 -25.7634 1 1 ctx-lh-inferiortemporal
17.3979 -8.4975 -28.8128 1 1 ctx-rh-entorhinal
23.8878 -10.2717 -37.532 1 1 ctx-rh-entorhinal
31.7929 -10.7356 -44.0422 1 1 ctx-rh-inferiortemporal
41.6228 -9.7511 -47.2078 1 1 ctx-rh-inferiortemporal
11.5344 -7.4734 -17.7652 1 1 Right-Hippocampus
16.8197 -7.7997 -17.5891 1 1 Right-Hippocampus
22.0507 -7.7198 -18.57 1 1 Right-Hippocampus
27.3359 -8.046 -18.3929 1 1 Right-Hippocampus
17.9342 -20.7427 -14.4147 1 1 Right-Hippocampus
23.0379 -19.6205 -14.341 1 1 Right-Hippocampus
28.2688 -19.5407 -15.3231 1 1 Right-Hippocampus
33.4995 -19.4619 -16.3039 1 1 Right-Hippocampus
39.6643 -2.4863 -45.5042 1 1 ctx-rh-inferiortemporal
47.2112 -8.1847 -41.5066 1 1 ctx-rh-inferiortemporal
50.6628 -14.5717 -33.0681 1 1 ctx-rh-inferiortemporal
55.609 -20.3604 -25.7544 1 1 ctx-rh-inferiortemporal
58.5505 -26.8871 -18.4488 1 1 ctx-rh-inferiortemporal
60.8415 -32.3601 -8.977 1 1 ctx-rh-middletemporal
62.8049 -39.4213 -0.5359 1 1 ctx-rh-middletemporal
63.0974 -45.7088 7.8045 1 1 ctx-rh-middletemporal
43.8902 5.6963 -41.4237 1 1 ctx-rh-inferiortemporal
49.9363 -0.5229 -35.1771 1 1 ctx-rh-inferiortemporal
53.3272 -6.4273 -26.7722 1 1 ctx-rh-middletemporal
56.7241 -12.4082 -19.4918 1 1 ctx-rh-middletemporal
59.1368 -18.8459 -9.9504 1 1 ctx-rh-middletemporal
60.4621 -25.0059 -1.5885 1 1 ctx-rh-superiortemporal
61.8482 -31.6483 6.8082 1 1 white-matter
62.6571 -37.8721 15.1581 1 1 ctx-rh-supramarginal
47.6295 13.7145 -31.7015 1 1 ctx-rh-middletemporal
52.1748 6.9728 -23.2055 1 1 ctx-rh-middletemporal
52.9899 0.6725 -15.9788 1 1 ctx-rh-superiortemporal
54.9596 -6.4648 -8.6599 1 1 ctx-rh-superiortemporal
57.9619 -13.4741 -1.3206 1 1 ctx-rh-superiortemporal
59.8036 -19.5704 7.052 1 1 ctx-rh-superiortemporal
60.224 -26.899 14.3374 1 1 ctx-rh-superiortemporal
61.1547 -34.0874 22.7581 1 1 ctx-rh-bankssts
45.7556 20.4707 -23.1871 1 1 ctx-rh-superiortemporal
49.7299 14.0713 -15.8599 1 1 ctx-rh-superiortemporal
52.2095 7.0737 -7.4081 1 1 ctx-rh-superiortemporal
54.1184 0.4197 -0.124 1 1 ctx-rh-superiortemporal
57.0598 -6.1072 7.1803 1 1 ctx-rh-superiortemporal
59.485 -12.6986 14.4753 1 1 ctx-rh-postcentral
60.3548 -19.4046 22.8612 1 1 ctx-rh-postcentral
60.769 -26.6569 31.2699 1 1 ctx-rh-supramarginal
48.8821 -48.1072 62.8661 1 1 ctx-rh-superiorparietal
53.9953 -38.8055 60.123 1 1 outside-brain
57.6935 -30.8132 55.1701 1 1 ctx-rh-supramarginal
58.7489 -22.6578 50.1285 1 1 outside-brain
58.2005 -14.2872 43.8965 1 1 ctx-rh-postcentral
57.2028 -6.54 36.5651 1 1 ctx-rh-postcentral
55.6825 1.2208 30.3458 1 1 ctx-rh-precentral
54.3932 7.202 26.5135 1 1 ctx-rh-precentral
53.6655 -52.956 55.4354 1 1 outside-brain
59.4777 -45.0384 52.8071 1 1 ctx-rh-supramarginal
61.5051 -36.2724 47.7525 1 1 ctx-rh-supramarginal
60.501 -28.4483 41.5444 1 1 ctx-rh-supramarginal
59.4426 -20.2186 34.1786 1 1 ctx-rh-supramarginal
58.4385 -12.3943 27.9696 1 1 ctx-rh-postcentral
56.9183 -4.6343 21.7511 1 1 ctx-rh-precentral
54.3713 2.922 14.3876 1 1 ctx-rh-precentral
26.562 60.9644 -1.6797 1 1 ctx-rh-rostralmiddlefrontal
36.4476 57.5157 2.2323 1 1 ctx-rh-rostralmiddlefrontal
42.9006 52.1731 6.1723 1 1 ctx-rh-rostralmiddlefrontal
47.6473 43.7542 11.4019 1 1 ctx-rh-parstriangularis
49.8181 34.9406 15.4542 1 1 ctx-rh-rostralmiddlefrontal
51.5335 25.581 19.5305 1 1 ctx-rh-rostralmiddlefrontal
53.188 16.7026 23.571 1 1 ctx-rh-parsopercularis
52.5521 9.2711 24.0603 1 1 ctx-rh-precentral
24.9318 65.7901 6.9741 1 1 ctx-rh-rostralmiddlefrontal
33.3835 61.2612 12.0468 1 1 ctx-rh-rostralmiddlefrontal
40.0193 54.4695 16.0915 1 1 ctx-rh-rostralmiddlefrontal
44.7051 46.5339 21.286 1 1 outside-brain
48.3641 38.3946 25.3358 1 1 ctx-rh-rostralmiddlefrontal
51.5678 29.7083 29.4091 1 1 ctx-rh-rostralmiddlefrontal
53.7996 20.4122 33.4959 1 1 ctx-rh-rostralmiddlefrontal
55.515 11.0516 37.572 1 1 ctx-rh-precentral
18.2283 -27.3091 -17.3437 1 1 ctx-rh-parahippocampal
25.9563 -26.4022 -25.0815 1 1 ctx-rh-fusiform
35.1001 -24.1849 -30.6093 1 1 ctx-rh-fusiform
43.66 -21.4736 -35.0591 1 1 ctx-rh-inferiortemporal
-10.3267 20.3678 -18.0494 1 1 ctx-lh-medialorbitofrontal
-1.9974 20.8307 -18.9658 1 1 ctx-lh-medialorbitofrontal
9.9408 21.8165 -18.6836 1 1 ctx-rh-lateralorbitofrontal
19.2357 22.9664 -18.4902 1 1 ctx-rh-lateralorbitofrontal
29.6238 23.7613 -18.2402 1 1 ctx-rh-lateralorbitofrontal
39.6603 23.2735 -14.5255 1 1 ctx-rh-lateralorbitofrontal
14.725 -68.2769 66.6296 1 1 ctx-rh-superiorparietal
23.6363 -64.0027 69.9853 1 1 outside-brain
32.323 -58.0265 69.8316 1 1 outside-brain
40.3769 -51.2252 68.4743 1 1 outside-brain
47.9209 -44.564 65.9826 1 1 outside-brain
53.9282 -38.2467 61.2116 1 1 outside-brain
57.6327 -30.3309 55.1353 1 1 outside-brain
59.2777 -22.7458 47.8923 1 1 ctx-rh-postcentral
25.6497 -61.1935 -14.8122 1 1 ctx-rh-fusiform
33.7829 -55.1035 -19.5059 1 1 outside-brain
40.8777 -49.0649 -23.0967 1 1 ctx-rh-fusiform
48.4888 -42.9627 -26.6767 1 1 ctx-rh-inferiortemporal
26.0404 -87.9952 38.9576 1 1 ctx-rh-superiorparietal
36.2036 -85.4984 35.6981 1 1 ctx-rh-inferiorparietal
45.152 -81.6815 32.3126 1 1 ctx-rh-inferiorparietal
53.4074 -76.5568 27.6885 1 1 ctx-rh-inferiorparietal
58.8983 -70.3033 22.9073 1 1 ctx-rh-inferiorparietal
62.6637 -62.8698 16.866 1 1 ctx-rh-inferiorparietal
32.9564 2.815 26.334 1 1 white-matter
37.2891 3.5745 29.7753 1 1 ctx-rh-parsopercularis
41.7835 3.8109 31.8224 1 1 ctx-rh-parsopercularis
45.5989 4.6016 35.1918 1 1 ctx-rh-parsopercularis
50.0946 5.7425 37.6532 1 1 ctx-rh-precentral
54.4273 6.501 41.0948 1 1 ctx-rh-precentral
58.7593 6.8087 44.3292 1 1 outside-brain
63.2543 7.4969 46.5836 1 1 outside-brain
31.4255 -3.2341 26.8509 1 1 white-matter
36.7612 -3.621 26.3879 1 1 white-matter
42.0964 -4.4595 25.7185 1 1 white-matter
47.7871 -4.8083 26.5163 1 1 ctx-rh-precentral
52.6054 -5.164 25.9815 1 1 ctx-rh-precentral
57.778 -5.9323 26.5 1 1 ctx-rh-postcentral
62.9502 -7.1523 26.8099 1 1 ctx-rh-postcentral
68.8039 -7.1185 26.6282 1 1 outside-brain
33.7938 -0.5187 22.5815 1 1 white-matter
38.9673 -0.8354 23.3062 1 1 ctx-rh-parsopercularis
43.9783 -1.0817 25.2189 1 1 ctx-rh-precentral
49.1522 -0.9476 26.1512 1 1 ctx-rh-precentral
53.6466 -0.71 28.1982 1 1 ctx-rh-precentral
59.175 -0.9885 30.1838 1 1 ctx-rh-precentral
64.3497 -0.4018 31.3224 1 1 ctx-rh-precentral
68.8434 -0.616 33.1631 1 1 outside-brain
32.4174 -45.5114 30.1004 1 1 ctx-rh-inferiorparietal
37.2648 -46.5908 32.7859 1 1 ctx-rh-inferiorparietal
42.2752 -47.2888 34.4911 1 1 ctx-rh-inferiorparietal
46.6047 -48.7882 36.8963 1 1 ctx-rh-inferiorparietal
51.452 -49.8676 39.5819 1 1 ctx-rh-inferiorparietal
55.9445 -50.9855 41.0079 1 1 ctx-rh-inferiorparietal
60.2746 -52.0332 43.6205 1 1 outside-brain
65.285 -52.7313 45.3256 1 1 outside-brain
10.0335 -48.4165 29.7323 1 1 ctx-rh-precuneus
15.3683 -49.2552 29.0629 1 1 ctx-rh-precuneus
20.0233 -50.4437 29.3011 1 1 white-matter
25.8754 -51.314 28.7046 1 1 white-matter
30.5295 -52.9541 28.7354 1 1 ctx-rh-inferiorparietal
35.8646 -53.7928 28.066 1 1 ctx-rh-inferiorparietal
41.0366 -55.0129 28.3771 1 1 ctx-rh-inferiorparietal
46.3718 -55.8516 27.7077 1 1 ctx-rh-inferiorparietal
51.5438 -57.0718 28.0176 1 1 ctx-rh-inferiorparietal
56.8795 -57.4588 27.5557 1 1 ctx-rh-inferiorparietal
61.5343 -58.6472 27.7939 1 1 outside-brain
67.3873 -59.066 27.4038 1 1 outside-brain
14.0053 10.4838 47.9441 1 1 white-matter
18.6645 12.457 49.6326 1 1 ctx-rh-superiorfrontal
23.3231 13.9784 51.114 1 1 ctx-rh-caudalmiddlefrontal
27.8189 15.5702 53.7826 1 1 ctx-rh-caudalmiddlefrontal
32.996 17.5121 55.5436 1 1 ctx-rh-caudalmiddlefrontal
37.6547 19.0335 57.0249 1 1 ctx-rh-caudalmiddlefrontal
41.796 20.5871 58.4338 1 1 outside-brain
46.9727 22.5291 60.1947 1 1 outside-brain
36.6568 -0.7887 -5.4374 1 1 ctx-rh-insula
36.0068 -0.9595 -0.8957 1 1 ctx-rh-insula
35.1946 -1.0591 4.8337 1 1 ctx-rh-insula
34.3823 -1.1596 10.5631 1 1 ctx-rh-insula
33.7324 -1.3295 15.1058 1 1 ctx-rh-insula
32.9201 -1.429 20.8351 1 1 white-matter
32.1072 -1.9813 26.3572 1 1 white-matter
31.295 -2.0809 32.0865 1 1 white-matter
30.6451 -2.2507 36.6282 1 1 white-matter
30.3508 -1.9307 42.6378 1 1 white-matter
29.7011 -1.6497 47.3871 1 1 ctx-rh-precentral
29.9236 -1.8126 53.2615 1 1 ctx-rh-caudalmiddlefrontal
21.679 -16.1603 11.0081 1 1 Right-Thalamus-Proper
22.9353 -16.8382 16.8207 1 1 white-matter
24.3557 -16.6839 21.8603 1 1 white-matter
26.2917 -17.0124 26.7643 1 1 white-matter
27.7115 -17.3089 31.5965 1 1 white-matter
29.1308 -17.6063 36.4287 1 1 white-matter
30.9052 -17.8647 42.5209 1 1 ctx-rh-precentral
33.0051 -17.8118 46.4454 1 1 ctx-rh-postcentral
34.4252 -17.6565 51.4846 1 1 ctx-rh-postcentral
36.1996 -17.9149 57.5766 1 1 ctx-rh-postcentral
38.137 -17.7918 62.6884 1 1 ctx-rh-postcentral
9.3936 0.2871 49.5881 1 1 ctx-rh-superiorfrontal
14.4029 -1.7663 50.6719 1 1 white-matter
19.5742 -2.9863 50.9826 1 1 ctx-rh-superiorfrontal
24.5839 -4.5879 52.2735 1 1 ctx-rh-precentral
29.7546 -6.2596 52.377 1 1 ctx-rh-precentral
34.4099 -7.4475 52.6153 1 1 ctx-rh-precentral
39.419 -9.049 53.9062 1 1 ctx-rh-precentral
44.5903 -10.7208 54.0098 1 1 ctx-rh-precentral
26.6679 9.8839 17.8754 1 1 white-matter
32.0048 10.4005 17.8272 1 1 white-matter
37.3417 10.9161 17.7791 1 1 white-matter
42.6788 11.4326 17.7321 1 1 white-matter
48.0157 11.9492 17.6839 1 1 ctx-rh-parsopercularis
52.8354 12.4971 17.5639 1 1 ctx-rh-parsopercularis
58.6897 12.9815 17.5888 1 1 ctx-rh-parsopercularis
63.3457 12.696 18.2407 1 1 outside-brain
68.166 13.6956 18.3281 1 1 outside-brain
73.5038 14.6639 18.4873 1 1 outside-brain
77.1264 15.3451 19.4094 1 1 outside-brain
80.7498 16.4791 20.5377 1 1 outside-brain
-17.4687 -4.9439 -12.6724 1 1 Left-Amygdala
-22.5181 -5.1485 -12.3404 1 1 Left-Amygdala
-28.1007 -5.9084 -11.8841 1 1 white-matter
-33.1502 -6.1135 -11.5506 1 1 white-matter
-38.171 -6.8505 -11.1316 1 1 ctx-lh-insula
-43.7846 -7.8963 -11.7406 1 1 ctx-lh-superiortemporal
-48.833 -8.1019 -11.4082 1 1 ctx-lh-superiortemporal
-54.4132 -8.0444 -9.973 1 1 ctx-lh-superiortemporal
-59.4351 -8.7815 -9.5539 1 1 ctx-lh-superiortemporal
-64.4569 -9.5186 -9.1348 1 1 ctx-lh-middletemporal
-70.0671 -9.747 -8.7651 1 1 outside-brain
-75.0579 -10.1984 -7.2806 1 1 outside-brain
-20.1373 -7.7184 -12.0554 1 1 Left-Amygdala
-25.104 -9.5192 -11.4638 1 1 Left-Amygdala
-29.5089 -11.2981 -10.9091 1 1 Left-Putamen
-35.0673 -13.4085 -11.3453 1 1 ctx-lh-insula
-40.0615 -14.6772 -10.8394 1 1 ctx-lh-superiortemporal
-45.0582 -16.7648 -11.3129 1 1 ctx-lh-superiortemporal
-50.0525 -18.0344 -10.8067 1 1 ctx-lh-middletemporal
-55.6075 -19.3264 -10.2646 1 1 ctx-lh-middletemporal
-60.0434 -21.3906 -10.7743 1 1 ctx-lh-middletemporal
-65.0377 -22.6608 -10.269 1 1 ctx-lh-middletemporal
-70.0054 -24.4616 -9.6774 1 1 outside-brain
-75.0297 -26.017 -10.2365 1 1 outside-brain
-18.2517 -38.1788 0.668 1 1 Left-Hippocampus
-23.3312 -38.6696 -0.064 1 1 Left-Hippocampus
-28.9714 -39.1833 -0.7589 1 1 Left-Hippocampus
-34.0509 -39.674 -1.4908 1 1 Left-Hippocampus
-39.1304 -40.1654 -2.2238 1 1 white-matter
-44.2388 -40.9414 -4.0203 1 1 white-matter
-49.3183 -41.4314 -4.7527 1 1 white-matter
-54.9586 -41.9456 -5.4486 1 1 ctx-lh-middletemporal
-60.038 -42.4364 -6.1805 1 1 ctx-lh-middletemporal
-65.0875 -42.6414 -5.8471 1 1 ctx-lh-middletemporal
-70.167 -43.1322 -6.5791 1 1 outside-brain
-75.7796 -44.178 -7.1881 1 1 outside-brain
-45.858 -9.5454 -9.1176 1 1 ctx-lh-superiortemporal
-50.4503 -5.9635 -7.2096 1 1 ctx-lh-superiortemporal
-54.4842 -3.1763 -6.3175 1 1 ctx-lh-superiortemporal
-58.5182 -0.3905 -5.4261 1 1 ctx-lh-superiortemporal
-63.0838 2.6593 -3.4323 1 1 outside-brain
-67.1178 5.4465 -2.5402 1 1 outside-brain
-71.6549 7.9637 -0.4594 1 1 outside-brain
-76.2771 11.2606 0.3827 1 1 outside-brain
-32.7223 -30.5545 13.6322 1 1 ctx-lh-transversetemporal
-37.857 -29.9813 12.7265 1 1 ctx-lh-transversetemporal
-42.4851 -28.3209 11.612 1 1 ctx-lh-transversetemporal
-47.6464 -27.215 10.6214 1 1 ctx-lh-superiortemporal
-52.8076 -26.1096 9.6298 1 1 ctx-lh-superiortemporal
-57.97 -25.0042 8.6384 1 1 ctx-lh-superiortemporal
-62.5705 -23.8755 7.6105 1 1 ctx-lh-superiortemporal
-67.7317 -22.7692 6.6185 1 1 outside-brain
-72.893 -21.6638 5.6269 1 1 outside-brain
-77.436 -20.7822 5.7507 1 1 outside-brain
-82.5983 -19.6769 4.7592 1 1 outside-brain
-87.7319 -19.103 3.8544 1 1 outside-brain
-37.5027 -37.717 12.871 1 1 ctx-lh-superiortemporal
-43.1128 -37.9448 13.2417 1 1 ctx-lh-superiortemporal
-48.1047 -38.3964 14.7252 1 1 ctx-lh-superiortemporal
-53.1254 -39.1337 15.1443 1 1 ctx-lh-superiortemporal
-58.7056 -39.0759 16.5792 1 1 ctx-lh-superiortemporal
-63.7275 -39.8131 16.9985 1 1 ctx-lh-superiortemporal
-68.777 -40.0185 17.3308 1 1 outside-brain
-74.3295 -40.4926 18.8526 1 1 outside-brain
-79.3503 -41.2298 19.2718 1 1 outside-brain
-84.9604 -41.458 19.6412 1 1 outside-brain
-89.9547 -42.7275 20.1463 1 1 outside-brain
-94.3907 -44.7917 19.6367 1 1 outside-brain
-35.4894 8.7224 2.8442 1 1 ctx-lh-insula
-39.9147 9.9296 6.2486 1 1 ctx-lh-parsopercularis
-43.7782 11.1582 9.6153 1 1 ctx-lh-parsopercularis
-48.1758 11.8329 13.1069 1 1 ctx-lh-parsopercularis
-52.0128 12.5298 16.5602 1 1 ctx-lh-parsopercularis
-56.941 13.4679 21.153 1 1 ctx-lh-parsopercularis
-60.2163 14.1883 24.5701 1 1 outside-brain
-64.0521 14.8852 28.0234 1 1 outside-brain
-30.7047 -12.5557 13.8776 1 1 ctx-lh-insula
-36.3449 -13.0693 13.1828 1 1 ctx-lh-insula
-41.9275 -13.8292 13.6391 1 1 ctx-lh-postcentral
-46.9793 -14.8522 12.9928 1 1 ctx-lh-postcentral
-52.0288 -15.0578 13.3254 1 1 ctx-lh-postcentral
-57.0783 -15.2627 13.6588 1 1 ctx-lh-postcentral
-62.7184 -15.7754 12.9635 1 1 ctx-lh-postcentral
-67.7403 -16.5126 13.3826 1 1 outside-brain
-73.3494 -16.741 13.7523 1 1 outside-brain
-78.3712 -17.4781 14.1715 1 1 outside-brain
-83.9538 -18.2381 14.6278 1 1 outside-brain
-89.0309 -17.9114 14.8746 1 1 outside-brain
-38.7045 13.9597 -29.0241 1 1 ctx-lh-temporalpole
-38.397 9.7416 -26.1166 1 1 ctx-lh-temporalpole
-38.6538 4.6834 -24.1506 1 1 ctx-lh-superiortemporal
-38.9647 0.6883 -22.358 1 1 ctx-lh-superiortemporal
-39.2179 -3.5517 -19.4137 1 1 ctx-lh-superiortemporal
-38.914 -8.5881 -17.4844 1 1 ctx-lh-superiortemporal
-39.2249 -12.5817 -15.6914 1 1 ctx-lh-superiortemporal
-39.4792 -16.8231 -12.7475 1 1 ctx-lh-superiortemporal
-39.2018 -21.3264 -10.9045 1 1 white-matter
-39.455 -25.5664 -7.9602 1 1 white-matter
-39.7394 -30.0931 -6.0809 1 1 white-matter
-40.0226 -34.6197 -4.2016 1 1 white-matter
-45.0063 -27.3568 -21.8173 1 1 ctx-lh-inferiortemporal
-49.9129 -28.5866 -19.0959 1 1 ctx-lh-inferiortemporal
-53.697 -29.7716 -16.4484 1 1 ctx-lh-inferiortemporal
-58.6037 -31.0022 -13.7266 1 1 ctx-lh-middletemporal
-62.9796 -32.4953 -12.1063 1 1 ctx-lh-middletemporal
-67.3244 -33.7032 -9.4216 1 1 ctx-lh-middletemporal
-72.261 -35.2182 -7.7647 1 1 outside-brain
-76.607 -36.4261 -5.08 1 1 outside-brain
0.9499 -45.1489 49.7001 1 1 ctx-lh-precuneus
-4.0996 -45.3537 50.0334 1 1 ctx-lh-precuneus
-9.7122 -46.3995 49.4243 1 1 ctx-lh-precuneus
-14.7617 -46.6048 49.7567 1 1 ctx-lh-precuneus
-20.4018 -47.1183 49.0619 1 1 ctx-lh-superiorparietal
-25.4502 -47.3231 49.3952 1 1 ctx-lh-superiorparietal
-30.4997 -47.5285 49.7275 1 1 ctx-lh-superiorparietal
-35.5516 -48.5516 49.0813 1 1 ctx-lh-superiorparietal
-41.1617 -48.7791 49.4518 1 1 ctx-lh-inferiorparietal
-46.2137 -49.8022 48.8056 1 1 ctx-lh-inferiorparietal
-51.8238 -50.0302 49.175 1 1 ctx-lh-supramarginal
-56.9023 -50.521 48.443 1 1 outside-brain
-42.1779 -31.2231 29.8986 1 1 ctx-lh-supramarginal
-47.1974 -31.1426 31.2964 1 1 ctx-lh-supramarginal
-52.2157 -31.062 32.694 1 1 ctx-lh-supramarginal
-57.7994 -31.8226 33.1495 1 1 ctx-lh-supramarginal
-62.8178 -31.7421 34.5472 1 1 ctx-lh-supramarginal
-67.8396 -32.4793 34.9665 1 1 outside-brain
-72.858 -32.3988 36.3641 1 1 outside-brain
-77.8499 -32.8503 37.8488 1 1 outside-brain
-16.3174 37.6247 19.4668 1 1 white-matter
-19.2742 39.1197 24.1057 1 1 ctx-lh-rostralmiddlefrontal
-22.8184 40.2455 28.3694 1 1 ctx-lh-rostralmiddlefrontal
-26.3616 41.3718 32.6341 1 1 ctx-lh-rostralmiddlefrontal
18.5181 -11.4458 -23.0692 1 1 ctx-rh-entorhinal
24.742 -10.4416 -22.5768 1 1 Right-Hippocampus
30.5903 -9.2729 -23.403 1 1 ctx-rh-entorhinal
36.1705 -9.0888 -23.6159 1 1 ctx-rh-fusiform
14.3961 49.3441 -22.5982 1 1 ctx-rh-lateralorbitofrontal
14.4694 50.2754 -16.442 1 1 ctx-rh-lateralorbitofrontal
15.0742 51.1268 -10.2446 1 1 ctx-rh-lateralorbitofrontal
15.1475 52.0591 -4.0886 1 1 ctx-rh-rostralmiddlefrontal
22.4688 34.6767 -17.9655 1 1 ctx-rh-lateralorbitofrontal
23.8733 36.4322 -12.3428 1 1 ctx-rh-lateralorbitofrontal
26.5527 38.562 -7.5841 1 1 ctx-rh-lateralorbitofrontal
28.4886 40.2374 -1.9216 1 1 white-matter
36.1401 35.8262 -14.6351 1 1 ctx-rh-parsorbitalis
40.5132 37.351 -11.3701 1 1 ctx-rh-parsorbitalis
44.1426 38.4211 -7.1988 1 1 ctx-rh-parstriangularis
48.2469 38.9623 -3.322 1 1 ctx-rh-parstriangularis
18.2742 21.8222 26.7765 1 1 white-matter
18.6159 23.7378 32.3196 1 1 white-matter
19.2206 24.589 38.5162 1 1 ctx-rh-superiorfrontal
19.5073 26.0552 43.7266 1 1 ctx-rh-superiorfrontal
21.0471 21.5386 31.1859 1 1 white-matter
25.3645 22.6139 34.1179 1 1 white-matter
29.737 24.1388 37.3827 1 1 ctx-rh-rostralmiddlefrontal
33.8417 24.6791 41.2604 1 1 ctx-rh-caudalmiddlefrontal
39.4427 14.6492 6.3448 1 1 ctx-rh-parsopercularis
43.2846 16.2542 9.5699 1 1 ctx-rh-parsopercularis
47.6577 17.7791 12.8349 1 1 ctx-rh-parstriangularis
52.0308 19.304 16.0998 1 1 ctx-rh-parsopercularis
23.6156 -18.4422 -12.1052 1 1 Right-Hippocampus
28.6643 -18.1772 -12.3593 1 1 Right-Hippocampus
34.2444 -17.9931 -12.5722 1 1 Right-Hippocampus
39.768 -18.2578 -13.1195 1 1 white-matter
32.9404 -3.5432 31.7781 1 1 white-matter
36.5693 -2.4721 35.9491 1 1 white-matter
39.455 -1.856 41.0254 1 1 ctx-rh-precentral
43.0842 -0.786 45.1963 1 1 ctx-rh-precentral
25.7406 10.3414 58.2192 1 1 ctx-rh-superiorfrontal
27.2397 9.6835 63.4958 1 1 ctx-rh-superiorfrontal
29.2691 8.9465 68.8119 1 1 outside-brain
30.8244 8.7382 74.4216 1 1 outside-brain
17.7837 27.5321 11.6273 1 1 white-matter
17.594 29.5279 17.1305 1 1 white-matter
17.1435 32.5875 21.9822 1 1 white-matter
17.4852 34.5035 27.5263 1 1 white-matter
28.2029 36.1527 18.3584 1 1 ctx-rh-rostralmiddlefrontal
31.7768 36.7739 22.1954 1 1 ctx-rh-rostralmiddlefrontal
35.35 37.3944 26.0338 1 1 ctx-rh-rostralmiddlefrontal
38.7106 37.4808 30.817 1 1 ctx-rh-rostralmiddlefrontal
-23.5581 -22.0477 -27.9698 1 1 ctx-lh-parahippocampal
-30.776 -18.1175 -34.0317 1 1 ctx-lh-inferiortemporal
-38.6182 -13.7542 -40.0511 1 1 ctx-lh-inferiortemporal
-44.8479 -6.6383 -40.7575 1 1 ctx-lh-inferiortemporal
-13.0011 -9.7446 -15.7704 1 1 Left-Hippocampus
-18.1786 -9.5027 -17.5745 1 1 Left-Hippocampus
-23.7611 -9.6558 -18.2527 1 1 Left-Amygdala
-28.8782 -9.2778 -18.9708 1 1 Left-Amygdala
-20.8374 -17.8248 -19.4763 1 1 Left-Hippocampus
-26.4405 -17.3612 -19.0671 1 1 Left-Hippocampus
-32.0232 -17.5144 -19.7452 1 1 Left-Hippocampus
-37.5465 -17.5314 -19.3363 1 1 ctx-lh-fusiform
-3.4327 50.514 -14.9204 1 1 ctx-lh-medialorbitofrontal
-6.5151 59.6453 -13.6951 1 1 ctx-lh-frontalpole
-15.9799 64.413 -10.86 1 1 outside-brain
-25.4424 62.9597 -6.8677 1 1 ctx-lh-rostralmiddlefrontal
-35.1514 60.1479 -1.7511 1 1 ctx-lh-rostralmiddlefrontal
-42.2266 55.2647 4.2838 1 1 ctx-lh-rostralmiddlefrontal
-45.7185 48.7561 10.072 1 1 ctx-lh-rostralmiddlefrontal
-46.3084 40.9177 14.5665 1 1 ctx-lh-parstriangularis
-36.7797 51.27 23.5862 1 1 ctx-lh-rostralmiddlefrontal
-37.6971 42.5539 29.2066 1 1 ctx-lh-rostralmiddlefrontal
-38.8906 34.5296 32.6554 1 1 ctx-lh-rostralmiddlefrontal
-39.2637 25.8631 38.2345 1 1 ctx-lh-rostralmiddlefrontal
-40.9423 17.9243 42.8106 1 1 ctx-lh-caudalmiddlefrontal
-40.0784 11.8151 48.2726 1 1 ctx-lh-caudalmiddlefrontal
-41.6793 3.3947 52.8481 1 1 ctx-lh-caudalmiddlefrontal
-43.803 -5.6922 56.3768 1 1 ctx-lh-precentral
-43.3905 47.178 15.3779 1 1 ctx-lh-rostralmiddlefrontal
-43.9017 38.8581 19.8723 1 1 ctx-lh-rostralmiddlefrontal
-44.334 30.0565 24.3653 1 1 ctx-lh-rostralmiddlefrontal
-44.8452 21.7363 28.8584 1 1 ctx-lh-rostralmiddlefrontal
-47.0293 14.5001 35.6505 1 1 ctx-lh-rostralmiddlefrontal
-49.3322 6.9923 40.2683 1 1 ctx-lh-caudalmiddlefrontal
-51.0118 -0.9465 44.8444 1 1 ctx-lh-caudalmiddlefrontal
-50.2551 -10.7464 48.1671 1 1 ctx-lh-precentral
-47.1609 41.6203 4.7912 1 1 ctx-lh-parsorbitalis
-47.6915 33.9169 10.3719 1 1 ctx-lh-parstriangularis
-48.747 25.5471 14.9064 1 1 ctx-lh-parstriangularis
-49.7237 16.6959 19.4406 1 1 ctx-lh-parsopercularis
-53.2145 10.1864 25.2287 1 1 ctx-lh-parsopercularis
-56.6858 3.0608 29.9283 1 1 ctx-lh-precentral
-57.5827 -6.2722 34.4613 1 1 ctx-lh-precentral
-57.1044 -13.3945 39.9617 1 1 ctx-lh-postcentral
-48.7129 37.015 -3.7851 1 1 ctx-lh-parsorbitalis
-49.8484 29.1268 0.7496 1 1 ctx-lh-parstriangularis
-50.7658 20.4109 6.3711 1 1 ctx-lh-parstriangularis
-53.4543 11.8911 11.0274 1 1 ctx-lh-parsopercularis
-56.5399 5.7775 15.6884 1 1 ctx-lh-parsopercularis
-59.7134 -2.6566 21.4732 1 1 ctx-lh-precentral
-60.8487 -10.5458 26.0081 1 1 ctx-lh-postcentral
-58.4111 -16.6413 30.2612 1 1 ctx-lh-supramarginal
-52.7822 11.2998 -10.8631 1 1 ctx-lh-superiortemporal
-56.8173 4.7415 -5.0347 1 1 ctx-lh-parsopercularis
-59.1407 -2.1485 0.6704 1 1 ctx-lh-precentral
-62.4728 -9.6203 6.4568 1 1 ctx-lh-postcentral
-64.1925 -16.3253 13.2079 1 1 ctx-lh-postcentral
-64.1787 -23.9779 18.7482 1 1 ctx-lh-supramarginal
-63.5623 -31.4455 25.3347 1 1 ctx-lh-supramarginal
-60.7675 -38.7141 31.758 1 1 ctx-lh-supramarginal
-55.3237 5.4966 -20.4467 1 1 ctx-lh-middletemporal
-58.0328 -2.4061 -14.7018 1 1 ctx-lh-superiortemporal
-60.2168 -9.6425 -7.9109 1 1 ctx-lh-superiortemporal
-62.6201 -16.0509 -2.2055 1 1 ctx-lh-middletemporal
-64.7242 -23.7687 4.5852 1 1 ctx-lh-middletemporal
-64.2461 -30.89 10.0858 1 1 ctx-lh-middletemporal
-62.6792 -37.9127 15.5048 1 1 outside-brain
-60.2906 -45.5761 23.0551 1 1 ctx-lh-supramarginal
-49.6316 1.3922 -35.0258 1 1 ctx-lh-middletemporal
-54.8946 -4.92 -30.2017 1 1 ctx-lh-middletemporal
-57.8023 -10.6268 -22.2804 1 1 ctx-lh-middletemporal
-61.1743 -16.8639 -14.3191 1 1 ctx-lh-middletemporal
-64.0419 -23.8037 -8.5737 1 1 ctx-lh-middletemporal
-65.9407 -28.9286 -0.7335 1 1 ctx-lh-middletemporal
-64.7196 -36.2113 6.8986 1 1 ctx-lh-middletemporal
-63.1721 -42.616 13.4062 1 1 ctx-lh-middletemporal
-44.8479 -6.6383 -40.7575 1 1 ctx-lh-inferiortemporal
-52.4274 -12.8049 -36.8562 1 1 ctx-lh-inferiortemporal
-55.998 -18.8329 -31.0677 1 1 ctx-lh-middletemporal
-58.747 -25.5019 -23.148 1 1 ctx-lh-middletemporal
-63.347 -31.4929 -16.1909 1 1 ctx-lh-inferiortemporal
-64.6011 -37.6666 -9.4799 1 1 ctx-lh-inferiortemporal
-64.1423 -44.1712 -2.8919 1 1 ctx-lh-inferiortemporal
-60.7643 -50.6366 5.6646 1 1 ctx-lh-middletemporal
-34.6431 -50.5235 -23.5773 1 1 ctx-lh-fusiform
-41.0509 -43.8144 -27.5429 1 1 ctx-lh-inferiortemporal
-47.9424 -37.0191 -30.3812 1 1 ctx-lh-inferiortemporal
-54.7963 -29.4723 -31.0459 1 1 ctx-lh-inferiortemporal
0.4735 -85.5112 26.6253 1 1 ctx-lh-cuneus
-7.9083 -89.6671 31.6574 1 1 ctx-lh-superiorparietal
-18.5897 -88.0727 33.5231 1 1 ctx-lh-lateraloccipital
-28.7768 -83.7625 33.1381 1 1 ctx-lh-inferiorparietal
-37.2432 -76.9814 31.5088 1 1 ctx-lh-inferiorparietal
-44.1348 -70.1866 28.6705 1 1 ctx-lh-inferiorparietal
14.64 28.4252 -22.5798 1 1 ctx-rh-lateralorbitofrontal
4.357 25.625 -25.0682 1 1 ctx-rh-medialorbitofrontal
-6.9167 23.6149 -24.2134 1 1 ctx-lh-medialorbitofrontal
-17.607 22.4064 -21.2264 1 1 ctx-lh-lateralorbitofrontal
-28.2975 21.199 -18.2383 1 1 ctx-lh-lateralorbitofrontal
-38.9868 19.9915 -15.2513 1 1 ctx-lh-lateralorbitofrontal
-47.3412 20.0073 -8.0796 1 1 ctx-lh-parsorbitalis
-52.0919 19.7676 2.1063 1 1 ctx-lh-parstriangularis
-34.7994 -55.782 -22.4184 1 1 outside-brain
-42.6815 -50.1855 -26.2639 1 1 ctx-lh-inferiortemporal
-50.5032 -44.453 -29.0224 1 1 ctx-lh-inferiortemporal
-57.7816 -36.6834 -27.4727 1 1 ctx-lh-inferiortemporal
22.6579 1.5366 -41.4633 1 1 ctx-rh-fusiform
30.807 -5.3058 -44.1801 1 1 ctx-rh-fusiform
40.6684 -10.4928 -42.6694 1 1 ctx-rh-inferiortemporal
49.3214 -14.065 -38.9031 1 1 ctx-rh-inferiortemporal
8.9036 -6.6611 -20.6984 1 1 Right-Hippocampus
14.0606 -8.2739 -22.155 1 1 Right-Hippocampus
19.1992 -9.269 -22.5255 1 1 Right-Hippocampus
24.9005 -10.83 -24.0226 1 1 Right-Hippocampus
22.3398 -18.2638 -22.6637 1 1 Right-Hippocampus
27.9235 -18.1106 -21.9856 1 1 Right-Hippocampus
33.4263 -17.4759 -21.3071 1 1 Right-Hippocampus
39.0887 -17.8032 -20.6293 1 1 ctx-rh-fusiform
-18.8473 -10.2893 -14.7968 1 1 Left-Amygdala
-24.0219 -10.6428 -14.7515 1 1 Left-Amygdala
-29.733 -10.5318 -14.5693 1 1 Left-Hippocampus
-34.215 -10.4659 -15.411 1 1 Left-Hippocampus
-39.7307 -9.9294 -16.209 1 1 white-matter
-44.4082 -10.2898 -16.0693 1 1 ctx-lh-middletemporal
-50.081 -10.6353 -16.1173 1 1 ctx-lh-middletemporal
-55.5967 -10.0988 -16.9152 1 1 ctx-lh-middletemporal
-60.3112 -10.0029 -16.5465 1 1 ctx-lh-middletemporal
-65.9842 -10.3485 -16.5944 1 1 ctx-lh-middletemporal
-71.1969 -10.2454 -16.3189 1 1 outside-brain
-76.2154 -9.716 -17.0237 1 1 outside-brain
-35.0953 -21.8106 23.1679 1 1 ctx-lh-insula
-39.8109 -21.7145 23.5377 1 1 white-matter
-45.0617 -21.155 24.0435 1 1 white-matter
-50.4689 -21.4777 25.2991 1 1 ctx-lh-supramarginal
-55.6817 -21.3747 25.5747 1 1 ctx-lh-supramarginal
-60.5907 -21.7053 26.925 1 1 ctx-lh-supramarginal
-66.5341 -21.5655 28.3166 1 1 ctx-lh-postcentral
-71.2497 -21.4694 28.6865 1 1 outside-brain
-76.1586 -21.8001 30.0356 1 1 outside-brain
-80.8742 -21.7052 30.4045 1 1 outside-brain
-86.8177 -21.5643 31.7972 1 1 outside-brain
-91.7266 -21.8948 33.1473 1 1 outside-brain
-30.6524 -21.3076 8.1729 1 1 ctx-lh-insula
-35.827 -21.6613 8.2183 1 1 ctx-lh-transversetemporal
-41.2665 -22.0367 6.9599 1 1 ctx-lh-transversetemporal
-45.944 -22.3971 7.0996 1 1 ctx-lh-transversetemporal
-50.9233 -22.3241 6.1647 1 1 ctx-lh-superiortemporal
-56.5581 -23.1261 5.8866 1 1 ctx-lh-superiortemporal
-61.5384 -23.0531 4.9517 1 1 ctx-lh-superiortemporal
-66.4806 -23.4365 3.7878 1 1 ctx-lh-superiortemporal
-72.1536 -23.7821 3.7397 1 1 ctx-lh-superiortemporal
-77.172 -23.2526 3.035 1 1 outside-brain
-82.8439 -23.599 2.9871 1 1 outside-brain
-87.3259 -23.5331 2.1454 1 1 outside-brain
-19.4081 21.3935 -9.5849 1 1 ctx-lh-lateralorbitofrontal
-20.3772 21.9696 -4.5138 1 1 white-matter
-21.5787 22.5748 1.7687 1 1 white-matter
-22.5478 23.151 6.8407 1 1 ctx-lh-lateralorbitofrontal
-23.5169 23.7273 11.9127 1 1 white-matter
-24.2202 24.3254 18.2886 1 1 white-matter
-25.2273 25.3581 23.5907 1 1 ctx-lh-rostralmiddlefrontal
-26.6565 25.4848 28.3383 1 1 ctx-lh-rostralmiddlefrontal
-27.6625 26.5165 33.6406 1 1 ctx-lh-rostralmiddlefrontal
-28.6697 27.5492 38.9427 1 1 ctx-lh-superiorfrontal
-29.1406 28.1184 44.108 1 1 ctx-lh-superiorfrontal
-30.1477 29.1501 49.4098 1 1 ctx-lh-superiorfrontal
-3.3102 31.0737 14.7212 1 1 ctx-lh-caudalanteriorcingulate
-8.2583 31.1995 16.3004 1 1 ctx-lh-superiorfrontal
-13.7035 31.3325 17.7876 1 1 white-matter
-18.1533 31.4513 19.46 1 1 white-matter
-23.793 31.1577 21.9263 1 1 ctx-lh-rostralmiddlefrontal
-28.7411 31.2835 23.5056 1 1 ctx-lh-rostralmiddlefrontal
-33.65 30.952 24.856 1 1 ctx-lh-rostralmiddlefrontal
-38.5981 31.0778 26.4352 1 1 ctx-lh-rostralmiddlefrontal
-43.5451 31.2037 28.0144 1 1 ctx-lh-rostralmiddlefrontal
-48.4932 31.3296 29.5947 1 1 ctx-lh-rostralmiddlefrontal
-53.9385 31.4625 31.0808 1 1 outside-brain
-58.8855 31.5884 32.66 1 1 outside-brain
-6.6147 0.5656 40.374 1 1 ctx-lh-posteriorcingulate
-12.7468 -0.2293 40.0027 1 1 ctx-lh-superiorfrontal
-17.7271 -0.1564 39.0678 1 1 white-matter
-21.7109 -0.0983 38.3206 1 1 white-matter
-27.6878 -0.0102 37.1991 1 1 white-matter
-32.8624 -0.3637 37.2445 1 1 white-matter
-37.8416 -0.2897 36.3094 1 1 ctx-lh-caudalmiddlefrontal
-42.8601 0.2398 35.6046 1 1 ctx-lh-caudalmiddlefrontal
-48.3005 -0.1367 34.3464 1 1 ctx-lh-precentral
-53.4752 -0.4892 34.3927 1 1 ctx-lh-precentral
-58.9908 0.0472 33.5936 1 1 ctx-lh-precentral
-63.9711 0.1204 32.6598 1 1 outside-brain
-11.0277 -41.2056 22.7403 1 1 white-matter
-15.8234 -42.9058 23.399 1 1 white-matter
-20.8134 -45.0325 25.0391 1 1 white-matter
-25.6472 -46.2763 25.9279 1 1 white-matter
-30.1401 -48.4102 27.6613 1 1 white-matter
-35.4721 -49.6466 28.4568 1 1 ctx-lh-inferiorparietal
-40.5003 -51.3168 30.3271 1 1 ctx-lh-inferiorparietal
-44.7978 -53.0243 31.0801 1 1 ctx-lh-inferiorparietal
-49.8269 -54.6946 32.9492 1 1 ctx-lh-inferiorparietal
-54.6988 -55.4817 34.0692 1 1 ctx-lh-supramarginal
-59.5315 -56.7254 34.958 1 1 ctx-lh-supramarginal
-64.0625 -58.403 36.9216 1 1 outside-brain
-21.5908 -8.7479 77.2563 1 1 ctx-lh-precentral
-24.7246 -7.3863 74.8713 1 1 ctx-lh-precentral
-28.6225 -6.0416 71.0891 1 1 ctx-lh-precentral
-31.7564 -4.68 68.7041 1 1 outside-brain
-36.1144 -3.7838 64.5982 1 1 outside-brain
-40.3259 -4.2042 62.3163 1 1 ctx-lh-precentral
-43.7255 -2.8655 58.6274 1 1 ctx-lh-precentral
-47.9321 -0.5769 56.5157 1 1 ctx-lh-precentral
-53.0687 -1.3869 56.3311 1 1 outside-brain
-58.1623 0.0556 56.0867 1 1 outside-brain
-63.2558 1.498 55.8422 1 1 outside-brain
-67.8141 2.477 55.4611 1 1 outside-brain
-10.3011 13.5699 55.1028 1 1 ctx-lh-superiorfrontal
-15.2815 13.6429 54.1681 1 1 ctx-lh-superiorfrontal
-20.4561 13.2894 54.2137 1 1 ctx-lh-superiorfrontal
-25.4745 13.8189 53.5091 1 1 ctx-lh-caudalmiddlefrontal
-30.9901 14.3564 52.711 1 1 ctx-lh-caudalmiddlefrontal
-35.9704 14.4295 51.7762 1 1 ctx-lh-caudalmiddlefrontal
-40.9508 14.5025 50.8415 1 1 ctx-lh-caudalmiddlefrontal
-45.93 14.5765 49.9067 1 1 ctx-lh-caudalmiddlefrontal
-51.5648 13.7734 49.6288 1 1 outside-brain
-56.0468 13.8395 48.7871 1 1 outside-brain
-61.7198 13.4939 48.7391 1 1 outside-brain
-66.7383 14.0234 48.0344 1 1 outside-brain
-4.8535 35.6758 39.1406 1 1 ctx-lh-superiorfrontal
-9.7956 35.2923 37.9756 1 1 ctx-lh-superiorfrontal
-15.5389 35.3504 35.6436 1 1 ctx-lh-superiorfrontal
-19.4846 34.953 34.6661 1 1 ctx-lh-superiorfrontal
-24.7297 35.0031 32.4275 1 1 ctx-lh-superiorfrontal
-29.1356 34.1561 31.1256 1 1 ctx-lh-rostralmiddlefrontal
-34.8788 34.2142 28.7936 1 1 ctx-lh-rostralmiddlefrontal
-39.3238 33.8238 27.7228 1 1 ctx-lh-rostralmiddlefrontal
-44.5308 33.4184 25.254 1 1 ctx-lh-rostralmiddlefrontal
-48.7803 33.4544 23.2018 1 1 ctx-lh-rostralmiddlefrontal
-53.6844 32.6145 21.8066 1 1 outside-brain
-58.9295 32.6656 19.5678 1 1 outside-brain
-31.6518 -33.9909 47.2717 1 1 ctx-lh-superiorparietal
-33.5401 -34.3136 51.6969 1 1 ctx-lh-superiorparietal
-35.662 -34.6053 57.3325 1 1 ctx-lh-superiorparietal
-37.2484 -35.362 62.8306 1 1 ctx-lh-superiorparietal
-39.2941 -36.5674 68.0057 1 1 ctx-lh-superiorparietal
-41.4159 -36.8598 73.6409 1 1 outside-brain
-44.1923 -38.0279 79.9329 1 1 outside-brain
-46.276 -38.7768 85.3381 1 1 outside-brain
-48.3978 -39.0692 90.9731 1 1 outside-brain
-50.2491 -39.848 95.1678 1 1 outside-brain
-53.2911 -41.0387 100.1559 1 1 outside-brain
-55.5703 -42.2142 106.5413 1 1 outside-brain
-25.5711 -50.5189 38.6195 1 1 ctx-lh-superiorparietal
-27.3461 -52.2106 42.3543 1 1 ctx-lh-superiorparietal
-29.3166 -54.3287 47.0693 1 1 ctx-lh-superiorparietal
-31.2489 -56.9034 51.5543 1 1 ctx-lh-superiorparietal
-33.2184 -59.0216 56.2692 1 1 ctx-lh-superiorparietal
-35.1507 -61.5963 60.7541 1 1 outside-brain
-37.0831 -64.1711 65.2385 1 1 outside-brain
-38.1655 -65.4434 68.0862 1 1 outside-brain
-40.135 -67.5617 72.801 1 1 outside-brain
-41.9482 -68.7969 76.7656 1 1 outside-brain
-43.7613 -70.0321 80.7301 1 1 outside-brain
-46.2681 -71.6865 85.5816 1 1 outside-brain
21.0094 -18.8372 -21.3813 1 1 Right-Hippocampus
26.4868 -18.9172 -20.3531 1 1 Right-Hippocampus
31.5053 -19.4477 -19.6482 1 1 Right-Hippocampus
35.7925 -19.9404 -17.8272 1 1 Right-Hippocampus
41.3084 -20.4768 -17.0282 1 1 ctx-rh-fusiform
46.2885 -20.5499 -16.0944 1 1 white-matter
51.3063 -21.0794 -15.3896 1 1 ctx-rh-inferiortemporal
56.7844 -21.1605 -14.3613 1 1 ctx-rh-inferiortemporal
61.8023 -21.6899 -13.6565 1 1 ctx-rh-middletemporal
66.7823 -21.7629 -12.7217 1 1 ctx-rh-middletemporal
72.2604 -21.844 -11.6933 1 1 ctx-rh-middletemporal
77.2403 -21.917 -10.7585 1 1 outside-brain
35.1422 -8.5658 7.8101 1 1 ctx-rh-insula
40.3065 -10.4129 10.3388 1 1 ctx-rh-insula
45.1676 -11.8255 11.7937 1 1 ctx-rh-postcentral
49.9906 -12.7815 13.4788 1 1 ctx-rh-postcentral
54.8517 -14.1941 14.9337 1 1 ctx-rh-supramarginal
59.2148 -15.5996 16.2954 1 1 ctx-rh-supramarginal
63.5399 -16.5486 17.8872 1 1 ctx-rh-postcentral
68.401 -17.9611 19.3422 1 1 ctx-rh-postcentral
73.798 -19.8373 20.6602 1 1 outside-brain
78.161 -21.2428 22.0219 1 1 outside-brain
83.0601 -23.1119 23.2466 1 1 outside-brain
87.9212 -24.5254 24.7017 1 1 outside-brain
10.8133 16.9582 -22.1144 1 1 ctx-rh-lateralorbitofrontal
13.5624 17.4525 -17.5987 1 1 ctx-rh-lateralorbitofrontal
16.0799 17.9779 -11.8717 1 1 ctx-rh-lateralorbitofrontal
17.8716 18.0304 -7.7738 1 1 Right-Putamen
19.8529 19.0192 -1.9109 1 1 Right-Putamen
21.6064 19.5285 2.4181 1 1 Right-Putamen
23.0894 20.5242 8.1879 1 1 white-matter
24.806 21.4899 12.746 1 1 white-matter
25.8288 22.0361 18.1923 1 1 white-matter
27.3118 23.0319 23.962 1 1 ctx-rh-rostralmiddlefrontal
28.2976 24.0355 29.6371 1 1 ctx-rh-rostralmiddlefrontal
29.5149 25.0084 34.1032 1 1 ctx-rh-rostralmiddlefrontal
6.6384 28.8392 3.0982 1 1 white-matter
12.1551 28.3028 3.8962 1 1 white-matter
17.1343 28.2297 4.8312 1 1 white-matter
22.1909 27.2428 5.3059 1 1 white-matter
27.2082 26.7133 6.0107 1 1 ctx-rh-lateralorbitofrontal
32.4214 26.6103 5.7351 1 1 ctx-rh-parstriangularis
36.9792 25.6314 6.1164 1 1 ctx-rh-parstriangularis
42.9552 25.5434 7.238 1 1 ctx-rh-parstriangularis
48.0111 24.5573 7.7126 1 1 ctx-rh-parstriangularis
53.9872 24.4693 8.8341 1 1 ctx-rh-parstriangularis
58.5449 23.4913 9.2154 1 1 ctx-rh-parstriangularis
63.563 22.9608 9.9203 1 1 outside-brain
-0.2152 -8.3818 49.3724 1 1 ctx-rh-superiorfrontal
5.6902 -8.0662 48.21 1 1 ctx-rh-superiorfrontal
10.9031 -8.1691 47.9345 1 1 ctx-rh-superiorfrontal
16.614 -8.2791 47.7522 1 1 white-matter
21.8268 -8.3831 47.4767 1 1 white-matter
26.5413 -8.478 47.1078 1 1 ctx-rh-precentral
31.7543 -8.5819 46.8324 1 1 ctx-rh-precentral
37.465 -8.6918 46.65 1 1 ctx-rh-precentral
42.1798 -8.788 46.2802 1 1 ctx-rh-precentral
47.8905 -8.8979 46.0978 1 1 ctx-rh-precentral
52.6053 -8.9938 45.7291 1 1 ctx-rh-precentral
57.8181 -9.0967 45.4535 1 1 ctx-rh-postcentral
-17.2334 -1.7068 -12.0725 1 1 ctx-lh-medialorbitofrontal
-21.9507 -4.3305 -10.4171 1 1 Left-Amygdala
-27.2237 -6.6598 -9.9377 1 1 Left-Putamen
-31.2888 -10.3059 -8.6419 1 1 Left-Putamen
-35.9619 -13.1262 -8.3374 1 1 ctx-lh-insula
-40.5719 -16.8114 -7.0542 1 1 ctx-lh-superiortemporal
-45.2998 -19.1006 -6.5624 1 1 ctx-lh-superiortemporal
-50.0173 -21.7254 -4.9067 1 1 ctx-lh-superiortemporal
-54.7452 -24.0148 -4.4162 1 1 ctx-lh-middletemporal
-59.4091 -27.1703 -2.9465 1 1 ctx-lh-middletemporal
-26.6193 -12.8314 -10.8217 1 1 Left-Amygdala
-30.6306 -17.0071 -9.7121 1 1 Left-Putamen
-35.2512 -20.358 -9.5938 1 1 Left-Hippocampus
-39.3161 -24.0029 -8.298 1 1 white-matter
-42.7834 -28.1382 -7.1759 1 1 ctx-lh-middletemporal
-46.8588 -31.4487 -7.0439 1 1 ctx-lh-middletemporal
-51.4677 -35.1341 -5.7607 1 1 ctx-lh-middletemporal
-55.5338 -38.7792 -4.4648 1 1 ctx-lh-middletemporal
-60.1428 -42.465 -3.1815 1 1 ctx-lh-middletemporal
-64.2626 -45.5796 -1.6995 1 1 ctx-lh-middletemporal
-23.5668 -28.3188 -7.29 1 1 Left-Hippocampus
-26.9804 -32.9849 -6.354 1 1 Left-Hippocampus
-29.9025 -37.0798 -5.2183 1 1 Left-Hippocampus
-32.8155 -41.5097 -2.9198 1 1 white-matter
-36.2383 -45.8407 -3.1477 1 1 ctx-lh-fusiform
-39.7055 -49.9761 -2.0256 1 1 ctx-lh-inferiortemporal
-43.7169 -54.1518 -0.9159 1 1 white-matter
-47.7281 -58.3277 0.1938 1 1 white-matter
-51.1942 -62.4631 1.317 1 1 ctx-lh-middletemporal
-54.6616 -66.5985 2.4392 1 1 ctx-lh-inferiortemporal
-27.2569 -6.8004 -7.4238 1 1 Left-Putamen
-25.7499 -7.5722 3.8371 1 1 Left-Putamen
-23.7516 -7.7741 15.2979 1 1 Left-Putamen
-22.2881 -8.3509 27.9088 1 1 white-matter
-19.7458 -8.5124 39.382 1 1 white-matter
-17.7485 -8.7131 50.8415 1 1 ctx-lh-precentral
-15.1959 -9.2104 63.4784 1 1 ctx-lh-superiorfrontal
-13.7964 -8.9208 75.1117 1 1 ctx-lh-superiorfrontal
-0.3671 41.3582 10.6773 1 1 ctx-lh-rostralanteriorcingulate
-5.8114 40.9555 10.5512 1 1 ctx-lh-rostralanteriorcingulate
-11.2547 40.5522 10.4237 1 1 ctx-lh-superiorfrontal
-16.6455 39.6185 10.1104 1 1 white-matter
-22.0889 39.2153 9.983 1 1 white-matter
-28.0773 38.7708 9.8434 1 1 white-matter
-33.5217 38.368 9.7173 1 1 ctx-lh-rostralmiddlefrontal
-38.9661 37.965 9.5901 1 1 ctx-lh-rostralmiddlefrontal
-44.9546 37.5216 9.4501 1 1 ctx-lh-parstriangularis
-50.3979 37.1184 9.3228 1 1 ctx-lh-parstriangularis
18.9875 -13.3936 -12.4228 1 1 Right-Amygdala
24.529 -13.7164 -13.8317 1 1 Right-Amygdala
30.0167 -13.5087 -15.0557 1 1 Right-Hippocampus
34.9606 -13.3414 -16.2921 1 1 Right-Hippocampus
40.4487 -13.1334 -17.5149 1 1 white-matter
45.9366 -12.9258 -18.7388 1 1 ctx-rh-superiortemporal
51.4686 -12.9134 -21.3129 1 1 ctx-rh-middletemporal
56.9565 -12.7055 -22.5357 1 1 ctx-rh-middletemporal
62.4444 -12.4978 -23.7597 1 1 ctx-rh-middletemporal
67.9325 -12.2899 -24.9826 1 1 ctx-rh-middletemporal
20.9837 -21.9968 -16.7266 1 1 Right-Hippocampus
26.1186 -24.4257 -15.0287 1 1 Right-Hippocampus
30.7106 -26.8951 -13.3434 1 1 Right-Hippocampus
35.8458 -29.324 -11.6455 1 1 ctx-rh-fusiform
40.9273 -31.2233 -9.7613 1 1 white-matter
45.5184 -33.6928 -8.0772 1 1 white-matter
50.6539 -36.1218 -6.3793 1 1 ctx-rh-middletemporal
55.2449 -38.592 -4.6937 1 1 ctx-rh-middletemporal
60.3805 -41.021 -2.9958 1 1 ctx-rh-middletemporal
66.0605 -43.4097 -1.2855 1 1 ctx-rh-middletemporal
21.5199 -28.4465 -12.5815 1 1 Right-Hippocampus
29.8729 -35.7839 -11.3316 1 1 ctx-rh-parahippocampal
37.6917 -43.496 -8.9304 1 1 ctx-rh-fusiform
46.0548 -51.1686 -6.5166 1 1 ctx-rh-inferiortemporal
54.4082 -58.5058 -5.2666 1 1 ctx-rh-inferiortemporal
63.3058 -65.8027 -4.0043 1 1 outside-brain
68.1127 -70.3946 -3.0648 1 1 outside-brain
71.669 -73.4751 -1.5905 1 1 outside-brain
37.5943 9.3039 -8.357 1 1 ctx-rh-insula
37.4188 3.26 2.3425 1 1 ctx-rh-insula
37.6812 -1.6816 13.4251 1 1 ctx-rh-insula
37.9876 -6.8191 23.1592 1 1 white-matter
38.3574 -12.8221 33.8697 1 1 ctx-rh-precentral
38.6735 -18.2952 44.7677 1 1 ctx-rh-postcentral
39.534 -23.727 55.6777 1 1 ctx-rh-postcentral
39.796 -28.6695 66.7614 1 1 ctx-rh-postcentral
5.0624 36.7512 7.7652 1 1 ctx-rh-rostralanteriorcingulate
15.5776 35.5906 8.6128 1 1 white-matter
26.583 35.0007 9.6578 1 1 white-matter
38.08 34.9819 10.9026 1 1 ctx-rh-parstriangularis
49.0318 34.923 12.1349 1 1 ctx-rh-rostralmiddlefrontal
60.0278 34.6685 12.0158 1 1 outside-brain
71.0438 33.7444 14.2258 1 1 outside-brain
80.5245 31.9723 14.861 1 1 outside-brain
8.8244 -41.8108 30.1902 1 1 ctx-rh-isthmuscingulate
19.5463 -44.7584 29.1279 1 1 white-matter
30.2671 -47.7056 28.0656 1 1 white-matter
40.4882 -50.8889 25.6406 1 1 white-matter
51.2637 -54.3669 24.3922 1 1 ctx-rh-inferiorparietal
62.4654 -56.4084 22.3647 1 1 ctx-rh-supramarginal
72.5783 -58.5308 20.3109 1 1 outside-brain
79.8175 -59.5981 19.9171 1 1 outside-brain
32.4189 -34.8001 -5.8665 1 1 Right-Hippocampus
42.2234 -39.7546 -6.3485 1 1 white-matter
52.6264 -45.1994 -7.0041 1 1 ctx-rh-middletemporal
62.4408 -50.4895 -6.3221 1 1 ctx-rh-middletemporal
69.2535 -52.9928 -5.9369 1 1 outside-brain
72.7998 -55.739 -5.6276 1 1 outside-brain
80.2008 -58.3978 -6.5799 1 1 outside-brain
83.3204 -62.58 -5.4916 1 1 outside-brain
27.9428 -56.9234 -5.9239 1 1 ctx-rh-fusiform
31.622 -56.0548 -1.7838 1 1 ctx-rh-fusiform
35.355 -55.7164 2.1713 1 1 ctx-rh-fusiform
39.0339 -54.8477 6.3113 1 1 ctx-rh-lateraloccipital
43.3112 -54.4693 10.2777 1 1 ctx-rh-inferiorparietal
47.054 -54.4663 15.3955 1 1 ctx-rh-inferiorparietal
51.3314 -54.0876 19.363 1 1 ctx-rh-inferiorparietal
55.6087 -53.7092 23.3294 1 1 ctx-rh-inferiorparietal
59.3957 -53.9015 27.0971 1 1 ctx-rh-inferiorparietal
63.6729 -53.5232 31.0635 1 1 outside-brain
19.3372 18.1208 -15.4697 1 1 ctx-rh-lateralorbitofrontal
22.9047 18.906 -4.9493 1 1 ctx-rh-lateralorbitofrontal
25.8834 19.8459 6.9075 1 1 ctx-rh-insula
29.4063 20.8265 18.7781 1 1 white-matter
32.375 22.1021 29.4722 1 1 white-matter
35.9527 22.5517 41.156 1 1 ctx-rh-rostralmiddlefrontal
39.5292 23.0015 52.8402 1 1 ctx-rh-caudalmiddlefrontal
42.0611 23.1753 63.1487 1 1 outside-brain
-24.7314 -1.46 -13.6583 1 1 ctx-lh-insula
-30.4525 -0.2985 -13.3042 1 1 ctx-lh-insula
-35.188 1.4138 -13.118 1 1 ctx-lh-insula
-40.5059 2.9251 -14.067 1 1 ctx-lh-superiortemporal
-45.7524 3.4525 -14.8829 1 1 ctx-lh-superiortemporal
-51.4388 4.1229 -14.4636 1 1 ctx-lh-superiortemporal
-55.343 3.7452 -11.6238 1 1 ctx-lh-superiortemporal
-56.9903 2.8402 -6.4801 1 1 ctx-lh-superiortemporal
-18.293 0.6771 -30.3567 1 1 outside-brain
-19.5668 -0.5575 -34.9322 1 1 ctx-lh-entorhinal
-21.4588 -1.4989 -40.7087 1 1 ctx-lh-fusiform
-40.7396 -1.7641 -43.7909 1 1 ctx-lh-inferiortemporal
-49.6031 -0.9298 -37.0249 1 1 ctx-lh-inferiortemporal
-53.4449 -2.2758 -26.7553 1 1 ctx-lh-middletemporal
-6.6791 70.56 -8.4591 1 1 ctx-lh-frontalpole
-11.7875 73.7557 2.4987 1 1 ctx-lh-superiorfrontal
-17.2313 73.3076 12.7848 1 1 ctx-lh-superiorfrontal
-22.534 69.7358 22.2853 1 1 outside-brain
-28.3862 64.3165 29.6651 1 1 outside-brain
-33.1485 56.8151 36.0233 1 1 outside-brain
-37.9839 47.987 40.1437 1 1 outside-brain
-42.2752 37.5399 43.2276 1 1 ctx-lh-rostralmiddlefrontal
-40.5182 40.4357 41.4421 1 1 ctx-lh-rostralmiddlefrontal
-43.3485 31.0575 44.2424 1 1 ctx-lh-rostralmiddlefrontal
-45.4893 21.559 49.4299 1 1 ctx-lh-caudalmiddlefrontal
-49.4478 12.4461 51.0785 1 1 ctx-lh-caudalmiddlefrontal
-50.2006 2.6907 53.744 1 1 ctx-lh-caudalmiddlefrontal
-50.8117 -7.8777 57.7283 1 1 ctx-lh-precentral
-52.0034 -17.4901 61.6297 1 1 ctx-lh-postcentral
-52.1399 -28.6927 64.4443 1 1 ctx-lh-postcentral
-47.3988 38.8719 30.1227 1 1 ctx-lh-rostralmiddlefrontal
-48.0804 29.2876 33.9747 1 1 ctx-lh-rostralmiddlefrontal
-50.8044 18.4345 36.9741 1 1 ctx-lh-rostralmiddlefrontal
-52.542 9.285 40.8589 1 1 ctx-lh-rostralmiddlefrontal
-53.6991 -0.8193 44.8268 1 1 ctx-lh-caudalmiddlefrontal
-54.4171 -11.0666 47.5588 1 1 ctx-lh-precentral
-56.7006 -19.7519 51.4279 1 1 ctx-lh-postcentral
-57.3831 -30.4913 54.2264 1 1 ctx-lh-supramarginal
-49.5449 35.5968 18.6166 1 1 ctx-lh-parstriangularis
-51.2122 25.4635 22.635 1 1 ctx-lh-rostralmiddlefrontal
-53.4241 15.7944 26.6378 1 1 ctx-lh-parsopercularis
-55.7096 5.9531 29.4542 1 1 ctx-lh-parsopercularis
-56.9725 -3.8302 32.1696 1 1 ctx-lh-precentral
-58.093 -13.2717 37.2567 1 1 ctx-lh-postcentral
-60.4496 -23.2839 38.8868 1 1 ctx-lh-supramarginal
-60.0375 -32.6391 43.824 1 1 ctx-lh-supramarginal
-49.5771 32.6077 8.096 1 1 ctx-lh-parstriangularis
-50.7696 21.8393 10.9448 1 1 ctx-lh-parstriangularis
-53.0184 12.662 14.8798 1 1 ctx-lh-parsopercularis
-56.2865 3.4278 18.9157 1 1 ctx-lh-precentral
-59.0821 -6.4413 21.7833 1 1 ctx-lh-precentral
-61.3664 -16.2825 24.5997 1 1 ctx-lh-postcentral
-61.9756 -25.6951 29.6357 1 1 ctx-lh-supramarginal
-62.6938 -35.9425 32.3678 1 1 ctx-lh-supramarginal
-42.7982 26.374 -3.7994 1 1 ctx-lh-parstriangularis
-50.2578 17.2312 -0.6135 1 1 ctx-lh-parsopercularis
-53.7043 9.3019 2.0375 1 1 ctx-lh-parsopercularis
-56.9377 -0.4253 6.1402 1 1 ctx-lh-superiortemporal
-59.7314 -9.1385 10.0597 1 1 ctx-lh-precentral
-62.4565 -19.9927 13.0593 1 1 ctx-lh-postcentral
-62.6626 -29.0562 16.7935 1 1 ctx-lh-superiortemporal
-63.3084 -39.1317 20.712 1 1 ctx-lh-superiortemporal
-42.2834 22.9207 -14.3044 1 1 ctx-lh-parsorbitalis
-48.2125 13.8639 -11.2682 1 1 ctx-lh-superiortemporal
-53.1559 5.3567 -8.4009 1 1 ctx-lh-superiortemporal
-56.4962 -4.0495 -5.5501 1 1 ctx-lh-superiortemporal
-59.7297 -13.7756 -1.4474 1 1 ctx-lh-superiortemporal
-61.9428 -23.4449 2.5542 1 1 ctx-lh-superiortemporal
-62.1854 -33.1724 5.1699 1 1 ctx-lh-superiortemporal
-62.9739 -42.4351 7.7688 1 1 ctx-lh-bankssts
-42.9364 17.9129 -28.132 1 1 ctx-lh-temporalpole
-49.4825 9.149 -26.2991 1 1 ctx-lh-superiortemporal
-51.7314 -0.0295 -22.3639 1 1 ctx-lh-middletemporal
-55.0352 -8.7715 -18.3933 1 1 ctx-lh-middletemporal
-59.8341 -16.9359 -13.1544 1 1 ctx-lh-middletemporal
-59.8636 -28.4601 -9.0871 1 1 ctx-lh-middletemporal
-62.0401 -37.4661 -3.9669 1 1 ctx-lh-middletemporal
-63.2665 -46.5865 -0.1316 1 1 ctx-lh-middletemporal
-39.0759 11.8505 -37.3542 1 1 ctx-lh-temporalpole
-46.8209 4.3337 -36.8051 1 1 ctx-lh-inferiortemporal
-52.238 -3.5385 -32.7681 1 1 ctx-lh-middletemporal
-56.5275 -12.8306 -28.6309 1 1 ctx-lh-middletemporal
-58.7763 -22.008 -24.6959 1 1 ctx-lh-middletemporal
-58.4008 -32.0264 -20.8784 1 1 ctx-lh-inferiortemporal
-60.0314 -41.4967 -15.7414 1 1 ctx-lh-inferiortemporal
-59.8681 -48.5634 -12.3234 1 1 ctx-lh-inferiortemporal
-28.7801 -18.8183 -13.2667 1 1 Left-Hippocampus
-34.0605 -16.6432 -13.0971 1 1 Left-Hippocampus
-39.4142 -14.6398 -14.1126 1 1 white-matter
-44.6956 -12.4645 -13.9419 1 1 ctx-lh-superiortemporal
-49.8689 -10.6102 -12.5193 1 1 ctx-lh-superiortemporal
-55.0076 -9.248 -11.0313 1 1 ctx-lh-superiortemporal
-59.5639 -7.6868 -8.4066 1 1 ctx-lh-superiortemporal
-62.3735 -6.6809 -3.4294 1 1 ctx-lh-superiortemporal
-42.3206 -85.361 36.3033 1 1 ctx-lh-inferiorparietal
-49.7015 -78.8652 32.4022 1 1 ctx-lh-inferiorparietal
-56.5358 -71.6775 29.5712 1 1 ctx-lh-inferiorparietal
-60.9966 -63.0422 25.1032 1 1 ctx-lh-inferiorparietal
-24.7857 -6.2995 -40.9451 1 1 ctx-lh-fusiform
-32.6726 -11.8472 -40.6612 1 1 ctx-lh-fusiform
-41.8742 -16.9673 -36.6708 1 1 ctx-lh-inferiortemporal
-51.1463 -21.1033 -32.8125 1 1 ctx-lh-inferiortemporal
-58.1973 -25.2749 -26.719 1 1 ctx-lh-inferiortemporal
-60.7699 -28.8529 -15.0322 1 1 ctx-lh-middletemporal
-1.1203 -65.1684 1.7376 1 1 ctx-lh-lingual
-8.5441 -63.9575 -7.4924 1 1 ctx-lh-lingual
-17.7234 -63.3308 -12.8317 1 1 ctx-lh-lingual
-27.8161 -63.0822 -16.8195 1 1 ctx-lh-fusiform
-38.3476 -62.6906 -19.5697 1 1 ctx-lh-fusiform
-48.3672 -61.1152 -21.319 1 1 ctx-lh-inferiortemporal
-57.2181 -56.8292 -18.6912 1 1 ctx-lh-inferiortemporal
-59.655 -50.3602 -10.8718 1 1 ctx-lh-inferiortemporal
-35.5752 -46.9836 12.0132 1 1 white-matter
-41.439 -45.0085 11.0488 1 1 white-matter
-46.2815 -42.9763 9.9832 1 1 white-matter
-51.5282 -41.2934 10.2195 1 1 ctx-lh-bankssts
-56.3706 -39.2613 9.154 1 1 ctx-lh-bankssts
-61.0385 -40.8449 7.3682 1 1 ctx-lh-bankssts
-63.3797 -45.0954 6.9653 1 1 ctx-lh-bankssts
-64.6669 -50.9358 5.477 1 1 ctx-lh-bankssts
-12.1076 -6.8506 -18.3423 1 1 Left-Amygdala
-17.0438 -7.3428 -17.0137 1 1 Left-Amygdala
-22.4774 -8.4633 -15.6267 1 1 Left-Amygdala
-27.9905 -9.0833 -15.386 1 1 Left-Amygdala
-32.376 -9.5144 -14.0812 1 1 Left-Putamen
-37.8629 -10.0702 -12.7294 1 1 ctx-lh-superiortemporal
-42.8536 -9.9972 -11.4339 1 1 ctx-lh-superiortemporal
-47.7355 -11.0556 -10.0721 1 1 ctx-lh-superiortemporal
-53.2768 -11.0453 -8.7535 1 1 ctx-lh-superiortemporal
-58.2674 -10.9726 -7.4589 1 1 ctx-lh-superiortemporal
-64.3061 -11.5895 -6.0821 1 1 ctx-lh-superiortemporal
-68.6363 -12.5853 -4.7433 1 1 outside-brain
-21.9693 -19.8986 -16.0398 1 1 Left-Hippocampus
-25.7761 -20.202 -13.6483 1 1 Left-Hippocampus
-31.8691 -20.2537 -12.3044 1 1 Left-Hippocampus
-36.282 -20.0535 -9.9231 1 1 white-matter
-41.2455 -19.9163 -7.5164 1 1 ctx-lh-superiortemporal
-46.7878 -19.9057 -6.1966 1 1 ctx-lh-superiortemporal
-51.1453 -20.2713 -3.7811 1 1 ctx-lh-superiortemporal
-55.5582 -20.0709 -1.3986 1 1 ctx-lh-superiortemporal
-61.0995 -20.0605 -0.08 1 1 ctx-lh-superiortemporal
-67.1404 -19.9814 3.4868 1 1 ctx-lh-superiortemporal
-70.4225 -20.2889 4.7434 1 1 outside-brain
-74.8344 -20.0883 7.1258 1 1 outside-brain
-18.6279 -29.4354 -8.8584 1 1 Left-Hippocampus
-23.5099 -30.4937 -7.4965 1 1 Left-Hippocampus
-28.9968 -31.0483 -6.1438 1 1 Left-Hippocampus
-33.8788 -32.1067 -4.782 1 1 Left-Hippocampus
-38.7346 -33.0996 -2.3082 1 1 white-matter
-43.6166 -34.1579 -0.9453 1 1 ctx-lh-middletemporal
-49.1035 -34.7124 0.4074 1 1 ctx-lh-superiortemporal
-53.9593 -35.7053 2.8814 1 1 ctx-lh-superiortemporal
-58.8946 -36.1988 4.209 1 1 ctx-lh-superiortemporal
-64.9887 -36.2505 5.5529 1 1 ctx-lh-superiortemporal
-69.2375 -37.7463 8.0356 1 1 ctx-lh-superiortemporal
-74.7254 -38.3019 9.3885 1 1 outside-brain
-30.4984 -31.4565 -20.5823 1 1 ctx-lh-parahippocampal
-35.2716 -33.6448 -19.1523 1 1 ctx-lh-fusiform
-40.0992 -35.2692 -17.7562 1 1 ctx-lh-inferiortemporal
-45.5329 -36.3889 -16.3704 1 1 ctx-lh-inferiortemporal
-49.7544 -38.5159 -14.9643 1 1 ctx-lh-inferiortemporal
-54.6092 -39.5088 -12.4905 1 1 ctx-lh-middletemporal
-59.4367 -41.1332 -11.0944 1 1 ctx-lh-middletemporal
-65.8641 -43.5076 -9.5933 1 1 ctx-lh-middletemporal
-69.0919 -44.38 -8.3025 1 1 outside-brain
-74.9958 -46.0623 -5.7463 1 1 outside-brain
-78.1964 -47.5653 -5.5346 1 1 outside-brain
-85.7544 -49.4336 -2.9062 1 1 outside-brain
-9.913 49.516 -9.6971 1 1 ctx-lh-medialorbitofrontal
-9.913 49.516 -9.6971 1 1 ctx-lh-medialorbitofrontal
-12.4568 49.032 -2.8722 1 1 ctx-lh-medialorbitofrontal
-13.4257 48.5386 0.5441 1 1 ctx-lh-medialorbitofrontal
-15.4992 48.6175 6.1995 1 1 white-matter
-16.9123 47.6268 11.8983 1 1 white-matter
-18.9859 47.7056 17.5527 1 1 white-matter
-20.4534 47.2808 23.2173 1 1 ctx-lh-rostralmiddlefrontal
-22.0012 47.3556 27.7367 1 1 ctx-lh-rostralmiddlefrontal
-24.5188 46.9371 35.6732 1 1 ctx-lh-rostralmiddlefrontal
-26.4849 46.5809 43.5855 1 1 ctx-lh-rostralmiddlefrontal
-27.0095 46.584 44.7213 1 1 ctx-lh-rostralmiddlefrontal
-22.1318 18.6634 7.2167 1 1 white-matter
-27.23 19.8661 8.4441 1 1 ctx-lh-insula
-32.3554 21.0047 8.5603 1 1 ctx-lh-parsopercularis
-37.5091 22.7734 9.7533 1 1 ctx-lh-parsopercularis
-42.6344 23.9109 9.8698 1 1 ctx-lh-parstriangularis
-47.2624 25.6765 9.9267 1 1 ctx-lh-parstriangularis
-52.9394 26.7526 10.0671 1 1 ctx-lh-parstriangularis
-57.487 28.0177 11.2703 1 1 ctx-lh-parsopercularis
-63.1641 29.0937 11.4095 1 1 outside-brain
-68.8141 30.2341 12.661 1 1 outside-brain
-73.3877 31.4348 12.752 1 1 outside-brain
-76.2539 32.2553 12.8051 1 1 outside-brain
-44.5469 3.2058 -7.7388 1 1 ctx-lh-superiortemporal
-49.7267 4.9093 -7.6568 1 1 ctx-lh-superiortemporal
-54.3817 6.6095 -8.7108 1 1 ctx-lh-superiortemporal
-60.0588 7.6855 -8.5716 1 1 ctx-lh-superiortemporal
-64.6868 9.4502 -8.5134 1 1 outside-brain
-69.8121 10.5885 -8.3982 1 1 outside-brain
-74.9375 11.7258 -8.2829 1 1 outside-brain
-81.301 13.8053 -9.2977 1 1 outside-brain
-33.2857 -6.8629 -36.5532 1 1 ctx-lh-entorhinal
-37.7519 -6.0983 -34.2036 1 1 ctx-lh-temporalpole
-42.192 -5.2673 -30.7433 1 1 ctx-lh-inferiortemporal
-46.6592 -4.5019 -28.395 1 1 ctx-lh-middletemporal
-51.1796 -3.1713 -26.0797 1 1 ctx-lh-middletemporal
-56.1715 -2.4038 -22.595 1 1 ctx-lh-middletemporal
-60.6387 -1.6383 -20.2467 1 1 ctx-lh-middletemporal
-65.1048 -0.8727 -17.8973 1 1 outside-brain
-69.6004 0.5232 -14.471 1 1 outside-brain
-73.5148 1.3499 -12.1467 1 1 outside-brain
-79.1388 2.5569 -9.7833 1 1 outside-brain
-84.1306 3.3255 -6.2988 1 1 outside-brain
-2.5982 23.5096 22.9495 1 1 ctx-lh-caudalanteriorcingulate
-6.9567 23.144 25.3652 1 1 ctx-lh-caudalanteriorcingulate
-11.9746 23.8473 27.7387 1 1 ctx-lh-superiorfrontal
-17.5159 23.8577 29.0572 1 1 white-matter
-21.8744 23.492 31.4729 1 1 ctx-lh-superiorfrontal
-26.3677 24.1922 32.7103 1 1 ctx-lh-caudalmiddlefrontal
-32.4075 24.2712 36.2771 1 1 ctx-lh-caudalmiddlefrontal
-36.8475 24.4062 37.5475 1 1 ctx-lh-rostralmiddlefrontal
-41.3408 25.1062 38.7838 1 1 ctx-lh-rostralmiddlefrontal
-47.9856 25.6879 42.3411 1 1 ctx-lh-rostralmiddlefrontal
-51.8739 25.8842 43.5878 1 1 outside-brain
-56.8373 26.0224 45.9942 1 1 outside-brain
-3.2988 34.57 -3.4106 1 1 ctx-lh-rostralanteriorcingulate
-8.3427 35.2077 -2.1502 1 1 ctx-lh-rostralanteriorcingulate
-13.442 36.4114 -0.923 1 1 white-matter
-18.5131 36.9838 -0.7737 1 1 white-matter
-23.558 37.6216 0.4879 1 1 white-matter
-28.6573 38.8244 1.7153 1 1 white-matter
-34.3333 39.9004 1.8544 1 1 white-matter
-39.3783 40.5382 3.116 1 1 ctx-lh-rostralmiddlefrontal
-44.4777 41.742 4.3432 1 1 ctx-lh-parstriangularis
-51.23 42.7589 5.6427 1 1 ctx-lh-parstriangularis
-54.5925 42.952 5.7529 1 1 outside-brain
-60.1893 43.5275 7.0386 1 1 outside-brain
-27.6005 14.3869 2.6245 1 1 Left-Putamen
-27.1995 14.3886 8.5999 1 1 Left-Putamen
-26.7682 14.0117 14.2359 1 1 white-matter
-26.2807 14.6761 19.3321 1 1 white-matter
-26.3327 14.2929 24.9275 1 1 white-matter
-25.9002 13.9172 30.5644 1 1 ctx-lh-caudalmiddlefrontal
-25.4689 13.5403 36.2004 1 1 ctx-lh-caudalmiddlefrontal
-25.0366 13.1645 41.836 1 1 ctx-lh-caudalmiddlefrontal
-5.9321 42.3071 11.5605 1 1 ctx-lh-superiorfrontal
-11.3404 41.5617 11.9997 1 1 ctx-lh-superiorfrontal
-16.7174 40.4397 12.1003 1 1 white-matter
-21.6413 39.7017 12.581 1 1 white-matter
-27.0497 38.9562 13.0202 1 1 white-matter
-32.06 37.5557 14.3801 1 1 ctx-lh-rostralmiddlefrontal
-36.9841 36.8176 14.8597 1 1 ctx-lh-rostralmiddlefrontal
-42.3923 36.0723 15.2999 1 1 ctx-lh-rostralmiddlefrontal
-37.3981 -32.9133 -3.7195 1 1 white-matter
-35.8045 -37.3334 -0.1789 1 1 Left-Hippocampus
-34.5752 -41.4745 2.1012 1 1 white-matter
-33.347 -45.6155 4.3826 1 1 white-matter
-32.1186 -49.7565 6.6639 1 1 white-matter
-31.4611 -54.5685 9.7852 1 1 white-matter
-30.2014 -59.0868 11.7269 1 1 white-matter
-28.9722 -63.2279 14.007 1 1 white-matter
-27.8314 -68.0325 17.1688 1 1 ctx-lh-inferiorparietal
-26.6032 -72.1737 19.449 1 1 ctx-lh-inferiorparietal
-24.9771 -76.9708 22.6499 1 1 ctx-lh-inferiorparietal
-23.7488 -81.1118 24.9313 1 1 ctx-lh-inferiorparietal
-41.6917 -37.4289 5.2767 1 1 white-matter
-47.1629 -37.4197 6.3951 1 1 white-matter
-52.1496 -37.4031 7.5539 1 1 ctx-lh-superiortemporal
-57.1364 -37.3865 8.7126 1 1 ctx-lh-superiortemporal
-62.6377 -36.9999 10.1718 1 1 ctx-lh-superiortemporal
-68.0774 -37.368 10.9505 1 1 ctx-lh-superiortemporal
-72.5798 -37.344 12.1497 1 1 outside-brain
-77.5979 -36.9501 13.648 1 1 outside-brain
-25.312 -18.6388 -12.262 1 1 Left-Hippocampus
-30.2608 -20.7946 -11.5812 1 1 Left-Hippocampus
-35.1782 -23.3282 -11.24 1 1 Left-Hippocampus
-39.6427 -25.4767 -10.5199 1 1 white-matter
-44.5916 -27.6326 -9.8392 1 1 white-matter
-49.056 -29.7811 -9.1179 1 1 ctx-lh-middletemporal
-54.0048 -31.9369 -8.4371 1 1 ctx-lh-middletemporal
-58.9536 -34.0929 -7.7574 1 1 ctx-lh-middletemporal
-63.9327 -35.8713 -6.7371 1 1 ctx-lh-middletemporal
-67.9453 -37.635 -5.6369 1 1 ctx-lh-middletemporal
-72.8941 -39.7908 -4.9562 1 1 outside-brain
-78.2947 -42.3313 -4.6543 1 1 outside-brain
-27.7413 -35.9784 -2.8583 1 1 Left-Hippocampus
-31.6911 -38.4965 -2.4362 1 1 Left-Hippocampus
-35.7275 -41.6785 -1.136 1 1 white-matter
-39.7649 -44.8602 0.1654 1 1 white-matter
-44.1981 -47.386 0.5459 1 1 ctx-lh-bankssts
-48.7187 -50.5751 1.8067 1 1 ctx-lh-bankssts
-52.6685 -53.0933 2.2289 1 1 ctx-lh-bankssts
-57.2206 -55.9054 3.8294 1 1 ctx-lh-bankssts
-61.2008 -58.0464 4.5898 1 1 ctx-lh-middletemporal
-65.2696 -60.851 6.2298 1 1 ctx-lh-middletemporal
-69.7027 -63.3766 6.6114 1 1 outside-brain
-72.7165 -65.5029 7.4516 1 1 outside-brain
-20.0989 -7.6892 -15.3668 1 1 Left-Amygdala
-25.4444 -9.1888 -15.6058 1 1 Left-Amygdala
-30.4246 -10.967 -14.5853 1 1 Left-Amygdala
-35.3172 -12.0816 -14.4455 1 1 white-matter
-40.2099 -13.1974 -14.3055 1 1 white-matter
-45.5868 -14.3194 -14.2049 1 1 ctx-lh-middletemporal
-50.4794 -15.435 -14.0638 1 1 ctx-lh-middletemporal
-55.4596 -17.2133 -13.0445 1 1 ctx-lh-middletemporal
-60.8668 -17.9587 -12.6043 1 1 ctx-lh-middletemporal
-65.3952 -19.353 -11.2049 1 1 ctx-lh-middletemporal
-70.8023 -20.0973 -10.7648 1 1 outside-brain
-74.8464 -21.4842 -9.3249 1 1 outside-brain
-15.1742 17.7082 -9.8677 1 1 ctx-lh-lateralorbitofrontal
-17.5332 19.3688 -5.5514 1 1 Left-Caudate
-19.9786 20.3665 -0.3573 1 1 Left-Caudate
-22.3699 22.4048 4.2986 1 1 white-matter
-24.2759 24.4502 8.9935 1 1 white-matter
-26.7224 25.447 14.1891 1 1 white-matter
-29.0813 27.1085 18.504 1 1 ctx-lh-rostralmiddlefrontal
-31.5591 28.483 24.0391 1 1 ctx-lh-rostralmiddlefrontal
-34.4013 30.1362 28.3148 1 1 ctx-lh-rostralmiddlefrontal
-36.8477 31.133 33.5092 1 1 ctx-lh-rostralmiddlefrontal
-39.3255 32.5075 39.0442 1 1 ctx-lh-rostralmiddlefrontal
-41.7158 34.5457 43.6996 1 1 ctx-lh-rostralmiddlefrontal
-3.79 53.1279 -5.2538 1 1 ctx-lh-medialorbitofrontal
-4.3499 51.3185 0.5026 1 1 ctx-lh-medialorbitofrontal
-4.9098 49.5102 6.2598 1 1 ctx-lh-rostralanteriorcingulate
-5.8351 47.9794 10.7568 1 1 ctx-lh-rostralanteriorcingulate
-6.3637 45.7935 16.1745 1 1 ctx-lh-superiorfrontal
-7.4078 43.9768 21.8915 1 1 ctx-lh-superiorfrontal
-8.4196 41.7824 27.2689 1 1 ctx-lh-superiorfrontal
-8.8617 40.26 31.8062 1 1 ctx-lh-superiorfrontal
-9.9049 38.4433 37.5232 1 1 ctx-lh-superiorfrontal
-10.4345 36.2573 42.9406 1 1 ctx-lh-superiorfrontal
-11.3598 34.7265 47.4382 1 1 ctx-lh-superiorfrontal
-11.8884 32.5405 52.8554 1 1 ctx-lh-superiorfrontal
31.5199 -17.1982 -10.0216 1 1 Right-Hippocampus
34.9511 -21.1144 -10.3595 1 1 Right-Hippocampus
38.3509 -24.6529 -10.3566 1 1 Right-Hippocampus
41.2984 -28.5764 -10.7338 1 1 white-matter
44.6113 -32.7784 -9.8516 1 1 white-matter
48.0424 -36.694 -10.1884 1 1 ctx-rh-inferiortemporal
51.4422 -40.2326 -10.1856 1 1 ctx-rh-middletemporal
55.3572 -44.141 -10.483 1 1 ctx-rh-middletemporal
58.7569 -47.6795 -10.4802 1 1 ctx-rh-middletemporal
62.7588 -50.9243 -11.657 1 1 ctx-rh-inferiortemporal
66.1587 -54.4629 -11.6541 1 1 ctx-rh-middletemporal
70.011 -57.6169 -11.2723 1 1 outside-brain
