-16.23339999999999 15.293200000000013 -31.07249999999999 1 1 ctx-lh-medialorbitofrontal
-20.950700000000012 12.6695 -29.417100000000005 1 1 Left-Amygdala
-26.223700000000008 10.34020000000001 -28.937700000000007 1 1 Left-Putamen
-30.28880000000001 6.694099999999992 -27.641899999999993 1 1 Left-Putamen
-34.961900000000014 3.8737999999999886 -27.337400000000002 1 1 ctx-lh-insula
-40.0 0.0 -27.0 1 1 ctx-lh-superiortemporal
-44.299800000000005 -2.1006 -25.562399999999997 1 1 ctx-lh-superiortemporal
-49.017300000000006 -4.725400000000008 -23.9067 1 1 ctx-lh-superiortemporal
-53.74520000000001 -7.014800000000008 -23.416200000000003 1 1 ctx-lh-middletemporal
-24.0 5.0 -31.0 1 1 Left-Amygdala
-29.630600000000015 -0.007100000000008322 -28.712099999999992 1 1 Left-Putamen
-34.25119999999998 -3.358000000000004 -28.593799999999987 1 1 Left-Hippocampus
-41.7834 -11.138199999999998 -26.175900000000013 1 1 ctx-lh-middletemporal
-45.8588 -14.448700000000002 -26.043900000000008 1 1 ctx-lh-middletemporal
-50.46770000000001 -18.13409999999999 -24.760699999999986 1 1 ctx-lh-middletemporal
-54.533799999999985 -21.779200000000003 -23.464799999999997 1 1 ctx-lh-middletemporal
-59.142799999999994 -25.465000000000003 -22.1815 1 1 ctx-lh-middletemporal
-22.5668 -11.318799999999996 -26.289999999999992 1 1 Left-Hippocampus
-25.980400000000003 -15.98490000000001 -25.354000000000013 1 1 Left-Hippocampus
-28.902500000000003 -20.079800000000006 -24.2183 1 1 Left-Hippocampus
-35.23830000000001 -28.8407 -22.147699999999986 1 1 ctx-lh-fusiform
-38.7055 -32.9761 -21.025599999999997 1 1 ctx-lh-inferiortemporal
-54.0 -43.0 -18.0 1 1 ctx-lh-middletemporal
-26.2569 10.199600000000004 -26.4238 1 1 Left-Putamen
-24.749899999999997 9.42779999999999 -15.162900000000008 1 1 Left-Putamen
-18.0 7.0 34.0 1 1 ctx-lh-precentral
-14.195899999999995 7.789600000000007 44.47839999999999 1 1 ctx-lh-superiorfrontal
-2.0 56.0 -11.0 1 1 ctx-lh-rostralanteriorcingulate
-4.811399999999992 57.9555 -8.448800000000006 1 1 ctx-lh-rostralanteriorcingulate
-12.0 58.0 -8.0 1 1 ctx-lh-superiorfrontal
-32.52170000000001 55.367999999999995 -9.282700000000006 1 1 ctx-lh-rostralmiddlefrontal
-37.0 55.0 -9.0 1 1 ctx-lh-rostralmiddlefrontal
51.65389999999999 -19.121800000000007 -25.3793 1 1 ctx-rh-middletemporal
56.0 -18.0 -22.0 1 1 ctx-rh-middletemporal
61.3805 -24.021 -21.995800000000003 1 1 ctx-rh-middletemporal
22.519900000000007 -11.4465 -31.581500000000005 1 1 Right-Hippocampus
30.8729 -18.783900000000003 -30.33160000000001 1 1 ctx-rh-parahippocampal
38.6917 -26.49600000000001 -27.93039999999999 1 1 ctx-rh-fusiform
47.0548 -34.1686 -25.51660000000001 1 1 ctx-rh-inferiortemporal
55.408199999999994 -41.505799999999994 -24.26660000000001 1 1 ctx-rh-inferiortemporal
38.594300000000004 26.3039 -27.357 1 1 ctx-rh-insula
38.418800000000005 20.25999999999999 -16.6575 1 1 ctx-rh-insula
38.68119999999999 15.318399999999997 -5.574900000000014 1 1 ctx-rh-insula
39.3574 4.177899999999994 14.869699999999995 1 1 ctx-rh-precentral
40.0 -1.0 25.0 1 1 ctx-rh-postcentral
41.0 -8.0 37.0 1 1 ctx-rh-postcentral
6.062399999999997 53.75119999999998 -11.234800000000007 1 1 ctx-rh-rostralanteriorcingulate
40.0 52.0 -8.0 1 1 ctx-rh-parstriangularis
9.824399999999997 -24.8108 11.190200000000004 1 1 ctx-rh-isthmuscingulate
52.2637 -37.3669 5.3922000000000025 1 1 ctx-rh-inferiorparietal
64.0 -30.0 9.0 1 1 ctx-rh-supramarginal
33.41890000000001 -17.8001 -24.866500000000002 1 1 Right-Hippocampus
53.62639999999999 -28.199399999999997 -26.004099999999994 1 1 ctx-rh-middletemporal
63.440799999999996 -33.48949999999999 -25.322100000000006 1 1 ctx-rh-middletemporal
31.0 -40.0 -24.0 1 1 ctx-rh-fusiform
32.0 -39.0 -24.0 1 1 ctx-rh-fusiform
33.0 -38.0 -24.0 1 1 ctx-rh-fusiform
40.0339 -37.8477 -12.688700000000011 1 1 ctx-rh-lateraloccipital
46.0 -36.0 -5.0 1 1 ctx-rh-inferiorparietal
48.054 -37.46629999999999 -3.6045000000000016 1 1 ctx-rh-inferiorparietal
52.3314 -37.08760000000001 0.36299999999999955 1 1 ctx-rh-inferiorparietal
56.6087 -36.70920000000001 4.329399999999993 1 1 ctx-rh-inferiorparietal
60.395700000000005 -36.9015 8.097099999999998 1 1 ctx-rh-inferiorparietal
20.337199999999996 35.1208 -34.46969999999999 1 1 ctx-rh-lateralorbitofrontal
30.0 37.0 -24.0 1 1 ctx-rh-lateralorbitofrontal
26.883399999999995 36.8459 -12.092500000000001 1 1 ctx-rh-insula
36.95269999999999 39.55170000000001 22.156000000000006 1 1 ctx-rh-rostralmiddlefrontal
40.5292 40.00149999999999 33.84020000000001 1 1 ctx-rh-caudalmiddlefrontal
11.541200000000003 86.0892 -4.476100000000002 1 1 ctx-rh-superiorfrontal
19.0 80.0 2.0 1 1 ctx-rh-rostralmiddlefrontal
23.534599999999998 74.22989999999999 9.647899999999993 1 1 ctx-rh-rostralmiddlefrontal
23.0 68.0 15.0 1 1 ctx-rh-superiorfrontal
33.9427 59.57569999999998 20.192399999999992 1 1 ctx-rh-rostralmiddlefrontal
8.516199999999998 -50.8904 5.093699999999998 1 1 ctx-rh-precuneus
12.575999999999993 -61.6392 4.247699999999995 1 1 ctx-rh-cuneus
19.0 -70.0 5.0 1 1 ctx-rh-superiorparietal
24.0 -68.0 5.0 1 1 ctx-rh-superiorparietal
36.0 -71.0 -3.0 1 1 ctx-rh-lateraloccipital
12.953100000000006 54.9735 -43.768699999999995 1 1 ctx-rh-lateralorbitofrontal
21.406900000000007 57.702200000000005 -36.88120000000001 1 1 ctx-rh-lateralorbitofrontal
30.97319999999999 60.384000000000015 -32.2345 1 1 ctx-rh-lateralorbitofrontal
40.4233 62.850599999999986 -26.4897 1 1 ctx-rh-parsorbitalis
46.4102 64.0427 -18.1096 1 1 ctx-rh-parstriangularis
5.0 -35.0 4.0 1 1 ctx-rh-precuneus
22.210700000000003 -58.1803 31.761899999999997 1 1 ctx-rh-superiorparietal
-13.167399999999986 2.105099999999993 -30.656000000000006 1 1 Left-Hippocampus
-18.684500000000014 4.6404 -31.03540000000001 1 1 Left-Hippocampus
-23.486199999999997 6.200299999999999 -31.289299999999997 1 1 Left-Amygdala
-22.56020000000001 -7.4343000000000075 -25.982200000000006 1 1 Left-Hippocampus
-27.991199999999992 -5.599900000000005 -27.50890000000001 1 1 Left-Hippocampus
-32.870299999999986 -3.5202000000000027 -27.82480000000001 1 1 Left-Hippocampus
-7.833500000000015 70.45679999999999 -38.58940000000001 1 1 ctx-lh-lateralorbitofrontal
-15.840300000000013 63.01319999999998 -35.37299999999999 1 1 ctx-lh-lateralorbitofrontal
-23.914800000000014 55.9084 -33.42779999999999 1 1 ctx-lh-lateralorbitofrontal
-38.0 49.0 -34.0 1 1 ctx-lh-parsorbitalis
-39.0 42.0 -28.0 1 1 ctx-lh-lateralorbitofrontal
-19.026299999999992 53.091200000000015 37.1789 1 1 ctx-lh-superiorfrontal
-22.2303 44.08789999999999 40.6499 1 1 ctx-lh-superiorfrontal
-24.303499999999985 35.0334 42.912499999999994 1 1 ctx-lh-superiorfrontal
-27.354899999999986 24.989599999999996 46.50790000000001 1 1 ctx-lh-caudalmiddlefrontal
-29.844600000000014 15.010799999999989 50.1041 1 1 ctx-lh-superiorfrontal
-16.0 61.0 24.0 1 1 ctx-lh-superiorfrontal
-23.0 52.0 32.0 1 1 ctx-lh-superiorfrontal
-23.0 46.0 34.0 1 1 ctx-lh-superiorfrontal
-32.27109999999999 34.075199999999995 35.51689999999999 1 1 ctx-lh-caudalmiddlefrontal
-36.608000000000004 25.1233 40.1969 1 1 ctx-lh-caudalmiddlefrontal
-38.4512 14.508399999999995 42.6456 1 1 ctx-lh-precentral
-37.66660000000002 73.6293 -16.001800000000003 1 1 ctx-lh-rostralmiddlefrontal
-38.87989999999999 66.9904 -9.084399999999988 1 1 ctx-lh-rostralmiddlefrontal
-42.18700000000001 59.050099999999986 -2.0442999999999927 1 1 ctx-lh-rostralmiddlefrontal
-44.165700000000015 35.621700000000004 19.147500000000008 1 1 ctx-lh-caudalmiddlefrontal
-45.7877 27.876599999999996 26.190300000000008 1 1 ctx-lh-caudalmiddlefrontal
-45.0 19.171600000000012 32.148799999999994 1 1 ctx-lh-precentral
-38.17660000000001 68.2284 -26.461399999999998 1 1 ctx-lh-parsorbitalis
-41.0 65.0 -22.0 1 1 ctx-lh-rostralmiddlefrontal
-46.30629999999999 54.99969999999999 -11.483699999999999 1 1 ctx-lh-parstriangularis
-48.0 48.0 -6.0 1 1 ctx-lh-parstriangularis
-48.348900000000015 39.12049999999999 2.663899999999998 1 1 ctx-lh-parsopercularis
-50.0 26.0 10.0 1 1 ctx-lh-precentral
-50.876599999999996 22.655599999999993 16.87360000000001 1 1 ctx-lh-precentral
-51.289500000000004 14.340399999999988 22.76910000000001 1 1 ctx-lh-precentral
-38.8561 40.01929999999999 -41.63900000000001 1 1 ctx-lh-superiortemporal
-45.0 34.0 -33.0 1 1 ctx-lh-superiortemporal
-48.357399999999984 28.5839 -24.427999999999997 1 1 ctx-lh-superiortemporal
-49.0 26.0 -16.0 1 1 ctx-lh-parsopercularis
-55.4487 16.186499999999995 -8.3005 1 1 ctx-lh-precentral
-56.0 10.0 2.0 1 1 ctx-lh-precentral
-57.185299999999984 2.4769000000000005 9.292599999999993 1 1 ctx-lh-postcentral
-54.72970000000001 -5.671300000000002 17.67439999999999 1 1 ctx-lh-supramarginal
-39.0 33.0 -54.0 1 1 ctx-lh-temporalpole
-56.22120000000001 8.820799999999991 -17.3014 1 1 ctx-lh-superiortemporal
-57.22149999999999 0.9826999999999941 -7.775299999999987 1 1 ctx-lh-postcentral
-58.0 -3.0 0.0 1 1 ctx-lh-postcentral
-57.42689999999999 -11.491399999999999 9.6952 1 1 ctx-lh-supramarginal
-58.0 -3.0 0.0 1 1 ctx-lh-postcentral
-57.511799999999994 -10.790400000000005 10.842500000000001 1 1 ctx-lh-supramarginal
-54.00229999999999 -14.218599999999995 21.1503 1 1 ctx-lh-supramarginal
-50.0 -21.0 29.0 1 1 ctx-lh-supramarginal
-9.428599999999989 82.1291 -31.360600000000005 1 1 ctx-lh-frontalpole
-19.344400000000007 80.11950000000002 -26.344799999999992 1 1 ctx-lh-rostralmiddlefrontal
-29.812099999999987 77.86330000000001 -22.540999999999997 1 1 ctx-lh-rostralmiddlefrontal
-35.5642 74.74969999999999 -17.333699999999993 1 1 ctx-lh-rostralmiddlefrontal
-39.595200000000006 67.96620000000001 -9.208699999999993 1 1 ctx-lh-rostralmiddlefrontal
-40.362899999999996 -43.63130000000001 -41.70939999999999 1 1 ctx-lh-fusiform
-44.0 -38.0 -39.0 1 1 ctx-lh-fusiform
-53.07839999999999 -27.2967 -45.043800000000005 1 1 ctx-lh-inferiortemporal
-47.06999999999999 -62.879000000000005 -28.466499999999996 1 1 ctx-lh-lateraloccipital
-51.0 -54.0 -24.0 1 1 ctx-lh-lateraloccipital
-59.844300000000004 -45.2774 -23.3296 1 1 ctx-lh-middletemporal
-11.0 84.0 -25.0 1 1 ctx-lh-frontalpole
-22.10239999999999 84.06619999999998 -19.459100000000007 1 1 ctx-lh-rostralmiddlefrontal
-28.364300000000014 80.90979999999999 -10.55940000000001 1 1 ctx-lh-rostralmiddlefrontal
17.9414 9.2466 -38.43790000000001 1 1 Right-Hippocampus
24.0 10.0 -38.0 1 1 Right-Amygdala
29.402699999999996 11.557299999999998 -39.645700000000005 1 1 Right-Amygdala
30.351299999999995 1.0272999999999968 -38.29140000000001 1 1 Right-Hippocampus
35.522400000000005 2.765199999999993 -40.10990000000001 1 1 Right-Hippocampus
6.0 76.0 -44.0 1 1 ctx-rh-medialorbitofrontal
40.294 92.0332 -29.59020000000001 1 1 ctx-rh-rostralmiddlefrontal
45.22290000000001 85.3974 -21.28970000000001 1 1 ctx-rh-rostralmiddlefrontal
48.55 77.92590000000001 -13.223900000000015 1 1 ctx-rh-rostralmiddlefrontal
18.417 -81.6666 26.45859999999999 1 1 ctx-rh-superiorparietal
28.226399999999998 -75.7863 30.439700000000002 1 1 ctx-rh-superiorparietal
37.29599999999999 -68.2584 33.310900000000004 1 1 ctx-rh-inferiorparietal
45.336 -60.100300000000004 33.7004 1 1 ctx-rh-inferiorparietal
51.50999999999999 -50.49550000000001 32.8608 1 1 ctx-rh-inferiorparietal
58.2478 -40.7902 32.0801 1 1 ctx-rh-inferiorparietal
59.0 -20.0 32.0 1 1 ctx-rh-supramarginal
33.6104 -82.9232 -37.656000000000006 1 1 ctx-rh-lateraloccipital
42.8635 -75.7794 -36.044700000000006 1 1 ctx-rh-lateraloccipital
50.06360000000001 -67.4867 -33.248400000000004 1 1 ctx-rh-lateraloccipital
56.4239 -59.059799999999996 -28.04740000000001 1 1 ctx-rh-lateraloccipital
62.788 -49.9504 -23.999599999999987 1 1 ctx-rh-inferiortemporal
34.0 -23.0 53.0 1 1 ctx-rh-superiorparietal
55.0 -7.0 39.0 1 1 ctx-rh-postcentral
66.6114 -4.036900000000003 30.8061 1 1 ctx-rh-supramarginal
-40.74629999999999 66.77799999999999 -10.004700000000014 1 1 ctx-lh-rostralmiddlefrontal
-42.0 57.0 -9.0 1 1 ctx-lh-rostralmiddlefrontal
-50.841499999999996 47.61959999999999 -12.025100000000009 1 1 ctx-lh-parstriangularis
-52.378600000000006 37.10249999999999 -15.395199999999988 1 1 ctx-lh-parstriangularis
-27.6909 25.92859999999999 -57.60980000000001 1 1 ctx-lh-temporalpole
-36.0 20.0 -62.0 1 1 ctx-lh-fusiform
-44.0736 12.931999999999988 -61.091499999999996 1 1 ctx-lh-inferiortemporal
-21.86009999999999 1.4602999999999895 -35.0626 1 1 Left-Hippocampus
-27.307299999999998 0.11199999999999477 -35.6251 1 1 Left-Hippocampus
-32.2987 -0.7800000000000011 -34.891099999999994 1 1 Left-Hippocampus
-22.486799999999988 -8.141099999999994 -35.84 1 1 Left-Hippocampus
-28.09020000000001 -8.013400000000004 -34.93520000000001 1 1 Left-Hippocampus
-33.11250000000001 -8.380300000000005 -34.09700000000001 1 1 Left-Hippocampus
-39.170500000000004 -8.708600000000004 -34.487599999999986 1 1 ctx-lh-fusiform
-8.0 -40.0 -14.0 1 1 ctx-lh-isthmuscingulate
-15.737599999999986 -38.65379999999999 -23.894299999999987 1 1 ctx-lh-lingual
-24.237300000000005 -35.82900000000001 -32.043499999999995 1 1 ctx-lh-fusiform
-38.917 -5.339300000000009 49.9768 1 1 ctx-lh-precentral
-47.36279999999999 -4.709699999999998 42.570899999999995 1 1 ctx-lh-postcentral
-42.323199999999986 6.277600000000007 42.6828 1 1 ctx-lh-precentral
-50.0 4.0 35.0 1 1 ctx-lh-postcentral
-56.143699999999995 5.878099999999989 24.164 1 1 ctx-lh-postcentral
-60.422200000000004 3.7620000000000005 14.070999999999998 1 1 ctx-lh-postcentral
-37.0 -73.0 -8.0 1 1 ctx-lh-inferiorparietal
-44.92949999999999 -67.3418 -14.687700000000007 1 1 ctx-lh-lateraloccipital
-50.557000000000016 -59.2847 -19.274200000000008 1 1 ctx-lh-lateraloccipital
31.3788 75.36529999999999 9.737499999999997 1 1 ctx-rh-rostralmiddlefrontal
40.227599999999995 69.2844 5.452300000000008 1 1 ctx-rh-rostralmiddlefrontal
48.585800000000006 62.12380000000002 0.9251000000000005 1 1 ctx-rh-rostralmiddlefrontal
50.0 56.0 -1.0 1 1 ctx-rh-rostralmiddlefrontal
56.6708 44.176500000000004 -9.318700000000007 1 1 ctx-rh-parstriangularis
28.221900000000005 -9.876199999999997 -29.9332 1 1 Right-Hippocampus
56.948800000000006 -8.5381 34.40989999999999 1 1 ctx-rh-supramarginal
62.52889999999999 -7.918000000000006 24.2132 1 1 ctx-rh-supramarginal
52.96629999999999 -0.6132000000000062 39.3245 1 1 ctx-rh-postcentral
59.581999999999994 -0.03159999999999741 30.356099999999998 1 1 ctx-rh-postcentral
64.0 3.0 20.0 1 1 ctx-rh-postcentral
65.0 1.0 8.0 1 1 ctx-rh-postcentral
26.0 -61.0 -31.0 1 1 ctx-rh-lateraloccipital
33.7773 -55.308499999999995 -32.84049999999999 1 1 ctx-rh-fusiform
42.522999999999996 -48.669 -35.761300000000006 1 1 ctx-rh-fusiform
-44.752399999999994 20.452499999999986 -33.88290000000001 1 1 ctx-lh-superiortemporal
-50.438800000000015 21.122899999999987 -33.463599999999985 1 1 ctx-lh-superiortemporal
-54.34300000000002 20.74520000000001 -30.62379999999999 1 1 ctx-lh-superiortemporal
-5.679100000000005 87.56 -27.459100000000007 1 1 ctx-lh-frontalpole
-10.787499999999994 90.75569999999999 -16.501299999999986 1 1 ctx-lh-superiorfrontal
-16.231300000000005 90.30759999999998 -6.21520000000001 1 1 ctx-lh-superiorfrontal
-39.51820000000001 57.4357 22.44210000000001 1 1 ctx-lh-rostralmiddlefrontal
-42.0 47.0 23.0 1 1 ctx-lh-rostralmiddlefrontal
-44.489300000000014 38.559 30.429900000000004 1 1 ctx-lh-caudalmiddlefrontal
-44.0 29.0 33.0 1 1 ctx-lh-caudalmiddlefrontal
-44.0 22.0 36.0 1 1 ctx-lh-caudalmiddlefrontal
-49.8117 9.122299999999996 38.72829999999999 1 1 ctx-lh-precentral
-51.0034 -0.4900999999999982 42.6297 1 1 ctx-lh-postcentral
-51.13990000000001 -11.692700000000002 45.4443 1 1 ctx-lh-postcentral
-46.398799999999994 55.87189999999998 11.122699999999995 1 1 ctx-lh-rostralmiddlefrontal
-47.0804 46.2876 14.974699999999999 1 1 ctx-lh-rostralmiddlefrontal
-50.0 39.0 14.0 1 1 ctx-lh-rostralmiddlefrontal
-50.0 38.0 13.0 1 1 ctx-lh-rostralmiddlefrontal
-47.0 26.0 21.0 1 1 ctx-lh-caudalmiddlefrontal
-53.417100000000005 5.933400000000006 28.55879999999999 1 1 ctx-lh-precentral
-55.70060000000001 -2.7519000000000062 32.427899999999994 1 1 ctx-lh-postcentral
-60.0 -12.0 31.0 1 1 ctx-lh-supramarginal
-48.0 53.0 -1.0 1 1 ctx-lh-parstriangularis
-48.0 43.0 7.0 1 1 ctx-lh-rostralmiddlefrontal
-52.42410000000001 32.794399999999996 7.637799999999999 1 1 ctx-lh-parsopercularis
-51.0 30.0 6.0 1 1 ctx-lh-parsopercularis
-55.9725 13.16980000000001 13.169600000000003 1 1 ctx-lh-precentral
-57.09300000000002 3.72829999999999 18.256699999999995 1 1 ctx-lh-postcentral
-59.449600000000004 -6.283900000000003 19.886799999999994 1 1 ctx-lh-supramarginal
-59.037499999999994 -15.6391 24.823999999999998 1 1 ctx-lh-supramarginal
-48.5771 49.607699999999994 -10.903999999999996 1 1 ctx-lh-parstriangularis
-49.0 41.0 -12.0 1 1 ctx-lh-parstriangularis
-52.018399999999986 29.662000000000006 -4.120200000000011 1 1 ctx-lh-parsopercularis
-55.28649999999999 20.42779999999999 -0.08429999999998472 1 1 ctx-lh-precentral
-58.0821 10.558699999999988 2.783299999999997 1 1 ctx-lh-precentral
-60.3664 0.7175000000000011 5.599699999999999 1 1 ctx-lh-postcentral
-60.975599999999986 -8.695099999999996 10.6357 1 1 ctx-lh-supramarginal
-61.69380000000001 -18.942499999999995 13.367800000000003 1 1 ctx-lh-supramarginal
-41.0 43.0 -23.0 1 1 ctx-lh-parstriangularis
-49.2578 34.2312 -19.613499999999988 1 1 ctx-lh-parsopercularis
-50.0 27.0 -19.0 1 1 ctx-lh-parsopercularis
-57.0 15.0 -17.0 1 1 ctx-lh-superiortemporal
-56.0 11.0 -10.0 1 1 ctx-lh-precentral
-61.0 -3.0 -2.0 1 1 ctx-lh-postcentral
-62.0 -13.0 -4.0 1 1 ctx-lh-superiortemporal
-62.308400000000006 -22.131699999999995 1.7120000000000033 1 1 ctx-lh-superiortemporal
-42.0 43.0 -33.0 1 1 ctx-lh-parsorbitalis
-47.212500000000006 30.8639 -30.268200000000007 1 1 ctx-lh-superiortemporal
-52.1559 22.35669999999999 -27.400900000000007 1 1 ctx-lh-superiortemporal
-55.49619999999999 12.950500000000005 -24.550099999999986 1 1 ctx-lh-superiortemporal
-58.72970000000001 3.224400000000003 -20.447399999999988 1 1 ctx-lh-superiortemporal
-60.942800000000005 -6.444900000000004 -16.44579999999999 1 1 ctx-lh-superiortemporal
-62.0 -15.0 -13.0 1 1 ctx-lh-superiortemporal
-61.973900000000015 -25.435100000000006 -11.231200000000001 1 1 ctx-lh-bankssts
-58.83410000000001 0.06409999999999627 -32.15440000000001 1 1 ctx-lh-middletemporal
-58.86359999999999 -11.460099999999997 -28.087099999999992 1 1 ctx-lh-middletemporal
-61.040099999999995 -20.466099999999997 -22.96690000000001 1 1 ctx-lh-middletemporal
-62.26650000000001 -29.5865 -19.13159999999999 1 1 ctx-lh-middletemporal
-57.400800000000004 -15.026399999999995 -39.8784 1 1 ctx-lh-inferiortemporal
-59.03139999999999 -24.496700000000004 -34.7414 1 1 ctx-lh-inferiortemporal
-53.0 9.0 -28.0 1 1 ctx-lh-superiortemporal
-57.0 10.0 -26.0 1 1 ctx-lh-superiortemporal
-41.32060000000001 -68.361 17.303300000000007 1 1 ctx-lh-inferiorparietal
-48.70150000000001 -61.8652 13.402199999999993 1 1 ctx-lh-inferiorparietal
-55.535799999999995 -54.677499999999995 10.571200000000005 1 1 ctx-lh-inferiorparietal
-0.12029999999998608 -48.168400000000005 -17.262400000000014 1 1 ctx-lh-lingual
-7.5441000000000145 -46.95750000000001 -26.492400000000004 1 1 ctx-lh-lingual
-16.723399999999998 -46.33080000000001 -31.831700000000012 1 1 ctx-lh-lingual
-26.816100000000006 -46.0822 -35.819500000000005 1 1 ctx-lh-fusiform
-37.3476 -45.6906 -38.56970000000001 1 1 ctx-lh-fusiform
-50.0 -42.0 -38.0 1 1 ctx-lh-inferiortemporal
-56.21809999999999 -39.8292 -37.69120000000001 1 1 ctx-lh-inferiortemporal
-50.5282 -24.29339999999999 -8.78049999999999 1 1 ctx-lh-bankssts
-55.370599999999996 -22.261300000000006 -9.846000000000004 1 1 ctx-lh-bankssts
-60.0385 -23.844899999999996 -11.631799999999998 1 1 ctx-lh-bankssts
-62.0 -27.0 -11.0 1 1 ctx-lh-bankssts
-20.51490000000001 17.26339999999999 -62.088899999999995 1 1 ctx-lh-entorhinal
-30.25970000000001 17.637900000000002 -65.92000000000002 1 1 ctx-lh-fusiform
-40.33590000000001 17.40530000000001 -61.8528 1 1 ctx-lh-inferiortemporal
-11.962999999999994 10.43350000000001 -38.24940000000001 1 1 Left-Hippocampus
-33.3365 12.372399999999999 -42.95599999999999 1 1 Left-Amygdala
-47.0 14.0 -42.0 1 1 ctx-lh-superiortemporal
-12.590499999999992 0.4329999999999927 -34.399100000000004 1 1 Left-Hippocampus
-40.0925 0.801400000000001 -39.71809999999999 1 1 ctx-lh-fusiform
-50.0 1.0 -40.0 1 1 ctx-lh-middletemporal
-15.041300000000007 -2.7357999999999976 -31.38470000000001 1 1 Left-Hippocampus
-41.67329999999998 -3.9253999999999962 -36.71719999999999 1 1 ctx-lh-fusiform
-49.0 0.0 -33.0 1 1 ctx-lh-middletemporal
-40.204200000000014 63.07169999999999 -0.0882000000000005 1 1 ctx-lh-rostralmiddlefrontal
-38.17430000000002 61.284099999999995 3.1799000000000035 1 1 ctx-lh-rostralmiddlefrontal
-38.97910000000002 53.01220000000001 10.752399999999994 1 1 ctx-lh-rostralmiddlefrontal
-38.2577 44.235299999999995 17.864499999999992 1 1 ctx-lh-rostralmiddlefrontal
-37.5874 35.52019999999999 23.3185 1 1 ctx-lh-caudalmiddlefrontal
-36.50810000000001 26.0574 27.93690000000001 1 1 ctx-lh-caudalmiddlefrontal
-35.837800000000016 17.342299999999994 33.39099999999999 1 1 ctx-lh-caudalmiddlefrontal
-36.11410000000001 9.017799999999994 40.946200000000005 1 1 ctx-lh-precentral
-35.0359 -0.44490000000000407 45.5647 1 1 ctx-lh-precentral
-45.0 57.0 -5.0 1 1 ctx-lh-parstriangularis
-45.15299999999999 49.14269999999999 2.2837999999999994 1 1 ctx-lh-rostralmiddlefrontal
-45.02029999999999 40.07060000000001 9.002899999999997 1 1 ctx-lh-rostralmiddlefrontal
-44.0 36.0 12.0 1 1 ctx-lh-rostralmiddlefrontal
-44.0 24.0 20.0 1 1 ctx-lh-caudalmiddlefrontal
-44.14490000000001 12.862799999999993 27.48660000000001 1 1 ctx-lh-precentral
-46.0 2.0 34.0 1 1 ctx-lh-postcentral
-43.40219999999999 -5.271999999999991 39.2508 1 1 ctx-lh-postcentral
-49.29220000000001 43.647699999999986 -18.264499999999998 1 1 ctx-lh-parstriangularis
-50.914800000000014 36.87100000000001 -9.020700000000005 1 1 ctx-lh-parsopercularis
-50.9513 29.93690000000001 0.1723999999999961 1 1 ctx-lh-parsopercularis
-51.04669999999999 22.654300000000006 8.954999999999998 1 1 ctx-lh-precentral
-50.6138 15.320099999999996 17.72200000000001 1 1 ctx-lh-precentral
-50.300399999999996 7.2908999999999935 25.669600000000003 1 1 ctx-lh-precentral
-48.3321 -0.13880000000000337 32.727599999999995 1 1 ctx-lh-postcentral
-44.836900000000014 -8.072400000000002 39.325199999999995 1 1 ctx-lh-postcentral
-50.59790000000001 29.002800000000008 -16.419900000000013 1 1 ctx-lh-parsopercularis
-52.680499999999995 23.036599999999993 -7.999500000000012 1 1 ctx-lh-precentral
-54.893 15.964699999999993 0.8517999999999972 1 1 ctx-lh-precentral
-52.0 11.0 12.0 1 1 ctx-lh-precentral
-54.61580000000001 1.0004000000000133 17.992500000000007 1 1 ctx-lh-postcentral
-53.7739 -7.081400000000002 25.923299999999998 1 1 ctx-lh-postcentral
-52.0 -18.0 27.0 1 1 ctx-lh-supramarginal
-48.0001 28.964499999999987 -33.50970000000001 1 1 ctx-lh-superiortemporal
-52.31900000000002 22.512900000000002 -25.840300000000013 1 1 ctx-lh-superiortemporal
-55.0 16.0 -18.0 1 1 ctx-lh-superiortemporal
-57.61279999999999 9.927300000000002 -8.124099999999999 1 1 ctx-lh-postcentral
-58.826599999999985 2.4028999999999883 0.2828000000000088 1 1 ctx-lh-postcentral
-58.0 -2.0 7.0 1 1 ctx-lh-postcentral
-57.0223 -13.066400000000002 16.963700000000003 1 1 ctx-lh-supramarginal
-53.46770000000001 -20.653400000000005 23.971000000000004 1 1 ctx-lh-supramarginal
-48.67150000000001 21.959300000000013 -41.71549999999999 1 1 ctx-lh-superiortemporal
-51.0 14.0 -32.0 1 1 ctx-lh-superiortemporal
-56.72989999999999 8.940799999999996 -24.733499999999992 1 1 ctx-lh-superiortemporal
-59.8716 3.0793999999999926 -16.27799999999999 1 1 ctx-lh-superiortemporal
-61.08529999999999 -4.444999999999993 -7.871000000000009 1 1 ctx-lh-superiortemporal
-62.0 -13.0 -4.0 1 1 ctx-lh-superiortemporal
-57.74689999999998 -20.008899999999997 7.100899999999996 1 1 ctx-lh-supramarginal
-54.728999999999985 -27.952799999999996 15.373899999999992 1 1 ctx-lh-supramarginal
-45.2098 12.298200000000008 -59.569199999999995 1 1 ctx-lh-inferiortemporal
-51.0 9.0 -51.0 1 1 ctx-lh-middletemporal
-55.0154 1.9852999999999952 -41.31209999999999 1 1 ctx-lh-middletemporal
-58.505799999999994 -2.7809000000000026 -31.611700000000013 1 1 ctx-lh-middletemporal
-61.0 -7.0 -20.0 1 1 ctx-lh-superiortemporal
-62.0 -15.0 -12.0 1 1 ctx-lh-bankssts
-61.41890000000001 -20.772500000000008 -2.7246000000000095 1 1 ctx-lh-superiortemporal
-59.0 -29.0 3.0 1 1 ctx-lh-superiortemporal
-40.0 4.0 -61.0 1 1 ctx-lh-inferiortemporal
-45.106300000000005 -0.7754999999999939 -54.05420000000001 1 1 ctx-lh-inferiortemporal
-50.8921 -6.374700000000004 -45.514399999999995 1 1 ctx-lh-inferiortemporal
-57.1994 -11.510999999999996 -38.206999999999994 1 1 ctx-lh-middletemporal
-60.809200000000004 -16.9722 -29.325400000000002 1 1 ctx-lh-middletemporal
-61.782899999999984 -23.1062 -19.279799999999994 1 1 ctx-lh-middletemporal
-63.0 -30.0 -11.0 1 1 ctx-lh-middletemporal
-24.0 12.0 -63.0 1 1 ctx-lh-fusiform
-29.932600000000008 7.65809999999999 -65.4188 1 1 ctx-lh-fusiform
-40.0 4.0 -61.0 1 1 ctx-lh-inferiortemporal
-24.794399999999996 -75.4939 5.724400000000003 1 1 ctx-lh-lateraloccipital
-33.741600000000005 -69.7802 4.718999999999994 1 1 ctx-lh-inferiorparietal
-41.3828 -62.370999999999995 4.0700999999999965 1 1 ctx-lh-inferiorparietal
-24.76939999999999 40.07679999999999 -39.35990000000001 1 1 ctx-lh-lateralorbitofrontal
-35.545500000000004 39.26339999999999 -37.752099999999984 1 1 ctx-lh-lateralorbitofrontal
-44.111999999999995 37.704999999999984 -31.64930000000001 1 1 ctx-lh-lateralorbitofrontal
-27.332899999999995 -54.2561 37.12299999999999 1 1 ctx-lh-inferiorparietal
-34.56399999999999 -47.59439999999999 35.6375 1 1 ctx-lh-inferiorparietal
-42.0 -33.0 29.0 1 1 ctx-lh-supramarginal
-41.264700000000005 -46.2906 -35.905399999999986 1 1 ctx-lh-fusiform
-46.88389999999998 -38.55619999999999 -41.186800000000005 1 1 ctx-lh-inferiortemporal
-52.391999999999996 -30.5368 -44.40129999999999 1 1 ctx-lh-inferiortemporal
24.634 11.570899999999995 -39.050099999999986 1 1 Right-Amygdala
30.043999999999997 11.741600000000005 -38.40039999999999 1 1 Right-Amygdala
50.0 13.0 -40.0 1 1 ctx-rh-superiortemporal
57.11869999999999 13.823000000000008 -38.896799999999985 1 1 ctx-rh-middletemporal
27.699399999999997 3.315899999999999 -43.21860000000001 1 1 Right-Hippocampus
33.0 5.0 -49.0 1 1 ctx-rh-entorhinal
54.7372 0.9865000000000066 -43.670799999999986 1 1 ctx-rh-inferiortemporal
60.0 2.0 -42.0 1 1 ctx-rh-middletemporal
-14.0 5.0 -42.0 1 1 Left-Hippocampus
-18.311199999999985 16.260899999999992 -59.26159999999999 1 1 ctx-lh-entorhinal
-24.230199999999996 7.503999999999991 -62.7441 1 1 ctx-lh-fusiform
-38.0 6.0 -65.0 1 1 ctx-lh-inferiortemporal
-51.21379999999999 -13.850400000000008 43.587500000000006 1 1 ctx-lh-postcentral
-60.0 -12.0 31.0 1 1 ctx-lh-supramarginal
-60.68630000000002 -11.986500000000007 21.573999999999998 1 1 ctx-lh-supramarginal
-61.968199999999996 -10.974400000000003 9.017300000000006 1 1 ctx-lh-supramarginal
-62.237899999999996 -9.934899999999999 -2.1950999999999965 1 1 ctx-lh-supramarginal
-18.0 -3.0 -45.0 1 1 ctx-lh-parahippocampal
-23.0 0.0 -44.0 1 1 Left-Hippocampus
-28.0 -1.0 -46.0 1 1 ctx-lh-parahippocampal
-17.308699999999988 -14.849699999999999 -38.24549999999999 1 1 ctx-lh-parahippocampal
-25.68459999999999 -14.534300000000002 -45.24959999999999 1 1 ctx-lh-fusiform
-34.79509999999999 -13.153500000000008 -49.769800000000004 1 1 ctx-lh-fusiform
-56.0 -45.0 10.0 1 1 ctx-lh-supramarginal
-59.0 -42.0 1.0 1 1 ctx-lh-supramarginal
-61.0 -35.0 -5.0 1 1 ctx-lh-superiortemporal
-24.6789 -45.1262 -31.7012 1 1 ctx-lh-fusiform
-30.363100000000003 -37.7492 -36.85310000000001 1 1 ctx-lh-fusiform
-36.04930000000002 -30.909999999999997 -42.032100000000014 1 1 ctx-lh-fusiform
14.243200000000002 4.7287000000000035 -41.83949999999999 1 1 Right-Hippocampus
18.539900000000003 -5.3807000000000045 -40.69900000000001 1 1 ctx-rh-parahippocampal
49.17060000000001 49.2852 16.073999999999998 1 1 ctx-rh-rostralmiddlefrontal
58.0 42.0 5.0 1 1 ctx-rh-parsopercularis
60.0 33.0 -6.0 1 1 ctx-rh-parsopercularis
63.54859999999999 21.053499999999985 -15.229199999999992 1 1 ctx-rh-precentral
21.448499999999996 -17.128 -36.022400000000005 1 1 ctx-rh-parahippocampal
30.296099999999996 -15.31649999999999 -42.60560000000001 1 1 ctx-rh-fusiform
57.0783 -47.9777 -31.770399999999995 1 1 ctx-rh-lateraloccipital
59.31530000000001 -39.8749 -38.65119999999999 1 1 ctx-rh-inferiortemporal
60.9089 -31.246700000000004 -44.31569999999999 1 1 ctx-rh-inferiortemporal
-18.0 21.0 -53.0 1 1 ctx-lh-entorhinal
-21.1652 14.266199999999998 -58.3963 1 1 ctx-lh-entorhinal
-33.0 11.0 -64.0 1 1 ctx-lh-inferiortemporal
-10.89269999999999 8.176999999999992 -36.23140000000001 1 1 Left-Hippocampus
-15.58789999999999 7.93180000000001 -38.6095 1 1 Left-Hippocampus
-18.713300000000004 -4.709299999999999 -37.83760000000001 1 1 Left-Hippocampus
-23.537900000000008 -3.9115000000000038 -39.16229999999999 1 1 Left-Hippocampus
-28.823199999999986 -3.5853000000000037 -39.33949999999999 1 1 Left-Hippocampus
-20.0 -30.0 -28.0 1 1 ctx-lh-lingual
-27.699600000000004 -24.937299999999993 -36.71979999999999 1 1 ctx-lh-fusiform
-33.690799999999996 -19.123999999999995 -41.8073 1 1 ctx-lh-fusiform
18.397899999999993 8.502499999999998 -47.81280000000001 1 1 ctx-rh-entorhinal
18.934200000000004 -3.7426999999999992 -33.41470000000001 1 1 Right-Hippocampus
24.037900000000008 -2.6204999999999927 -33.34100000000001 1 1 Right-Hippocampus
29.2688 -2.540700000000001 -34.32310000000001 1 1 Right-Hippocampus
59.5505 -9.887100000000004 -37.448800000000006 1 1 ctx-rh-inferiortemporal
61.841499999999996 -15.360100000000003 -27.977000000000004 1 1 ctx-rh-middletemporal
63.8049 -22.421300000000002 -19.535899999999998 1 1 ctx-rh-middletemporal
64.0974 -28.708799999999997 -11.19550000000001 1 1 ctx-rh-middletemporal
60.136799999999994 -1.8459000000000003 -28.950400000000002 1 1 ctx-rh-middletemporal
61.46209999999999 -8.005899999999997 -20.58850000000001 1 1 ctx-rh-superiortemporal
67.0 -22.0 0.0 1 1 ctx-rh-supramarginal
58.9619 3.525900000000007 -20.320600000000013 1 1 ctx-rh-superiortemporal
60.8036 -2.5704000000000065 -11.948000000000008 1 1 ctx-rh-superiortemporal
61.22399999999999 -9.899000000000001 -4.662599999999998 1 1 ctx-rh-superiortemporal
61.0 -20.0 3.0 1 1 ctx-rh-bankssts
46.7556 37.470699999999994 -42.18709999999999 1 1 ctx-rh-superiortemporal
50.7299 31.071300000000008 -34.85990000000001 1 1 ctx-rh-superiortemporal
53.20949999999999 24.073700000000002 -26.40809999999999 1 1 ctx-rh-superiortemporal
55.11840000000001 17.419700000000006 -19.123999999999995 1 1 ctx-rh-superiortemporal
58.0 10.0 -14.0 1 1 ctx-rh-superiortemporal
60.485 4.301400000000001 -4.524699999999996 1 1 ctx-rh-postcentral
62.0 2.0 4.0 1 1 ctx-rh-postcentral
61.769000000000005 -9.656900000000007 12.269900000000007 1 1 ctx-rh-supramarginal
49.88210000000001 -31.107200000000006 43.8661 1 1 ctx-rh-superiorparietal
58.6935 -13.813199999999995 36.17009999999999 1 1 ctx-rh-supramarginal
59.200500000000005 2.712799999999987 24.896500000000003 1 1 ctx-rh-postcentral
58.202799999999996 10.460000000000008 17.5651 1 1 ctx-rh-postcentral
56.682500000000005 18.220799999999997 11.345799999999997 1 1 ctx-rh-precentral
55.39320000000001 24.201999999999998 7.513499999999993 1 1 ctx-rh-precentral
59.0 -20.0 33.0 1 1 ctx-rh-supramarginal
62.5051 -19.272400000000005 28.752499999999998 1 1 ctx-rh-supramarginal
61.501000000000005 -11.448300000000003 22.544399999999996 1 1 ctx-rh-supramarginal
60.4426 -3.218599999999995 15.178600000000003 1 1 ctx-rh-supramarginal
59.438500000000005 4.605700000000013 8.9696 1 1 ctx-rh-postcentral
58.0 13.0 2.0 1 1 ctx-rh-precentral
55.37129999999999 19.921999999999997 -4.612400000000008 1 1 ctx-rh-precentral
27.561999999999998 77.96440000000001 -20.679699999999997 1 1 ctx-rh-rostralmiddlefrontal
37.447599999999994 74.51570000000001 -16.76769999999999 1 1 ctx-rh-rostralmiddlefrontal
43.9006 69.1731 -12.827699999999993 1 1 ctx-rh-rostralmiddlefrontal
48.6473 60.7542 -7.598099999999988 1 1 ctx-rh-parstriangularis
49.0 55.0 -1.0 1 1 ctx-rh-rostralmiddlefrontal
49.0 41.0 1.0 1 1 ctx-rh-rostralmiddlefrontal
54.188 33.70259999999999 4.570999999999998 1 1 ctx-rh-parsopercularis
53.552099999999996 26.27109999999999 5.060299999999998 1 1 ctx-rh-precentral
41.0193 71.46949999999998 -2.9085000000000036 1 1 ctx-rh-rostralmiddlefrontal
49.36410000000001 55.3946 6.335800000000006 1 1 ctx-rh-rostralmiddlefrontal
52.567800000000005 46.70830000000001 10.409099999999995 1 1 ctx-rh-rostralmiddlefrontal
54.7996 37.412199999999984 14.495900000000006 1 1 ctx-rh-rostralmiddlefrontal
19.228300000000004 -10.3091 -36.34370000000001 1 1 ctx-rh-parahippocampal
31.0 -10.0 -45.0 1 1 ctx-rh-fusiform
-9.326699999999988 37.36779999999999 -37.04939999999999 1 1 ctx-lh-medialorbitofrontal
-0.997399999999999 37.83070000000001 -37.9658 1 1 ctx-lh-medialorbitofrontal
12.0 39.0 -39.0 1 1 ctx-rh-lateralorbitofrontal
20.23570000000001 39.96639999999999 -37.490200000000016 1 1 ctx-rh-lateralorbitofrontal
30.623800000000003 40.761300000000006 -37.240200000000016 1 1 ctx-rh-lateralorbitofrontal
15.724999999999994 -51.2769 47.629599999999996 1 1 ctx-rh-superiorparietal
41.877700000000004 -32.064899999999994 -42.0967 1 1 ctx-rh-fusiform
27.040400000000005 -70.9952 19.9576 1 1 ctx-rh-superiorparietal
37.203599999999994 -68.4984 16.698099999999997 1 1 ctx-rh-inferiorparietal
46.152 -64.6815 13.312600000000003 1 1 ctx-rh-inferiorparietal
54.407399999999996 -59.556799999999996 8.688500000000005 1 1 ctx-rh-inferiorparietal
59.898300000000006 -53.30329999999999 3.9072999999999922 1 1 ctx-rh-inferiorparietal
-2.432700000000011 67.51400000000001 -33.9204 1 1 ctx-lh-medialorbitofrontal
-4.0 78.0 -32.0 1 1 ctx-lh-frontalpole
-24.442399999999992 79.9597 -25.867700000000013 1 1 ctx-lh-rostralmiddlefrontal
-34.151399999999995 77.14789999999999 -20.751100000000008 1 1 ctx-lh-rostralmiddlefrontal
-41.22659999999999 72.2647 -14.716199999999986 1 1 ctx-lh-rostralmiddlefrontal
-44.0 63.0 -8.0 1 1 ctx-lh-rostralmiddlefrontal
-35.77969999999999 68.27000000000001 4.586200000000005 1 1 ctx-lh-rostralmiddlefrontal
-36.697100000000006 59.5539 10.206600000000009 1 1 ctx-lh-rostralmiddlefrontal
-37.890600000000006 51.529600000000016 13.6554 1 1 ctx-lh-rostralmiddlefrontal
-38.2637 42.8631 19.234499999999997 1 1 ctx-lh-rostralmiddlefrontal
-39.94229999999999 34.92429999999999 23.810599999999994 1 1 ctx-lh-caudalmiddlefrontal
-39.07839999999999 28.8151 29.272599999999997 1 1 ctx-lh-caudalmiddlefrontal
-40.67930000000001 20.3947 33.8481 1 1 ctx-lh-caudalmiddlefrontal
-42.803 11.307799999999986 37.3768 1 1 ctx-lh-precentral
-42.3905 64.178 -3.622099999999989 1 1 ctx-lh-rostralmiddlefrontal
-42.901700000000005 55.85810000000001 0.8722999999999956 1 1 ctx-lh-rostralmiddlefrontal
-43.334 47.0565 5.365300000000005 1 1 ctx-lh-rostralmiddlefrontal
-46.0 37.0 13.0 1 1 ctx-lh-rostralmiddlefrontal
-48.3322 23.9923 21.26830000000001 1 1 ctx-lh-caudalmiddlefrontal
-44.0 22.0 19.0 1 1 ctx-lh-caudalmiddlefrontal
-49.2551 6.253600000000006 29.167100000000005 1 1 ctx-lh-precentral
-40.0 60.0 -25.0 1 1 ctx-lh-parsorbitalis
-46.69149999999999 50.9169 -8.62809999999999 1 1 ctx-lh-parstriangularis
-50.0 47.0 -7.0 1 1 ctx-lh-parstriangularis
-48.72370000000001 33.695899999999995 0.44060000000000343 1 1 ctx-lh-parsopercularis
-51.0 30.0 6.0 1 1 ctx-lh-parsopercularis
-55.6858 20.0608 10.928300000000007 1 1 ctx-lh-precentral
-57.0 13.0 15.0 1 1 ctx-lh-precentral
-56.1044 3.6055000000000064 20.961700000000008 1 1 ctx-lh-postcentral
-45.0 55.0 -29.0 1 1 ctx-lh-parsorbitalis
-48.8484 46.1268 -18.250400000000013 1 1 ctx-lh-parstriangularis
-50.0 39.0 -15.0 1 1 ctx-lh-parstriangularis
-52.45429999999999 28.891099999999994 -7.9726 1 1 ctx-lh-parsopercularis
-54.0 29.0 -3.0 1 1 ctx-lh-parsopercularis
-58.71340000000001 14.343400000000003 2.4731999999999914 1 1 ctx-lh-precentral
-59.84870000000001 6.454200000000014 7.008099999999999 1 1 ctx-lh-postcentral
-57.0 -2.0 12.0 1 1 ctx-lh-supramarginal
-51.78219999999999 28.299800000000005 -29.863100000000003 1 1 ctx-lh-superiortemporal
-50.0 26.0 -20.0 1 1 ctx-lh-parsopercularis
-57.0 19.0 -16.0 1 1 ctx-lh-precentral
-61.47280000000001 7.379700000000014 -12.543200000000013 1 1 ctx-lh-postcentral
-63.192499999999995 0.6747000000000014 -5.792100000000005 1 1 ctx-lh-postcentral
-63.17869999999999 -6.977900000000005 -0.2518000000000029 1 1 ctx-lh-supramarginal
-62.56229999999999 -14.445499999999996 6.334699999999998 1 1 ctx-lh-supramarginal
-59.767499999999984 -21.714100000000002 12.757999999999996 1 1 ctx-lh-supramarginal
-59.0 5.0 -26.0 1 1 ctx-lh-superiortemporal
-64.0 -1.0 -26.0 1 1 ctx-lh-middletemporal
-64.0 -12.0 -20.0 1 1 ctx-lh-middletemporal
-64.0 -18.0 -16.0 1 1 ctx-lh-middletemporal
-59.29059999999998 -28.576099999999997 4.055099999999996 1 1 ctx-lh-supramarginal
-60.17430000000002 0.136099999999999 -33.31909999999999 1 1 ctx-lh-middletemporal
-63.0419 -6.803699999999992 -27.573700000000002 1 1 ctx-lh-middletemporal
-64.94069999999999 -11.928600000000003 -19.733499999999992 1 1 ctx-lh-middletemporal
-64.0 -20.0 -15.0 1 1 ctx-lh-middletemporal
-63.0 -31.0 -10.0 1 1 ctx-lh-middletemporal
-62.0 -16.0 -37.0 1 1 ctx-lh-inferiortemporal
-61.0 -25.0 -31.0 1 1 ctx-lh-inferiortemporal
-63.0 -30.0 -25.0 1 1 ctx-lh-inferiortemporal
-33.643100000000004 -33.5235 -42.57730000000001 1 1 ctx-lh-fusiform
-40.05090000000001 -26.814400000000006 -46.5429 1 1 ctx-lh-inferiortemporal
-46.94239999999999 -20.01910000000001 -49.38120000000001 1 1 ctx-lh-inferiortemporal
1.4735000000000014 -68.5112 7.625299999999996 1 1 ctx-lh-cuneus
-36.2432 -59.981399999999994 12.508800000000008 1 1 ctx-lh-inferiorparietal
15.64 45.42519999999999 -41.579800000000006 1 1 ctx-rh-lateralorbitofrontal
5.356999999999999 42.625 -44.06819999999999 1 1 ctx-rh-medialorbitofrontal
-5.916699999999992 40.614900000000006 -43.21340000000001 1 1 ctx-lh-medialorbitofrontal
-16.607 39.40639999999999 -40.22640000000001 1 1 ctx-lh-lateralorbitofrontal
-27.297500000000014 38.19900000000001 -37.23830000000001 1 1 ctx-lh-lateralorbitofrontal
-37.98680000000002 36.9915 -34.251300000000015 1 1 ctx-lh-lateralorbitofrontal
-47.0 38.0 -26.0 1 1 ctx-lh-parsorbitalis
-41.6815 -33.18549999999999 -45.26390000000001 1 1 ctx-lh-inferiortemporal
-49.50319999999999 -27.453000000000003 -48.022400000000005 1 1 ctx-lh-inferiortemporal
24.0 20.0 -60.0 1 1 ctx-rh-fusiform
31.807000000000002 11.694199999999995 -63.18010000000001 1 1 ctx-rh-fusiform
41.66839999999999 6.507200000000012 -61.669399999999996 1 1 ctx-rh-inferiortemporal
21.436700000000002 44.963899999999995 -12.368300000000005 1 1 Right-Putamen
24.5068 46.96270000000001 -9.8827 1 1 Right-Putamen
27.677400000000006 48.785 -6.389499999999998 1 1 Right-Putamen
30.937700000000007 50.89439999999999 -1.7391000000000076 1 1 Right-Putamen
34.1084 52.717100000000016 1.755200000000002 1 1 ctx-rh-insula
31.579800000000006 65.33789999999999 8.174399999999991 1 1 ctx-rh-rostralmiddlefrontal
32.183400000000006 68.7046 11.336700000000008 1 1 ctx-rh-rostralmiddlefrontal
32.3904 72.35300000000001 15.702399999999997 1 1 ctx-rh-rostralmiddlefrontal
27.609399999999994 46.80279999999999 13.39269999999999 1 1 ctx-rh-rostralmiddlefrontal
29.0 54.0 28.0 1 1 ctx-rh-superiorfrontal
36.27510000000001 26.433999999999997 -21.87440000000001 1 1 ctx-rh-superiorfrontal
32.56100000000001 30.628199999999993 -0.8405999999999949 1 1 ctx-rh-rostralanteriorcingulate
28.111400000000003 37.0684 24.2033 1 1 ctx-rh-parstriangularis
26.0 37.0 28.0 1 1 ctx-rh-parstriangularis
20.3378 68.22730000000001 -22.028999999999996 1 1 ctx-rh-rostralmiddlefrontal
20.951700000000002 57.4692 0.2586000000000013 1 1 ctx-rh-insula
20.898799999999994 55.365200000000016 3.889700000000005 1 1 ctx-rh-insula
20.935500000000005 53.5488 8.676999999999992 1 1 ctx-rh-insula
24.0 54.0 11.0 1 1 ctx-rh-insula
20.591300000000004 -22.616100000000003 20.944199999999995 1 1 ctx-rh-precentral
25.073800000000006 -22.746800000000007 21.538899999999998 1 1 ctx-rh-precentral
30.520399999999995 -22.40299999999999 22.1905 1 1 ctx-rh-precentral
36.0 -16.0 22.0 1 1 ctx-rh-precentral
46.0 -20.0 24.0 1 1 ctx-rh-precuneus
49.8908 -21.982 24.7295 1 1 ctx-rh-precuneus
61.0 -19.0 26.0 1 1 ctx-rh-superiorparietal
33.0012 -5.424800000000005 -27.41659999999999 1 1 ctx-rh-superiorparietal
36.218999999999994 -9.925299999999993 -27.017200000000003 1 1 ctx-rh-supramarginal
38.93889999999999 -13.967100000000002 -26.424299999999988 1 1 ctx-rh-supramarginal
37.0 -19.0 -30.0 1 1 ctx-rh-supramarginal
48.348299999999995 -25.2603 -26.647099999999995 1 1 ctx-rh-supramarginal
51.534099999999995 -28.36840000000001 -25.80080000000001 1 1 ctx-rh-supramarginal
45.02969999999999 16.990100000000012 15.07480000000001 1 1 Right-Hippocampus
48.1897 19.276999999999987 18.717600000000004 1 1 Right-Hippocampus
51.460800000000006 20.923000000000002 23.219099999999997 1 1 Right-Hippocampus
54.6314 22.74459999999999 26.71289999999999 1 1 ctx-rh-parahippocampal
41.46289999999999 15.067399999999992 23.402900000000002 1 1 ctx-rh-precentral
45.13069999999999 16.43090000000001 26.70150000000001 1 1 ctx-rh-precentral
-18.274200000000008 56.119699999999995 5.105699999999999 1 1 ctx-lh-rostralmiddlefrontal
-21.818399999999997 57.24549999999999 9.369399999999999 1 1 ctx-lh-rostralmiddlefrontal
18.0 4.0 -43.0 1 1 ctx-rh-entorhinal
25.742000000000004 6.558400000000006 -41.57679999999999 1 1 Right-Hippocampus
32.0 8.0 -49.0 1 1 ctx-rh-entorhinal
24.6156 -1.4421999999999997 -31.105199999999996 1 1 Right-Hippocampus
29.664299999999997 -1.1771999999999991 -31.35929999999999 1 1 Right-Hippocampus
35.2444 -0.9930999999999983 -31.57220000000001 1 1 Right-Hippocampus
-39.56729999999999 9.14779999999999 -57.56450000000001 1 1 ctx-lh-inferiortemporal
-45.13650000000001 6.902600000000007 -55.7997 1 1 ctx-lh-inferiortemporal
-29.0 2.0 -45.0 1 1 Left-Hippocampus
-35.0 1.0 -43.0 1 1 Left-Hippocampus
-41.91669999999999 -2.6341999999999928 -50.5659 1 1 ctx-lh-inferiortemporal
11.787700000000001 100.9998 -40.693100000000015 1 1 ctx-rh-frontalpole
34.7448 97.606 -30.227100000000007 1 1 ctx-rh-rostralmiddlefrontal
45.07900000000001 92.4297 -25.5471 1 1 ctx-rh-rostralmiddlefrontal
51.96469999999999 84.3878 -19.24940000000001 1 1 ctx-rh-rostralmiddlefrontal
-30.71780000000001 -24.061000000000007 -44.49260000000001 1 1 ctx-lh-fusiform
-40.0 -23.0 -43.0 1 1 ctx-lh-inferiortemporal
-50.07849999999999 -19.873099999999994 -49.328 1 1 ctx-lh-inferiortemporal
-8.765899999999988 83.0968 -25.67089999999999 1 1 ctx-lh-frontalpole
-13.0 85.0 -22.0 1 1 ctx-lh-frontalpole
-25.67500000000001 83.3235 -14.878299999999996 1 1 ctx-lh-rostralmiddlefrontal
-33.52289999999999 79.4769 -8.507000000000005 1 1 ctx-lh-rostralmiddlefrontal
-37.7765 72.8468 -3.636599999999987 1 1 ctx-lh-rostralmiddlefrontal
-39.57220000000001 63.77770000000001 1.9882999999999953 1 1 ctx-lh-rostralmiddlefrontal
-40.8725 55.0025 6.371099999999998 1 1 ctx-lh-rostralmiddlefrontal
-41.0 41.0 1.0 1 1 ctx-lh-parsopercularis
-43.0 34.0 8.0 1 1 ctx-lh-parsopercularis
-40.426500000000004 27.526299999999992 20.111500000000007 1 1 ctx-lh-caudalmiddlefrontal
-39.68630000000002 18.9032 25.819500000000005 1 1 ctx-lh-precentral
-38.639700000000005 11.562299999999993 32.45920000000001 1 1 ctx-lh-precentral
-35.80969999999999 3.0345000000000084 37.0898 1 1 ctx-lh-precentral
-33.98230000000001 -5.876199999999997 42.94579999999999 1 1 ctx-lh-precentral
-43.4477 46.43549999999999 -8.746199999999988 1 1 ctx-lh-parstriangularis
-44.79650000000001 37.7174 -1.9609000000000094 1 1 ctx-lh-parsopercularis
-44.6944 29.732400000000013 4.7597999999999985 1 1 ctx-lh-parsopercularis
-44.024 21.575500000000005 10.353200000000001 1 1 ctx-lh-precentral
-42.835800000000006 13.302500000000009 17.222099999999998 1 1 ctx-lh-precentral
-41.6583 5.23490000000001 22.831999999999994 1 1 ctx-lh-precentral
-40.989000000000004 -2.9226000000000028 28.425600000000003 1 1 ctx-lh-postcentral
-39.7406 -11.456500000000005 34.15039999999999 1 1 ctx-lh-postcentral
-43.786699999999996 39.622299999999996 -18.06129999999999 1 1 ctx-lh-parstriangularis
-47.8151 31.389999999999986 -11.587999999999994 1 1 ctx-lh-parsopercularis
-46.0 23.0 -6.0 1 1 ctx-lh-parsopercularis
-47.11449999999999 15.71289999999999 0.6110999999999933 1 1 ctx-lh-precentral
-45.99709999999999 7.907000000000011 7.3652000000000015 1 1 ctx-lh-precentral
-44.748699999999985 -0.6273000000000053 13.090699999999998 1 1 ctx-lh-postcentral
-47.0 -7.0 21.0 1 1 ctx-lh-postcentral
-40.0 -17.0 25.0 1 1 ctx-lh-supramarginal
-50.36709999999999 18.09790000000001 -14.707600000000014 1 1 ctx-lh-precentral
-50.0 8.0 -8.0 1 1 ctx-lh-postcentral
-48.072 2.2238000000000113 -2.342399999999998 1 1 ctx-lh-postcentral
-47.260099999999994 -6.866299999999995 3.4801999999999964 1 1 ctx-lh-supramarginal
-44.966200000000015 -22.7406 15.844099999999997 1 1 ctx-lh-supramarginal
-51.81389999999999 7.664800000000014 -17.205700000000007 1 1 ctx-lh-superiortemporal
-54.0 5.0 -7.0 1 1 ctx-lh-postcentral
-49.771000000000015 -6.959699999999998 -1.5228999999999928 1 1 ctx-lh-supramarginal
-48.72540000000001 -14.300399999999996 5.116100000000003 1 1 ctx-lh-supramarginal
-47.608000000000004 -22.107100000000003 11.870499999999993 1 1 ctx-lh-supramarginal
-54.170799999999986 0.2898000000000138 -25.32740000000001 1 1 ctx-lh-superiortemporal
-54.27160000000001 -6.501599999999996 -17.691900000000004 1 1 ctx-lh-superiortemporal
-52.0 -11.0 -4.0 1 1 ctx-lh-supramarginal
-51.1533 -21.209599999999995 -3.121299999999991 1 1 ctx-lh-superiortemporal
-57.0984 -3.3577999999999975 -34.3674 1 1 ctx-lh-middletemporal
-58.345500000000015 -9.600200000000001 -25.735000000000014 1 1 ctx-lh-middletemporal
-57.50380000000001 -15.74799999999999 -18.18100000000001 1 1 ctx-lh-superiortemporal
-54.0 -20.0 -6.0 1 1 ctx-lh-superiortemporal
-53.0 -26.0 0.0 1 1 ctx-lh-superiortemporal
-49.0 -35.0 6.0 1 1 ctx-lh-supramarginal
-57.0 -13.0 -38.0 1 1 ctx-lh-middletemporal
-58.02289999999999 -17.461100000000002 -33.54480000000001 1 1 ctx-lh-middletemporal
-58.7628 -23.615099999999998 -24.897199999999998 1 1 ctx-lh-middletemporal
-56.397400000000005 -29.494799999999998 -17.292399999999986 1 1 ctx-lh-bankssts
-52.3561 -36.2435 -8.150100000000009 1 1 ctx-lh-bankssts
-44.0 -37.0 -41.0 1 1 ctx-lh-inferiortemporal
-51.97890000000001 -38.32390000000001 -42.719899999999996 1 1 ctx-lh-inferiortemporal
-57.35040000000001 -31.0026 -39.996399999999994 1 1 ctx-lh-inferiortemporal
7.952399999999997 38.35839999999999 -42.9691 1 1 ctx-rh-medialorbitofrontal
-2.684599999999989 39.6319 -42.84639999999999 1 1 ctx-lh-medialorbitofrontal
-12.790899999999993 40.585199999999986 -40.189099999999996 1 1 ctx-lh-lateralorbitofrontal
-22.439400000000006 41.68520000000001 -35.11240000000001 1 1 ctx-lh-lateralorbitofrontal
-32.0985 42.989599999999996 -31.294399999999996 1 1 ctx-lh-lateralorbitofrontal
-33.30109999999999 -74.2664 -41.37010000000001 1 1 ctx-lh-lateraloccipital
-40.089200000000005 -68.2921 -34.806100000000015 1 1 ctx-lh-lateraloccipital
-45.4974 -61.1182 -28.420999999999992 1 1 ctx-lh-lateraloccipital
-50.326599999999985 -54.321299999999994 -21.90549999999999 1 1 ctx-lh-lateraloccipital
-54.0 -45.0 -13.0 1 1 ctx-lh-middletemporal
-7.0 -82.0 -6.0 1 1 ctx-lh-lateraloccipital
-12.0 -80.0 -2.0 1 1 ctx-lh-lateraloccipital
-20.0 -75.0 3.0 1 1 ctx-lh-lateraloccipital
-27.975799999999992 -69.8994 5.182900000000004 1 1 ctx-lh-inferiorparietal
-36.2004 -64.102 5.632999999999996 1 1 ctx-lh-inferiorparietal
-29.0 -53.0 38.0 1 1 ctx-lh-inferiorparietal
-23.136799999999994 -38.96430000000001 49.0946 1 1 ctx-lh-superiorparietal
-27.21090000000001 -29.773200000000003 50.2654 1 1 ctx-lh-superiorparietal
-34.0 -27.0 46.0 1 1 ctx-lh-superiorparietal
26.0 5.0 -30.0 1 1 Right-Amygdala
18.799499999999995 1.494799999999998 -38.6404 1 1 Right-Hippocampus
46.0 71.0 -22.0 1 1 ctx-rh-parsorbitalis
50.096000000000004 61.91820000000001 -9.141199999999998 1 1 ctx-rh-parstriangularis
53.32759999999999 52.0076 -4.879600000000011 1 1 ctx-rh-parstriangularis
19.5347 -98.1038 -36.4999 1 1 ctx-rh-lateraloccipital
29.225499999999997 -95.5533 -31.587099999999992 1 1 ctx-rh-lateraloccipital
36.8314 -90.5554 -26.312999999999988 1 1 ctx-rh-lateraloccipital
43.4404 -83.8425 -20.417 1 1 ctx-rh-lateraloccipital
50.8888 -12.3977 -46.395399999999995 1 1 ctx-rh-inferiortemporal
40.50149999999999 -60.8712 -42.580899999999986 1 1 ctx-rh-fusiform
50.793800000000005 -56.270300000000006 -43.96469999999999 1 1 ctx-rh-fusiform
59.1951 -51.346999999999994 -42.70760000000001 1 1 ctx-rh-inferiortemporal
9.938599999999994 -59.1776 -26.760500000000008 1 1 ctx-rh-lingual
6.378399999999999 -64.266 -17.576699999999988 1 1 ctx-rh-pericalcarine
4.0 -70.0 -9.0 1 1 ctx-lh-cuneus
1.0 -76.0 1.0 1 1 ctx-lh-cuneus
7.0 -75.0 8.0 1 1 ctx-rh-cuneus
7.0 -72.0 13.0 1 1 ctx-rh-cuneus
25.588899999999995 -75.5644 22.314400000000006 1 1 ctx-rh-superiorparietal
-37.789800000000014 66.12279999999998 7.1019000000000005 1 1 ctx-lh-rostralmiddlefrontal
-38.028700000000015 55.33279999999999 11.706099999999992 1 1 ctx-lh-rostralmiddlefrontal
-39.320899999999995 45.12020000000001 17.3146 1 1 ctx-lh-rostralmiddlefrontal
-41.4032 35.6489 22.51769999999999 1 1 ctx-lh-caudalmiddlefrontal
-43.0 26.0 25.0 1 1 ctx-lh-caudalmiddlefrontal
-39.54320000000001 71.72120000000001 -7.844400000000007 1 1 ctx-lh-rostralmiddlefrontal
-40.99250000000001 61.96530000000001 -2.4864000000000033 1 1 ctx-lh-rostralmiddlefrontal
-42.9186 52.03710000000001 2.9669999999999987 1 1 ctx-lh-rostralmiddlefrontal
-45.319500000000005 41.93690000000001 8.515999999999991 1 1 ctx-lh-rostralmiddlefrontal
-46.0 32.0 9.0 1 1 ctx-lh-parsopercularis
-47.0642 20.922500000000014 17.4157 1 1 ctx-lh-precentral
-42.0 66.0 -22.0 1 1 ctx-lh-rostralmiddlefrontal
-42.0 57.0 -9.0 1 1 ctx-lh-rostralmiddlefrontal
-46.656800000000004 45.6987 -6.742999999999995 1 1 ctx-lh-parstriangularis
-49.159400000000005 36.5223 -0.38179999999999836 1 1 ctx-lh-parsopercularis
-50.553200000000004 27.2337 6.039100000000005 1 1 ctx-lh-parsopercularis
-50.67920000000001 17.3784 12.769000000000005 1 1 ctx-lh-precentral
-51.12039999999999 8.434599999999989 18.99969999999999 1 1 ctx-lh-precentral
-51.72219999999999 -1.5929000000000002 25.825000000000003 1 1 ctx-lh-postcentral
-45.0 58.0 -29.0 1 1 ctx-lh-parstriangularis
-44.303 48.364599999999996 -24.04509999999999 1 1 ctx-lh-parstriangularis
-46.116299999999995 39.372000000000014 -16.46690000000001 1 1 ctx-lh-parstriangularis
-49.885699999999986 30.761500000000012 -10.414199999999994 1 1 ctx-lh-parsopercularis
-53.49709999999999 21.696799999999996 -4.1113 1 1 ctx-lh-precentral
-54.83440000000002 12.875599999999991 3.372799999999998 1 1 ctx-lh-precentral
-55.593199999999996 3.3035999999999888 9.947599999999994 1 1 ctx-lh-postcentral
-54.0 -4.0 19.0 1 1 ctx-lh-postcentral
-48.996700000000004 30.096100000000007 -41.72040000000001 1 1 ctx-lh-superiortemporal
-50.377200000000016 22.666500000000013 -32.3614 1 1 ctx-lh-superiortemporal
-53.60300000000001 16.5548 -22.402199999999993 1 1 ctx-lh-superiortemporal
-57.04160000000002 10.432099999999991 -13.757100000000008 1 1 ctx-lh-superiortemporal
-58.99950000000001 3.7535000000000025 -3.488900000000001 1 1 ctx-lh-postcentral
-60.0 -2.0 5.0 1 1 ctx-lh-postcentral
-58.1712 -11.279600000000002 13.998999999999995 1 1 ctx-lh-supramarginal
-56.857399999999984 -18.7594 23.380899999999997 1 1 ctx-lh-supramarginal
-50.72540000000001 22.302600000000012 -47.9966 1 1 ctx-lh-middletemporal
-48.0 15.0 -40.0 1 1 ctx-lh-superiortemporal
-55.0 10.0 -27.0 1 1 ctx-lh-superiortemporal
-59.936499999999995 2.2823999999999955 -21.154599999999988 1 1 ctx-lh-superiortemporal
-60.99940000000001 -4.519300000000001 -12.140899999999988 1 1 ctx-lh-superiortemporal
-62.0 -13.0 -4.0 1 1 ctx-lh-superiortemporal
-61.06729999999999 -19.4289 6.601399999999998 1 1 ctx-lh-supramarginal
-60.8622 -26.797600000000003 15.92410000000001 1 1 ctx-lh-supramarginal
-46.230500000000006 15.038700000000006 -61.171099999999996 1 1 ctx-lh-inferiortemporal
-51.84440000000001 7.7468000000000075 -54.519800000000004 1 1 ctx-lh-inferiortemporal
-56.07400000000001 2.3634999999999877 -46.278400000000005 1 1 ctx-lh-inferiortemporal
-59.719300000000004 -3.452300000000008 -35.1618 1 1 ctx-lh-middletemporal
-62.5249 -9.858400000000003 -26.361799999999988 1 1 ctx-lh-middletemporal
-65.0 -15.0 -16.0 1 1 ctx-lh-superiortemporal
-39.0 5.0 -61.0 1 1 ctx-lh-fusiform
-46.11760000000001 -1.1350999999999942 -56.2518 1 1 ctx-lh-inferiortemporal
-52.46609999999998 -7.2194999999999965 -48.94239999999999 1 1 ctx-lh-inferiortemporal
-59.389999999999986 -12.551699999999997 -40.7244 1 1 ctx-lh-inferiortemporal
-63.0 -18.0 -39.0 1 1 ctx-lh-inferiortemporal
-64.3586 -18.267799999999994 -30.978800000000007 1 1 ctx-lh-middletemporal
-61.0 -26.0 -17.0 1 1 ctx-lh-bankssts
-17.31819999999999 24.51740000000001 -46.6319 1 1 ctx-lh-lateralorbitofrontal
-24.0 20.0 -53.0 1 1 ctx-lh-temporalpole
-30.443700000000007 10.56110000000001 -60.060900000000004 1 1 ctx-lh-fusiform
4.067300000000003 55.38819999999998 -54.3792 1 1 ctx-rh-medialorbitofrontal
-5.767899999999997 52.8544 -52.97059999999999 1 1 ctx-lh-medialorbitofrontal
-15.965800000000002 51.08410000000001 -49.341499999999996 1 1 ctx-lh-lateralorbitofrontal
-24.738799999999998 48.2902 -45.153400000000005 1 1 ctx-lh-lateralorbitofrontal
-33.93209999999999 45.79249999999999 -39.80680000000001 1 1 ctx-lh-lateralorbitofrontal
-44.247000000000014 -38.4744 -34.4376 1 1 ctx-lh-fusiform
-45.0 -35.0 -38.0 1 1 ctx-lh-fusiform
-58.427400000000006 -24.696799999999996 -40.65719999999999 1 1 ctx-lh-inferiortemporal
-1.7612000000000023 -71.2261 23.053600000000003 1 1 ctx-lh-superiorparietal
-8.581099999999992 -75.9428 29.613699999999994 1 1 ctx-lh-superiorparietal
-18.457099999999997 -75.5453 32.0526 1 1 ctx-lh-superiorparietal
-28.8622 -74.2479 32.678 1 1 ctx-lh-inferiorparietal
-38.254700000000014 -70.5984 33.331199999999995 1 1 ctx-lh-inferiorparietal
-47.22370000000001 -65.7045 31.979600000000005 1 1 ctx-lh-inferiorparietal
-54.7619 -58.754000000000005 29.497 1 1 ctx-lh-inferiorparietal
-26.423300000000012 -54.046099999999996 55.8938 1 1 ctx-lh-superiorparietal
-33.31960000000001 -47.0604 57.349599999999995 1 1 ctx-lh-superiorparietal
-39.260099999999994 -38.1901 57.7693 1 1 ctx-lh-superiorparietal
-50.079200000000014 -44.556700000000006 -33.72829999999999 1 1 ctx-lh-fusiform
-57.6739 -38.073800000000006 -37.2739 1 1 ctx-lh-inferiortemporal
-63.831199999999995 -30.754999999999995 -37.321500000000015 1 1 ctx-lh-inferiortemporal
-15.234000000000009 5.64070000000001 -39.66980000000001 1 1 Left-Hippocampus
-20.54679999999999 6.447599999999994 -39.6439 1 1 Left-Hippocampus
-26.584299999999985 6.7257999999999925 -39.80709999999999 1 1 Left-Hippocampus
-31.0 9.0 -39.0 1 1 Left-Amygdala
-48.4153 8.882599999999996 -38.853200000000015 1 1 ctx-lh-middletemporal
-14.56710000000001 -0.4825000000000017 -37.89750000000001 1 1 Left-Hippocampus
-19.878600000000006 0.3234999999999957 -37.8716 1 1 Left-Hippocampus
-25.83760000000001 1.1628000000000043 -37.712800000000016 1 1 Left-Hippocampus
-31.150300000000016 1.9697999999999922 -37.68690000000001 1 1 Left-Hippocampus
-36.318299999999994 2.2343999999999937 -36.62280000000001 1 1 Left-Hippocampus
-47.0 5.0 -34.0 1 1 ctx-lh-superiortemporal
-22.974699999999984 -12.703900000000004 -28.46459999999999 1 1 Left-Hippocampus
-29.02709999999999 -14.088099999999997 -28.231300000000005 1 1 Left-Hippocampus
-33.64320000000001 -16.079499999999996 -27.2252 1 1 Left-Hippocampus
-52.0 -22.0 -29.0 1 1 ctx-lh-inferiortemporal
-54.0 -23.0 -22.0 1 1 ctx-lh-bankssts
-24.0 -39.0 -31.0 1 1 ctx-lh-fusiform
-29.61359999999999 -41.4487 -32.00790000000001 1 1 ctx-lh-fusiform
-34.3733 -42.89840000000001 -32.040099999999995 1 1 ctx-lh-fusiform
-40.00370000000001 -44.334 -33.30109999999999 1 1 ctx-lh-fusiform
-45.410799999999995 -45.750699999999995 -33.200500000000005 1 1 ctx-lh-fusiform
-50.5924 -47.1486 -31.7397 1 1 ctx-lh-inferiortemporal
-41.20750000000001 -39.9791 11.170999999999992 1 1 ctx-lh-inferiorparietal
-47.245000000000005 -39.6999 11.008200000000002 1 1 ctx-lh-inferiorparietal
-52.55770000000001 -38.8935 11.034099999999995 1 1 ctx-lh-supramarginal
-30.08250000000001 24.647400000000005 -17.360000000000014 1 1 Left-Putamen
-30.31960000000001 25.909999999999997 -11.008299999999991 1 1 ctx-lh-insula
-30.636200000000002 26.611500000000007 -4.979399999999998 1 1 ctx-lh-insula
-30.5968 31.013800000000003 18.476100000000002 1 1 ctx-lh-caudalmiddlefrontal
-38.1609 50.37530000000001 -4.710499999999996 1 1 ctx-lh-rostralmiddlefrontal
-2.0 32.0 -28.0 1 1 ctx-lh-rostralanteriorcingulate
-2.3215999999999894 35.49520000000001 -22.677999999999997 1 1 ctx-lh-rostralanteriorcingulate
-4.865199999999987 37.37950000000001 -18.327699999999993 1 1 Left-Caudate
19.0 12.0 -40.0 1 1 Right-Amygdala
24.0 12.0 -41.0 1 1 Right-Amygdala
30.0 12.0 -41.0 1 1 Right-Amygdala
46.0257 15.487799999999993 -44.5197 1 1 ctx-rh-middletemporal
51.3528 16.343400000000003 -44.941 1 1 ctx-rh-middletemporal
24.6528 -4.003699999999995 -38.55189999999999 1 1 Right-Hippocampus
29.9803 -3.1480999999999995 -38.97319999999999 1 1 Right-Hippocampus
35.162000000000006 -1.7493000000000052 -40.4341 1 1 Right-Hippocampus
41.1353 -0.9261999999999944 -40.98949999999999 1 1 ctx-rh-fusiform
46.4624 -0.0707000000000022 -41.41069999999999 1 1 ctx-rh-inferiortemporal
51.644800000000004 1.3281000000000063 -42.871700000000004 1 1 ctx-rh-inferiortemporal
58.0 3.0 -42.0 1 1 ctx-rh-middletemporal
27.2384 -18.3613 -26.770999999999987 1 1 Right-Hippocampus
32.0 -23.0 -27.0 1 1 ctx-rh-parahippocampal
36.0 -24.0 -27.0 1 1 ctx-rh-fusiform
44.40690000000001 -30.7337 -20.52449999999999 1 1 ctx-rh-inferiortemporal
48.4778 -34.2389 -19.17089999999999 1 1 ctx-rh-inferiortemporal
52.54900000000001 -37.744 -17.81729999999999 1 1 ctx-rh-inferiortemporal
34.7482 -43.78790000000001 -26.643599999999992 1 1 ctx-rh-fusiform
43.0 -44.0 -26.0 1 1 ctx-rh-fusiform
44.0 -45.0 -26.0 1 1 ctx-rh-fusiform
47.3438 -53.1639 -20.5796 1 1 ctx-rh-lateraloccipital
51.0723 -56.056700000000006 -17.411 1 1 ctx-rh-lateraloccipital
55.7894 -59.594899999999996 -16.1901 1 1 ctx-rh-lateraloccipital
35.0 -30.0 16.0 1 1 ctx-rh-inferiorparietal
37.92920000000001 -29.707400000000007 13.160200000000003 1 1 ctx-rh-inferiorparietal
49.21469999999999 -29.690699999999993 12.579700000000003 1 1 ctx-rh-inferiorparietal
57.0 -27.0 11.0 1 1 ctx-rh-supramarginal
60.2762 -29.6926 10.638599999999997 1 1 ctx-rh-supramarginal
65.5237 -29.396900000000002 9.895499999999998 1 1 ctx-rh-supramarginal
27.0 13.0 -22.0 1 1 Right-Pallidum
27.998899999999992 14.726400000000012 -15.432600000000008 1 1 Right-Putamen
28.327399999999997 15.395399999999995 -9.536300000000011 1 1 Right-Putamen
28.09049999999999 16.65700000000001 -3.1853000000000122 1 1 Right-Putamen
11.388599999999997 31.314400000000006 -31.74969999999999 1 1 ctx-rh-medialorbitofrontal
13.6695 33.54650000000001 -26.648599999999988 1 1 Right-Accumbens-area
15.871899999999997 35.218500000000006 -21.86840000000001 1 1 Right-Caudate
18.0094 37.99180000000001 -17.806700000000006 1 1 Right-Caudate
20.936700000000002 40.19030000000001 -12.838799999999992 1 1 Right-Caudate
32.0 46.0 -17.0 1 1 ctx-rh-lateralorbitofrontal
38.71520000000001 49.38159999999999 -13.232799999999997 1 1 ctx-rh-parstriangularis
43.9628 49.677099999999996 -13.975999999999999 1 1 ctx-rh-parstriangularis
-26.60050000000001 31.386899999999997 -16.375499999999988 1 1 Left-Amygdala
-25.0 29.0 -12.0 1 1 Left-Amygdala
-25.768200000000007 31.01169999999999 -4.764099999999985 1 1 Left-Amygdala
-24.900200000000012 30.91720000000001 11.564400000000006 1 1 ctx-lh-middletemporal
-24.0 34.0 22.0 1 1 ctx-lh-middletemporal
-10.340399999999988 58.5617 -7.00030000000001 1 1 ctx-lh-middletemporal
-15.717399999999998 57.439700000000016 -6.899699999999996 1 1 ctx-lh-middletemporal
-20.6413 56.70170000000002 -6.419000000000011 1 1 ctx-lh-middletemporal
-26.0497 55.956199999999995 -5.9798000000000116 1 1 Left-Hippocampus
-31.060000000000002 54.5557 -4.619900000000001 1 1 Left-Hippocampus
-35.98410000000001 53.8176 -4.140299999999996 1 1 Left-Hippocampus
-33.575199999999995 -24.474500000000006 -16.898799999999994 1 1 ctx-lh-middletemporal
-32.34700000000001 -28.615499999999997 -14.617400000000004 1 1 ctx-lh-middletemporal
-31.118600000000015 -32.7565 -12.336099999999988 1 1 ctx-lh-middletemporal
-30.461099999999988 -37.5685 -9.214799999999997 1 1 ctx-lh-middletemporal
-29.201400000000007 -42.0868 -7.2730999999999995 1 1 ctx-lh-middletemporal
-40.6917 -20.4289 -13.723299999999995 1 1 ctx-lh-bankssts
-46.16290000000001 -20.419700000000006 -12.604899999999986 1 1 ctx-lh-bankssts
-50.0 -19.0 -8.0 1 1 ctx-lh-bankssts
-56.0 -19.0 -6.0 1 1 ctx-lh-bankssts
-63.0 -21.0 -9.0 1 1 ctx-lh-middletemporal
-67.07740000000001 -20.367999999999995 -8.049499999999995 1 1 ctx-lh-middletemporal
-66.9453 -20.63499999999999 -24.636899999999997 1 1 ctx-lh-inferiorparietal
-26.741299999999995 -18.978399999999993 -21.858299999999986 1 1 ctx-lh-inferiorparietal
-38.76490000000001 -27.860199999999992 -18.834599999999995 1 1 ctx-lh-superiortemporal
-43.19810000000001 -30.385999999999996 -18.45410000000001 1 1 ctx-lh-superiortemporal
-47.71870000000001 -33.57509999999999 -17.193299999999994 1 1 ctx-lh-superiortemporal
-51.668499999999995 -36.0933 -16.77109999999999 1 1 ctx-lh-superiortemporal
-56.0 -36.0 -13.0 1 1 Left-Putamen
-60.200800000000015 -41.046400000000006 -14.410200000000003 1 1 Left-Putamen
-28.0 7.0 -34.0 1 1 ctx-lh-caudalmiddlefrontal
-34.317200000000014 4.918399999999991 -33.44550000000001 1 1 ctx-lh-caudalmiddlefrontal
-39.209900000000005 3.8026000000000124 -33.305499999999995 1 1 ctx-lh-superiorfrontal
-59.86680000000001 -0.9586999999999932 -31.604299999999995 1 1 ctx-lh-rostralmiddlefrontal
-64.39519999999999 -2.3530000000000086 -30.20490000000001 1 1 ctx-lh-rostralmiddlefrontal
-13.0 35.0 -33.0 1 1 ctx-lh-lateralorbitofrontal
-16.533199999999994 36.36879999999999 -24.5514 1 1 Left-Caudate
-18.9786 37.3665 -19.35730000000001 1 1 Left-Caudate
-28.0813 44.10849999999999 -0.4960000000000093 1 1 ctx-lh-rostralmiddlefrontal
-30.5591 45.483000000000004 5.039100000000005 1 1 ctx-lh-rostralmiddlefrontal
-33.40129999999999 47.1362 9.314800000000005 1 1 ctx-lh-rostralmiddlefrontal
-35.8477 48.13300000000001 14.509199999999993 1 1 ctx-lh-rostralmiddlefrontal
-2.789999999999992 70.12790000000001 -24.253800000000012 1 1 ctx-lh-medialorbitofrontal
-3.0 70.0 -23.0 1 1 ctx-lh-medialorbitofrontal
-5.0 65.0 -13.0 1 1 ctx-lh-rostralanteriorcingulate
-7.0 64.0 -12.0 1 1 ctx-lh-rostralanteriorcingulate
-5.363699999999994 62.793499999999995 -2.8255000000000052 1 1 ctx-lh-superiorfrontal
-6.407800000000009 60.9768 2.8915000000000077 1 1 ctx-lh-superiorfrontal
-7.419600000000003 58.782399999999996 8.268900000000002 1 1 ctx-lh-superiorfrontal
-7.861700000000013 57.25999999999999 12.806200000000004 1 1 ctx-lh-superiorfrontal
-8.904899999999998 55.443299999999994 18.523200000000003 1 1 ctx-lh-superiorfrontal
-9.434500000000014 53.25729999999999 23.940600000000003 1 1 ctx-lh-superiorfrontal
32.51990000000001 -0.19819999999999993 -29.021600000000007 1 1 Right-Hippocampus
35.9511 -4.114400000000003 -29.359499999999997 1 1 Right-Hippocampus
39.350899999999996 -7.6529000000000025 -29.356600000000014 1 1 Right-Hippocampus
49.0424 -19.694000000000003 -29.1884 1 1 ctx-rh-inferiortemporal
57.0 -26.0 -28.0 1 1 ctx-rh-middletemporal
56.357200000000006 -27.14099999999999 -29.483000000000004 1 1 ctx-rh-middletemporal
59.0 -29.0 -29.0 1 1 ctx-rh-middletemporal
63.75880000000001 -33.9243 -30.65700000000001 1 1 ctx-rh-inferiortemporal
67.0 -34.0 -27.0 1 1 ctx-rh-middletemporal
-13.0 65.0 -20.0 1 1 ctx-lh-medialorbitofrontal
-24.518699999999995 58.786400000000015 -17.8082 1 1 ctx-lh-rostralmiddlefrontal
-29.292399999999986 57.7209 -17.59389999999999 1 1 ctx-lh-rostralmiddlefrontal
-34.5736 56.70150000000001 -17.3074 1 1 ctx-lh-rostralmiddlefrontal
-39.855999999999995 55.6816 -17.022099999999995 1 1 ctx-lh-parstriangularis
-44.6284 54.615399999999994 -16.8065 1 1 ctx-lh-parstriangularis
-9.0 19.0 21.0 1 1 ctx-lh-superiorfrontal
-28.390199999999993 15.490199999999987 20.3009 1 1 ctx-lh-caudalmiddlefrontal
-33.67259999999999 14.471699999999998 20.587199999999996 1 1 ctx-lh-precentral
-38.88920000000002 13.947699999999998 21.0137 1 1 ctx-lh-precentral
31.613 0.11670000000000869 -13.30940000000001 1 1 Right-Hippocampus
31.0 0.0 -11.0 1 1 Right-Hippocampus
31.73570000000001 -0.6025999999999954 -1.7771999999999935 1 1 Right-Hippocampus
32.2736 -1.257000000000005 3.846900000000005 1 1 ctx-rh-fusiform
32.3672 -1.3688999999999965 9.682999999999993 1 1 ctx-rh-fusiform
32.39619999999999 -1.9765000000000015 15.378 1 1 ctx-rh-fusiform
32.394999999999996 -1.8584999999999923 20.11699999999999 1 1 ctx-rh-fusiform
32.553 -1.4739000000000004 26.093500000000006 1 1 ctx-rh-inferiortemporal
33.1555 -1.6325999999999965 31.858599999999996 1 1 ctx-rh-inferiortemporal
39.0 20.0 -22.0 1 1 ctx-rh-inferiortemporal
37.08969999999999 21.239599999999996 -15.864800000000002 1 1 Right-Hippocampus
39.0 24.0 -8.0 1 1 Right-Hippocampus
37.0 25.0 -6.0 1 1 ctx-rh-parahippocampal
35.6609 25.52029999999999 0.8556999999999988 1 1 ctx-rh-parahippocampal
35.310100000000006 25.951599999999985 6.9024 1 1 ctx-rh-fusiform
35.3733 26.56620000000001 11.782399999999996 1 1 ctx-rh-fusiform
35.595699999999994 27.44640000000001 17.899200000000008 1 1 ctx-rh-fusiform
35.6589 28.060900000000004 22.778500000000008 1 1 ctx-rh-fusiform
35.816900000000004 28.44550000000001 28.754800000000003 1 1 ctx-rh-fusiform
35.97489999999999 28.82910000000001 34.7312 1 1 ctx-rh-fusiform
12.189700000000002 43.4924 -11.168200000000013 1 1 ctx-rh-fusiform
17.566599999999994 44.28229999999999 -10.356500000000011 1 1 ctx-rh-superiortemporal
22.370100000000008 44.622299999999996 -9.614800000000002 1 1 ctx-rh-superiortemporal
27.587400000000002 45.145399999999995 -10.040999999999997 1 1 ctx-rh-superiortemporal
32.8351 44.94290000000001 -9.511200000000002 1 1 ctx-rh-superiortemporal
38.1472 45.23599999999999 -8.840399999999988 1 1 Right-Putamen
43.3305 44.53710000000001 -8.450400000000002 1 1 Right-Putamen
44.0 -6.0 -39.0 1 1 ctx-rh-precentral
51.073800000000006 -7.2273 -38.83179999999999 1 1 ctx-rh-insula
59.9071 -12.498999999999995 -39.03469999999999 1 1 ctx-rh-insula
64.8023 -14.456000000000003 -40.16229999999999 1 1 ctx-rh-parsopercularis
23.0 -7.0 -35.0 1 1 ctx-rh-parsopercularis
36.28790000000001 -21.69149999999999 -32.08000000000001 1 1 ctx-rh-caudalmiddlefrontal
39.55799999999999 -25.225700000000003 -32.3211 1 1 ctx-rh-caudalmiddlefrontal
42.8584 -29.486199999999997 -31.60499999999999 1 1 ctx-rh-caudalmiddlefrontal
46.732 -33.29740000000001 -30.819999999999993 1 1 ctx-rh-caudalmiddlefrontal
54.41810000000001 -1.8803000000000054 -22.326899999999995 1 1 ctx-rh-parstriangularis
59.6657 -2.083500000000001 -21.795799999999986 1 1 ctx-rh-parstriangularis
64.8832 -1.5594999999999999 -22.222199999999987 1 1 ctx-rh-parstriangularis
33.98349999999999 31.594899999999996 8.730899999999991 1 1 ctx-rh-caudalmiddlefrontal
39.3297 33.11109999999999 8.585300000000004 1 1 ctx-rh-parsopercularis
44.0 36.0 6.0 1 1 ctx-rh-parsopercularis
8.0 -33.0 4.0 1 1 ctx-rh-precuneus
13.007400000000004 -32.4344 3.7716999999999956 1 1 ctx-rh-precuneus
18.065799999999996 -32.1768 2.108400000000003 1 1 ctx-rh-precuneus
43.6074 -32.8018 -2.102499999999992 1 1 ctx-rh-inferiorparietal
48.25149999999999 -32.727599999999995 -2.5978000000000065 1 1 ctx-rh-inferiorparietal
53.84899999999999 -33.2431 -3.375699999999995 1 1 ctx-rh-inferiorparietal
25.0 13.0 28.0 1 1 ctx-rh-caudalmiddlefrontal
26.817700000000002 13.005300000000005 36.92230000000001 1 1 ctx-rh-superiorfrontal
31.0 16.0 38.0 1 1 ctx-rh-caudalmiddlefrontal
34.0 18.0 43.0 1 1 ctx-rh-caudalmiddlefrontal
19.546999999999997 2.809599999999989 41.7542 1 1 ctx-rh-precentral
20.277699999999996 3.642799999999994 47.80029999999999 1 1 ctx-rh-precentral
21.5184 4.429399999999987 53.7756 1 1 ctx-rh-precentral
-41.7037 0.36939999999998463 -29.04419999999999 1 1 ctx-lh-superiortemporal
-46.75380000000001 -1.0330000000000013 -27.49709999999999 1 1 ctx-lh-superiortemporal
-51.8039 -2.436300000000003 -25.948800000000006 1 1 ctx-lh-superiortemporal
-56.0 -4.0 -21.0 1 1 ctx-lh-superiortemporal
-61.9495 -5.755799999999994 -21.822100000000006 1 1 ctx-lh-superiortemporal
-66.0 -10.0 -22.0 1 1 ctx-lh-middletemporal
-44.922500000000014 -11.349599999999995 -26.9366 1 1 ctx-lh-middletemporal
-49.44030000000001 -13.726100000000002 -25.950999999999993 1 1 ctx-lh-middletemporal
-54.012699999999995 -17.09899999999999 -24.227800000000002 1 1 ctx-lh-middletemporal
-58.539800000000014 -19.956099999999992 -23.537599999999998 1 1 ctx-lh-middletemporal
-45.61250000000001 -35.67580000000001 -12.130899999999997 1 1 ctx-lh-bankssts
-49.5898 -38.545 -11.415099999999995 1 1 ctx-lh-middletemporal
-54.16120000000001 -41.91720000000001 -9.690799999999996 1 1 ctx-lh-middletemporal
-45.61250000000001 -35.67580000000001 -12.130899999999997 1 1 ctx-lh-bankssts
-50.13159999999999 -36.16290000000001 -8.644299999999987 1 1 ctx-lh-bankssts
-55.1549 -36.12299999999999 -6.215499999999992 1 1 ctx-lh-middletemporal
-59.6285 -36.095200000000006 -3.761799999999994 1 1 ctx-lh-superiortemporal
-64.68 -35.6088 0.28709999999999525 1 1 ctx-lh-superiortemporal
-14.259500000000003 -33.107699999999994 14.206400000000002 1 1 ctx-lh-precuneus
-36.459599999999995 -37.5376 14.253600000000006 1 1 ctx-lh-inferiorparietal
-42.024400000000014 -38.8942 14.450000000000003 1 1 ctx-lh-inferiorparietal
-47.5788 -39.769800000000004 14.940100000000001 1 1 ctx-lh-inferiorparietal
-53.133399999999995 -40.645399999999995 15.430399999999992 1 1 ctx-lh-inferiorparietal
-32.613 9.372099999999989 -6.831600000000009 1 1 ctx-lh-insula
-32.200800000000015 9.703599999999994 -1.2079999999999984 1 1 ctx-lh-insula
-31.0 12.0 23.0 1 1 ctx-lh-precentral
-33.0 10.0 28.0 1 1 ctx-lh-precentral
-11.106200000000001 41.61189999999999 14.090699999999998 1 1 ctx-lh-superiorfrontal
-18.0 46.0 17.0 1 1 ctx-lh-superiorfrontal
-29.0 45.0 23.0 1 1 ctx-lh-caudalmiddlefrontal
-35.0 45.0 21.0 1 1 ctx-lh-caudalmiddlefrontal
-38.5667 46.50729999999999 16.81880000000001 1 1 ctx-lh-rostralmiddlefrontal
-44.0489 47.589200000000005 17.158199999999994 1 1 ctx-lh-rostralmiddlefrontal
19.7538 3.189799999999991 -35.87270000000001 1 1 Right-Hippocampus
24.081999999999994 1.1359999999999957 -35.523300000000006 1 1 Right-Hippocampus
28.9516 -1.4106999999999914 -35.44239999999999 1 1 Right-Hippocampus
33.8214 -3.957400000000007 -35.36150000000001 1 1 Right-Hippocampus
42.0 -8.0 -39.0 1 1 ctx-rh-fusiform
45.0 -8.0 -38.0 1 1 ctx-rh-inferiortemporal
49.0162 -11.575600000000009 -36.4203 1 1 ctx-rh-inferiortemporal
29.222300000000004 -10.662000000000006 -37.02119999999999 1 1 ctx-rh-parahippocampal
33.44210000000001 -14.706800000000001 -35.193299999999994 1 1 ctx-rh-parahippocampal
37.14840000000001 -18.7068 -34.7175 1 1 ctx-rh-fusiform
40.8639 -22.225300000000004 -33.9477 1 1 ctx-rh-fusiform
45.1292 -25.7556 -33.15360000000001 1 1 ctx-rh-fusiform
48.83539999999999 -29.754999999999995 -32.677899999999994 1 1 ctx-rh-inferiortemporal
38.0 23.0 8.0 1 1 ctx-rh-parsopercularis
40.0 22.0 7.0 1 1 ctx-rh-parsopercularis
43.0 28.0 8.0 1 1 ctx-rh-parsopercularis
51.0946 22.742500000000007 18.6532 1 1 ctx-rh-precentral
55.4273 23.501000000000005 22.094799999999992 1 1 ctx-rh-precentral
48.78710000000001 12.191699999999997 7.516300000000001 1 1 ctx-rh-precentral
53.6054 11.836000000000013 6.981499999999997 1 1 ctx-rh-precentral
58.77799999999999 11.067700000000002 7.5 1 1 ctx-rh-postcentral
63.950199999999995 9.847700000000003 7.809899999999999 1 1 ctx-rh-postcentral
50.15219999999999 16.052400000000006 7.151200000000003 1 1 ctx-rh-precentral
54.64660000000001 16.289999999999992 9.1982 1 1 ctx-rh-precentral
60.175 16.011500000000012 11.183800000000005 1 1 ctx-rh-precentral
65.3497 16.59819999999999 12.322400000000002 1 1 ctx-rh-precentral
35.0 -28.0 16.0 1 1 ctx-rh-inferiorparietal
38.26480000000001 -29.5908 13.785899999999998 1 1 ctx-rh-inferiorparietal
43.2752 -30.28880000000001 15.491100000000003 1 1 ctx-rh-inferiorparietal
47.60470000000001 -31.788200000000003 17.896299999999997 1 1 ctx-rh-inferiorparietal
52.452 -32.86760000000001 20.58189999999999 1 1 ctx-rh-inferiorparietal
56.944500000000005 -33.9855 22.007900000000006 1 1 ctx-rh-inferiorparietal
12.0 -34.0 11.0 1 1 ctx-rh-precuneus
16.368300000000005 -32.2552 10.062899999999999 1 1 ctx-rh-precuneus
31.5295 -35.9541 9.735399999999998 1 1 ctx-rh-inferiorparietal
36.864599999999996 -36.7928 9.066000000000003 1 1 ctx-rh-inferiorparietal
42.03659999999999 -38.0129 9.377099999999999 1 1 ctx-rh-inferiorparietal
47.37180000000001 -38.85159999999999 8.707700000000003 1 1 ctx-rh-inferiorparietal
52.543800000000005 -40.071799999999996 9.017600000000002 1 1 ctx-rh-inferiorparietal
57.87950000000001 -40.4588 8.555700000000002 1 1 ctx-rh-inferiorparietal
19.664500000000004 29.456999999999994 30.632599999999996 1 1 ctx-rh-superiorfrontal
24.323099999999997 30.978399999999993 32.114000000000004 1 1 ctx-rh-caudalmiddlefrontal
28.8189 32.5702 34.7826 1 1 ctx-rh-caudalmiddlefrontal
33.99600000000001 34.512100000000004 36.5436 1 1 ctx-rh-caudalmiddlefrontal
38.65469999999999 36.033500000000004 38.0249 1 1 ctx-rh-caudalmiddlefrontal
37.656800000000004 16.211299999999994 -24.437399999999997 1 1 ctx-rh-insula
35.3823 15.840399999999988 -8.436900000000009 1 1 ctx-rh-insula
34.7324 15.670500000000004 -3.894200000000012 1 1 ctx-rh-insula
33.0 12.0 25.0 1 1 ctx-rh-precentral
22.679000000000002 0.8396999999999935 -7.991899999999987 1 1 Right-Thalamus-Proper
31.905200000000008 -0.8646999999999991 23.520899999999997 1 1 ctx-rh-precentral
39.0 -1.0 27.0 1 1 ctx-rh-postcentral
39.0 -1.0 28.0 1 1 ctx-rh-postcentral
42.0 -7.0 37.0 1 1 ctx-rh-postcentral
10.393599999999992 17.28710000000001 30.588099999999997 1 1 ctx-rh-superiorfrontal
20.574200000000005 14.0137 31.98259999999999 1 1 ctx-rh-superiorfrontal
24.0 10.0 33.0 1 1 ctx-rh-precentral
30.754599999999996 10.740399999999994 33.37700000000001 1 1 ctx-rh-precentral
35.40989999999999 9.552500000000009 33.61529999999999 1 1 ctx-rh-precentral
40.419 7.950999999999993 34.9062 1 1 ctx-rh-precentral
49.01570000000001 28.94919999999999 -1.3161000000000058 1 1 ctx-rh-parsopercularis
54.0 31.0 -1.0 1 1 ctx-rh-parsopercularis
58.0 32.0 -1.0 1 1 ctx-rh-parsopercularis
-42.0 1.0 -42.0 1 1 ctx-lh-inferiortemporal
-49.7132 2.377900000000011 -38.84870000000001 1 1 ctx-lh-middletemporal
-55.164800000000014 1.9259999999999877 -39.49090000000001 1 1 ctx-lh-middletemporal
-60.6165 1.4742999999999995 -40.13310000000001 1 1 ctx-lh-middletemporal
-65.57389999999998 0.19259999999999877 -39.7509 1 1 ctx-lh-middletemporal
-44.42750000000001 -5.700199999999995 -24.823700000000002 1 1 ctx-lh-superiortemporal
-49.3965 -6.444999999999993 -24.28110000000001 1 1 ctx-lh-superiortemporal
-55.0 -5.0 -21.0 1 1 ctx-lh-superiortemporal
-61.0 -6.0 -24.0 1 1 ctx-lh-middletemporal
-65.0 -10.0 -22.0 1 1 ctx-lh-middletemporal
-67.0 -10.0 -23.0 1 1 ctx-lh-middletemporal
-21.0 -19.0 -21.0 1 1 Left-Hippocampus
-25.89240000000001 -19.19980000000001 -21.020100000000014 1 1 Left-Hippocampus
-31.0 -26.0 -24.0 1 1 ctx-lh-lingual
-33.0 -26.0 -25.0 1 1 ctx-lh-fusiform
-53.0 -29.0 -24.0 1 1 ctx-lh-inferiortemporal
-55.90120000000002 -29.775900000000007 -23.300399999999996 1 1 ctx-lh-middletemporal
-61.0 -33.0 -23.0 1 1 ctx-lh-middletemporal
-21.143100000000004 26.62729999999999 -12.949299999999994 1 1 Left-Putamen
-29.0 26.0 -9.0 1 1 ctx-lh-insula
-33.0 26.0 -5.0 1 1 ctx-lh-parsopercularis
-35.32499999999999 25.096299999999985 -4.9033000000000015 1 1 ctx-lh-parsopercularis
-43.0 22.0 -1.0 1 1 ctx-lh-precentral
-45.0 24.0 0.0 1 1 ctx-lh-precentral
-48.9846 24.630500000000012 3.5105000000000075 1 1 ctx-lh-precentral
-53.55860000000001 24.37979999999999 6.694099999999992 1 1 ctx-lh-precentral
-58.14529999999999 24.666300000000007 10.037199999999999 1 1 ctx-lh-precentral
-28.93889999999999 8.2483 0.45050000000000523 1 1 ctx-lh-insula
-33.46289999999999 8.818399999999997 2.6561999999999983 1 1 ctx-lh-insula
-48.0 8.0 7.0 1 1 ctx-lh-postcentral
-55.0 10.0 12.0 1 1 ctx-lh-postcentral
-59.0 12.0 14.0 1 1 ctx-lh-postcentral
-62.355999999999995 14.124400000000009 17.529600000000002 1 1 ctx-lh-postcentral
-2.0 56.0 -14.0 1 1 ctx-lh-rostralanteriorcingulate
-4.251800000000003 58.691100000000006 -14.025299999999987 1 1 ctx-lh-rostralanteriorcingulate
-9.779699999999991 58.49110000000002 -13.371399999999994 1 1 ctx-lh-rostralanteriorcingulate
-31.10390000000001 59.35419999999999 -15.092000000000013 1 1 ctx-lh-rostralmiddlefrontal
-35.0 59.0 -16.0 1 1 ctx-lh-rostralmiddlefrontal
-41.5496 59.22839999999999 -14.87129999999999 1 1 ctx-lh-parstriangularis
-47.00229999999999 58.7765 -15.513499999999993 1 1 ctx-lh-parstriangularis
-52.4666 58.860900000000015 -15.995800000000003 1 1 ctx-lh-parstriangularis
2.7250999999999976 19.8759 21.6169 1 1 ctx-rh-posteriorcingulate
-5.0 24.0 25.0 1 1 ctx-lh-superiorfrontal
-9.0 19.0 21.0 1 1 ctx-lh-superiorfrontal
-13.083799999999997 21.475899999999996 19.401600000000002 1 1 ctx-lh-superiorfrontal
-23.414800000000014 22.455600000000004 17.509 1 1 ctx-lh-caudalmiddlefrontal
-33.809500000000014 23.151099999999985 16.7526 1 1 ctx-lh-caudalmiddlefrontal
-43.0 22.0 13.0 1 1 ctx-lh-precentral
-44.700500000000005 24.675099999999986 14.971800000000002 1 1 ctx-lh-precentral
-49.6309 25.28630000000001 14.6978 1 1 ctx-lh-precentral
-14.0 21.0 -6.0 1 1 Left-Caudate
-15.666799999999995 22.3664 -2.6707999999999856 1 1 Left-Caudate
-15.384799999999984 24.720200000000006 1.7463999999999942 1 1 Left-Caudate
-13.928799999999995 34.34780000000001 23.1909 1 1 ctx-lh-superiorfrontal
-14.256699999999995 36.425700000000006 28.696300000000008 1 1 ctx-lh-superiorfrontal
-13.493200000000002 38.487899999999996 34.297200000000004 1 1 ctx-lh-superiorfrontal
-13.821200000000005 40.56569999999999 39.80250000000001 1 1 ctx-lh-superiorfrontal
22.0 8.0 -36.0 1 1 Right-Amygdala
26.929599999999994 4.200500000000005 -34.868300000000005 1 1 Right-Hippocampus
42.31739999999999 0.21420000000000528 -34.6379 1 1 Right-Hippocampus
47.81909999999999 -1.4771999999999963 -34.635099999999994 1 1 ctx-rh-middletemporal
52.762100000000004 -2.6255999999999915 -34.52080000000001 1 1 ctx-rh-middletemporal
57.641400000000004 -4.056899999999999 -33.26990000000001 1 1 ctx-rh-middletemporal
30.226600000000005 -11.743799999999993 -33.214 1 1 Right-Hippocampus
35.0 -15.0 -33.0 1 1 ctx-rh-parahippocampal
37.0 -18.0 -31.0 1 1 ctx-rh-parahippocampal
53.0 -17.0 -24.0 1 1 ctx-rh-middletemporal
58.28190000000001 -23.852000000000004 -23.1969 1 1 ctx-rh-middletemporal
63.1737 -25.81960000000001 -22.105400000000003 1 1 ctx-rh-middletemporal
67.4557 -28.064099999999996 -19.9272 1 1 ctx-rh-middletemporal
-14.995200000000011 9.789999999999992 -25.761799999999994 1 1 Left-Pallidum
-20.1884 8.118200000000002 -25.411100000000005 1 1 Left-Pallidum
-25.350400000000008 5.923400000000015 -25.29910000000001 1 1 Left-Pallidum
-30.511300000000006 3.7295000000000016 -25.18719999999999 1 1 Left-Putamen
-35.673400000000015 1.5346999999999866 -25.074099999999987 1 1 ctx-lh-insula
-41.42830000000001 0.25569999999999027 -25.73939999999999 1 1 ctx-lh-superiortemporal
-46.59039999999999 -1.939300000000003 -25.627499999999998 1 1 ctx-lh-superiortemporal
37.49510000000001 27.05340000000001 -29.00659999999999 1 1 Right-Amygdala
36.6339 28.502800000000008 -23.61420000000001 1 1 Right-Hippocampus
33.3339 33.8202 9.605899999999991 1 1 ctx-rh-parahippocampal
33.08789999999999 34.769800000000004 14.780200000000008 1 1 ctx-rh-parahippocampal
32.259100000000004 35.696200000000005 19.935599999999994 1 1 ctx-rh-fusiform
6.660799999999995 28.886300000000006 10.533999999999992 1 1 ctx-rh-fusiform
11.931799999999996 28.572399999999988 10.466999999999999 1 1 ctx-rh-fusiform
17.796800000000005 27.342700000000008 11.1772 1 1 Right-Hippocampus
23.067800000000005 27.02879999999999 11.110100000000003 1 1 Right-Hippocampus
28.9204 26.73830000000001 11.061900000000009 1 1 ctx-rh-parahippocampal
45.3154 25.819999999999993 10.879400000000004 1 1 ctx-rh-inferiortemporal
51.1893 25.94659999999999 9.8352 1 1 ctx-rh-insula
56.4602 25.632599999999996 9.7671 1 1 ctx-rh-insula
7.4589 46.41900000000001 14.97290000000001 1 1 ctx-rh-insula
12.106400000000008 45.24969999999999 16.87960000000001 1 1 ctx-rh-insula
17.356400000000008 44.518699999999995 17.808899999999994 1 1 ctx-rh-insula
30.0 41.0 22.0 1 1 ctx-rh-caudalmiddlefrontal
41.0 37.0 22.0 1 1 ctx-rh-caudalmiddlefrontal
12.698099999999997 15.250400000000013 -38.299199999999985 1 1 ctx-rh-caudalmiddlefrontal
17.0 11.0 -39.0 1 1 ctx-rh-caudalanteriorcingulate
21.766400000000004 9.428699999999992 -39.6344 1 1 ctx-rh-caudalanteriorcingulate
25.286699999999996 -1.7479000000000013 -42.30189999999999 1 1 ctx-rh-caudalmiddlefrontal
27.7479 -6.0416000000000025 -40.663700000000006 1 1 ctx-rh-caudalmiddlefrontal
30.209000000000003 -10.336399999999998 -39.025499999999994 1 1 ctx-rh-precentral
33.0 -16.0 -39.0 1 1 ctx-rh-precentral
35.680800000000005 -18.378199999999993 -35.49199999999999 1 1 ctx-rh-precentral
38.72399999999999 -22.6498 -33.835499999999996 1 1 ctx-rh-superiorfrontal
27.6841 -15.532399999999996 -28.37870000000001 1 1 ctx-rh-superiorfrontal
36.0 -20.0 -29.0 1 1 ctx-rh-superiorfrontal
41.98140000000001 -22.50030000000001 -27.788600000000002 1 1 ctx-rh-caudalmiddlefrontal
47.3293 -24.799499999999995 -27.572900000000004 1 1 ctx-rh-caudalmiddlefrontal
56.0 -30.0 -27.0 1 1 ctx-rh-caudalmiddlefrontal
6.623099999999994 -25.24029999999999 13.163399999999996 1 1 ctx-rh-rostralanteriorcingulate
11.840900000000005 -25.447400000000002 14.33080000000001 1 1 ctx-rh-rostralanteriorcingulate
35.0 -28.0 16.0 1 1 ctx-rh-rostralmiddlefrontal
39.8561 -26.316900000000004 15.523600000000002 1 1 ctx-rh-rostralmiddlefrontal
45.676500000000004 -26.08449999999999 15.712999999999994 1 1 ctx-rh-medialorbitofrontal
50.9684 -25.981799999999993 14.649500000000003 1 1 ctx-rh-medialorbitofrontal
58.0 -27.0 13.0 1 1 ctx-rh-medialorbitofrontal
5.414600000000007 54.193899999999985 -15.918599999999998 1 1 ctx-rh-rostralmiddlefrontal
10.545900000000003 54.6165 -13.280300000000011 1 1 ctx-rh-rostralmiddlefrontal
15.148899999999998 54.90950000000001 -11.894599999999997 1 1 ctx-rh-rostralmiddlefrontal
20.280200000000008 55.33109999999999 -9.254999999999995 1 1 ctx-rh-insula
25.4448 55.23149999999998 -6.854500000000002 1 1 ctx-rh-lateralorbitofrontal
30.5762 55.653099999999995 -4.2149 1 1 ctx-rh-lateralorbitofrontal
35.158199999999994 55.530100000000004 -1.8325000000000102 1 1 ctx-rh-insula
12.812100000000001 77.08529999999999 -21.99369999999999 1 1 ctx-rh-insula
15.0 72.0 -19.0 1 1 ctx-rh-insula
18.458699999999993 70.3358 -9.564799999999991 1 1 ctx-rh-inferiorparietal
20.7158 67.82400000000001 -4.744699999999995 1 1 ctx-rh-middletemporal
22.390100000000004 65.2886 0.055900000000008276 1 1 ctx-rh-middletemporal
24.085499999999996 63.16929999999999 3.860900000000001 1 1 ctx-rh-middletemporal
27.0 33.0 -35.0 1 1 ctx-rh-inferiorparietal
26.114400000000003 37.78829999999999 -33.77180000000001 1 1 ctx-rh-isthmuscingulate
27.064899999999994 38.26060000000001 -28.796699999999987 1 1 ctx-rh-isthmuscingulate
30.0 37.0 -23.0 1 1 ctx-rh-precuneus
32.590599999999995 39.80680000000001 -7.846100000000007 1 1 ctx-rh-inferiorparietal
41.0 -49.0 -5.0 1 1 ctx-rh-inferiorparietal
49.0 -42.0 -10.0 1 1 ctx-rh-inferiorparietal
50.0 -43.0 -10.0 1 1 ctx-rh-inferiorparietal
54.96090000000001 -44.32130000000001 -6.696799999999996 1 1 ctx-rh-supramarginal
58.0 -47.0 -4.0 1 1 ctx-rh-supramarginal
-50.81560000000002 -11.932999999999993 -34.84809999999999 1 1 ctx-lh-inferiortemporal
-56.23400000000001 -12.165400000000005 -35.144800000000004 1 1 ctx-lh-middletemporal
-61.557199999999995 -12.0933 -36.81729999999999 1 1 ctx-lh-middletemporal
-66.92919999999998 -11.807699999999997 -37.2071 1 1 ctx-lh-middletemporal
-31.80109999999999 -25.732100000000003 -36.4083 1 1 ctx-lh-fusiform
-35.40180000000001 -28.23599999999999 -33.51660000000001 1 1 ctx-lh-fusiform
-41.0 -34.0 -28.0 1 1 ctx-lh-fusiform
-45.3681 -36.929100000000005 -21.919999999999987 1 1 ctx-lh-inferiortemporal
-48.47890000000001 -39.97839999999999 -18.896800000000013 1 1 ctx-lh-inferiortemporal
-47.0 -48.0 -10.0 1 1 ctx-lh-lateraloccipital
-48.0 -49.0 -10.0 1 1 ctx-lh-lateraloccipital
-33.61959999999999 5.7176000000000045 -5.208200000000005 1 1 ctx-lh-insula
-36.0 7.0 -3.0 1 1 ctx-lh-insula
-44.46510000000001 6.714799999999997 -3.4188000000000045 1 1 ctx-lh-postcentral
-49.3963 6.668299999999988 -2.3917999999999893 1 1 ctx-lh-postcentral
-54.86580000000001 6.649400000000014 -1.4048999999999978 1 1 ctx-lh-postcentral
-60.28800000000001 7.147400000000005 -0.510799999999989 1 1 ctx-lh-postcentral
-66.2938 7.1573999999999955 0.4375 1 1 ctx-lh-postcentral
-32.7611 19.666799999999995 -21.00139999999999 1 1 Left-Putamen
-38.23060000000001 19.647999999999996 -20.014499999999998 1 1 ctx-lh-insula
-3.0 49.0 2.0 1 1 ctx-lh-rostralanteriorcingulate
-6.0 49.0 3.0 1 1 ctx-lh-rostralanteriorcingulate
-11.766199999999998 48.85149999999999 5.414600000000007 1 1 ctx-lh-superiorfrontal
-27.72800000000001 47.733599999999996 8.601399999999998 1 1 ctx-lh-rostralmiddlefrontal
-33.24260000000001 47.19890000000001 9.681399999999996 1 1 ctx-lh-rostralmiddlefrontal
-38.71100000000001 47.18000000000001 10.668399999999991 1 1 ctx-lh-rostralmiddlefrontal
-47.0 52.0 -1.0 1 1 ctx-lh-parstriangularis
-47.0 52.0 -1.0 1 1 ctx-lh-parstriangularis
-5.0 20.0 22.0 1 1 ctx-lh-caudalanteriorcingulate
-9.10560000000001 14.668700000000001 26.5026 1 1 ctx-lh-superiorfrontal
-36.032700000000006 9.345400000000012 25.802599999999998 1 1 ctx-lh-precentral
-41.5436 8.07929999999999 25.69210000000001 1 1 ctx-lh-precentral
-51.0 5.0 24.0 1 1 ctx-lh-postcentral
-52.616600000000005 5.761899999999997 26.754500000000007 1 1 ctx-lh-postcentral
-58.0813 5.012699999999995 26.551000000000002 1 1 ctx-lh-postcentral
-2.0 -17.0 24.0 1 1 ctx-lh-posteriorcingulate
-7.324900000000014 -19.1053 23.5848 1 1 ctx-lh-posteriorcingulate
-12.203300000000013 -20.096100000000007 22.137 1 1 ctx-lh-posteriorcingulate
-28.502099999999984 -22.039 20.149699999999996 1 1 ctx-lh-superiorparietal
-33.966800000000006 -22.787800000000004 19.945700000000002 1 1 ctx-lh-supramarginal
-44.80080000000001 -23.981899999999996 18.162300000000002 1 1 ctx-lh-supramarginal
-50.265600000000006 -24.73060000000001 17.959699999999998 1 1 ctx-lh-supramarginal
-55.731300000000005 -25.479299999999995 17.75569999999999 1 1 ctx-lh-supramarginal
-15.0 74.0 -33.0 1 1 ctx-lh-lateralorbitofrontal
-10.0 73.0 -20.0 1 1 ctx-lh-medialorbitofrontal
-11.0 71.0 -19.0 1 1 ctx-lh-medialorbitofrontal
-17.0 76.0 -4.0 1 1 ctx-lh-rostralmiddlefrontal
-18.0 73.0 0.0 1 1 ctx-lh-rostralmiddlefrontal
-17.0 73.0 5.0 1 1 ctx-lh-rostralmiddlefrontal
-16.99090000000001 68.2646 10.7761 1 1 ctx-lh-rostralmiddlefrontal
-14.0 68.0 17.0 1 1 ctx-lh-superiorfrontal
-16.0 66.0 25.0 1 1 ctx-lh-superiorfrontal
-16.0 65.0 27.0 1 1 ctx-lh-superiorfrontal
-20.0 62.0 28.0 1 1 ctx-lh-rostralmiddlefrontal
34.426500000000004 0.3756999999999948 -30.465000000000003 1 1 Right-Hippocampus
39.496700000000004 1.9729000000000099 -31.769599999999997 1 1 Right-Hippocampus
44.5706 2.8406999999999982 -34.264999999999986 1 1 ctx-rh-superiortemporal
50.1318 3.8933000000000106 -35.43790000000001 1 1 ctx-rh-middletemporal
55.156000000000006 4.973600000000005 -36.6507 1 1 ctx-rh-middletemporal
60.226200000000006 6.571799999999996 -37.955299999999994 1 1 ctx-rh-middletemporal
30.0993 -13.1939 -20.264399999999995 1 1 Right-Hippocampus
35.52170000000001 -13.692999999999998 -21.1584 1 1 Right-Hippocampus
56.82079999999999 -15.568600000000004 -27.435300000000012 1 1 ctx-rh-middletemporal
62.243300000000005 -16.066699999999997 -28.330700000000007 1 1 ctx-rh-middletemporal
62.0 -19.0 -38.0 1 1 ctx-rh-inferiortemporal
33.4024 19.384500000000003 -12.827200000000005 1 1 Right-Putamen
39.0 24.0 -8.0 1 1 ctx-rh-parsopercularis
41.18289999999999 25.738499999999988 -6.885300000000001 1 1 ctx-rh-parsopercularis
45.075 28.550999999999988 -4.509899999999988 1 1 ctx-rh-parsopercularis
48.917100000000005 31.576899999999995 -0.8505999999999858 1 1 ctx-rh-parsopercularis
52.8091 34.388300000000015 1.5262000000000029 1 1 ctx-rh-parsopercularis
57.1884 37.3853 5.224199999999996 1 1 ctx-rh-parsopercularis
-9.737599999999986 12.133600000000001 -40.955600000000004 1 1 Left-Amygdala
-38.0 11.0 -33.0 1 1 ctx-lh-insula
-47.999300000000005 9.864300000000014 -34.8066 1 1 ctx-lh-superiortemporal
-60.09 -14.462599999999995 -31.31219999999999 1 1 ctx-lh-middletemporal
-43.0 -32.0 -35.0 1 1 ctx-lh-fusiform
-49.850300000000004 -35.5274 -33.39410000000001 1 1 ctx-lh-inferiortemporal
-54.59899999999999 -38.15469999999999 -33.31729999999999 1 1 ctx-lh-inferiortemporal
-59.32650000000001 -41.3172 -33.61099999999999 1 1 ctx-lh-inferiortemporal
-32.299499999999995 39.38130000000001 -58.650000000000006 1 1 ctx-lh-temporalpole
-33.803799999999995 34.012100000000004 -56.31110000000001 1 1 ctx-lh-temporalpole
-35.3407 28.745000000000005 -55.372799999999984 1 1 ctx-lh-temporalpole
-35.0 24.0 -55.0 1 1 ctx-lh-temporalpole
-31.0 16.0 -53.0 1 1 ctx-lh-entorhinal
-32.0 13.0 -52.0 1 1 ctx-lh-entorhinal
-40.0 3.0 -46.0 1 1 ctx-lh-fusiform
-40.0 -1.0 -45.0 1 1 ctx-lh-fusiform
-42.0 -8.0 -45.0 1 1 ctx-lh-fusiform
5.0 -32.0 10.0 1 1 ctx-rh-isthmuscingulate
-2.0 -34.0 10.0 1 1 ctx-lh-isthmuscingulate
-4.0 -35.0 9.0 1 1 ctx-lh-isthmuscingulate
-10.117099999999994 -43.0476 9.668999999999997 1 1 ctx-lh-precuneus
-38.052599999999984 -46.33070000000001 9.808499999999995 1 1 ctx-lh-inferiorparietal
-43.5051 -47.29859999999999 9.6109 1 1 ctx-lh-inferiorparietal
-21.0 -28.0 -28.0 1 1 ctx-lh-parahippocampal
-29.388900000000007 -43.135999999999996 -38.9049 1 1 ctx-lh-fusiform
-34.8185 -43.2398 -35.56020000000001 1 1 ctx-lh-fusiform
-40.30169999999998 -42.70570000000001 -33.246700000000004 1 1 ctx-lh-fusiform
-45.166 -41.691599999999994 -29.181299999999993 1 1 ctx-lh-fusiform
-54.0 -40.0 -20.0 1 1 ctx-lh-middletemporal
-56.0 -36.0 -13.0 1 1 ctx-lh-bankssts
-61.0 -33.0 -12.0 1 1 ctx-lh-bankssts
-38.0 2.0 -23.0 1 1 ctx-lh-insula
-34.0 3.0 -17.0 1 1 Left-Putamen
-41.07390000000001 3.4749999999999943 -10.283799999999985 1 1 ctx-lh-insula
-38.0 4.0 -7.0 1 1 ctx-lh-insula
-37.0 6.0 -1.0 1 1 ctx-lh-insula
-37.0 4.0 3.0 1 1 ctx-lh-insula
-39.0 15.0 17.0 1 1 ctx-lh-caudalmiddlefrontal
-38.196500000000015 9.7594 29.20259999999999 1 1 ctx-lh-precentral
-41.0 28.0 -26.0 1 1 ctx-lh-insula
-39.0 30.0 -23.0 1 1 ctx-lh-insula
-35.0 30.0 -18.0 1 1 ctx-lh-insula
-32.0 30.0 -14.0 1 1 ctx-lh-insula
-31.0 31.0 -6.0 1 1 ctx-lh-insula
-29.0 41.0 -7.0 1 1 ctx-lh-parstriangularis
5.0075999999999965 56.659099999999995 -10.133900000000011 1 1 ctx-rh-rostralanteriorcingulate
-0.4660000000000082 56.225899999999996 -9.962099999999992 1 1 ctx-lh-rostralanteriorcingulate
-5.961999999999989 56.32730000000001 -9.420899999999989 1 1 ctx-lh-rostralanteriorcingulate
-11.43549999999999 55.89429999999999 -9.247899999999987 1 1 ctx-lh-rostralanteriorcingulate
-38.0 56.0 -9.0 1 1 ctx-lh-rostralmiddlefrontal
-43.0 56.0 -7.0 1 1 ctx-lh-rostralmiddlefrontal
19.0 10.0 -36.0 1 1 Right-Amygdala
24.024 10.521199999999993 -37.582899999999995 1 1 Right-Amygdala
29.518699999999995 10.4195 -38.12520000000001 1 1 Right-Amygdala
34.9397 11.490499999999997 -39.3296 1 1 Right-Amygdala
35.0 12.0 -42.0 1 1 Right-Amygdala
51.0 17.0 -41.0 1 1 ctx-rh-superiortemporal
67.5979 15.136899999999997 -47.00110000000001 1 1 ctx-rh-middletemporal
21.0 9.0 -37.0 1 1 Right-Amygdala
24.0 8.0 -36.0 1 1 Right-Amygdala
28.1952 1.2034999999999911 -36.97 1 1 Right-Hippocampus
32.0894 -2.561399999999992 -35.465900000000005 1 1 Right-Hippocampus
36.02719999999999 -7.395600000000002 -34.70070000000001 1 1 Right-Hippocampus
39.25999999999999 -10.569400000000002 -34.209900000000005 1 1 Right-Hippocampus
39.0 -12.0 -32.0 1 1 Right-Hippocampus
53.0338 -27.704700000000003 -32.4169 1 1 ctx-rh-inferiortemporal
26.0 -18.0 -20.0 1 1 Right-Thalamus-Proper
29.0 -25.0 -22.0 1 1 Right-Hippocampus
29.5407 -31.6999 -25.770700000000005 1 1 ctx-rh-lingual
31.0 -37.0 -24.0 1 1 ctx-rh-lingual
6.428799999999995 44.77539999999999 -0.7205000000000155 1 1 ctx-rh-caudalanteriorcingulate
47.0 36.0 6.0 1 1 ctx-rh-parsopercularis
37.0 12.0 -22.0 1 1 Right-Putamen
38.0 16.0 -18.0 1 1 Right-Putamen
43.0612 17.528400000000005 -13.7423 1 1 ctx-rh-insula
41.0 18.0 -11.0 1 1 ctx-rh-insula
36.0 24.0 -5.0 1 1 ctx-rh-insula
41.7415 29.4683 13.761600000000001 1 1 ctx-rh-caudalmiddlefrontal
41.6798 32.47300000000001 18.78309999999999 1 1 ctx-rh-caudalmiddlefrontal
41.694199999999995 34.3039 24.4675 1 1 ctx-rh-caudalmiddlefrontal
22.963700000000003 43.466499999999996 -34.0239 1 1 ctx-rh-lateralorbitofrontal
26.720100000000002 58.40520000000001 11.3369 1 1 ctx-rh-rostralmiddlefrontal
27.288299999999992 60.9229 15.9696 1 1 ctx-rh-rostralmiddlefrontal
-11.063199999999995 13.842199999999991 -35.5018 1 1 Left-Amygdala
-17.1361 13.872399999999999 -35.0265 1 1 Left-Amygdala
-22.559200000000004 13.461099999999988 -35.6995 1 1 Left-Amygdala
-28.096900000000005 13.429699999999997 -35.18350000000001 1 1 Left-Amygdala
-33.48609999999999 13.5351 -35.71940000000001 1 1 ctx-lh-insula
-38.909099999999995 13.123899999999992 -36.392499999999984 1 1 ctx-lh-superiortemporal
-44.44669999999999 13.092399999999998 -35.87649999999999 1 1 ctx-lh-superiortemporal
-50.0 13.0 -38.0 1 1 ctx-lh-middletemporal
-24.456799999999987 1.6382999999999868 -34.5368 1 1 Left-Hippocampus
-29.711299999999994 -0.1384000000000043 -33.33949999999999 1 1 Left-Hippocampus
-34.930800000000005 -1.3984999999999985 -32.00620000000001 1 1 Left-Hippocampus
-50.97630000000001 -4.982100000000003 -29.096000000000004 1 1 ctx-lh-middletemporal
-54.0 -4.0 -28.0 1 1 ctx-lh-superiortemporal
-61.0 -5.0 -21.0 1 1 ctx-lh-superiortemporal
-65.0 -5.0 -21.0 1 1 ctx-lh-superiortemporal
-26.732 -11.913200000000003 -36.0643 1 1 ctx-lh-parahippocampal
-29.0 -16.0 -37.0 1 1 ctx-lh-fusiform
-33.23750000000001 -20.085499999999996 -34.44300000000001 1 1 ctx-lh-fusiform
-36.49029999999999 -24.1721 -33.631699999999995 1 1 ctx-lh-fusiform
-39.7431 -28.257800000000003 -32.82060000000001 1 1 ctx-lh-fusiform
-42.995900000000006 -32.3442 -32.01050000000001 1 1 ctx-lh-inferiortemporal
-46.7491 -35.8527 -31.102599999999995 1 1 ctx-lh-inferiortemporal
-50.00200000000001 -39.9388 -30.291300000000007 1 1 ctx-lh-inferiortemporal
-53.7902 -43.9632 -29.52080000000001 1 1 ctx-lh-inferiortemporal
-57.543499999999995 -47.4717 -28.612899999999996 1 1 ctx-lh-inferiortemporal
-31.001599999999996 26.992400000000004 -18.76400000000001 1 1 ctx-lh-insula
-36.011799999999994 28.825400000000002 -16.610299999999995 1 1 ctx-lh-insula
-45.0 39.0 -15.0 1 1 ctx-lh-parstriangularis
-47.0 38.0 -16.0 1 1 ctx-lh-parstriangularis
-51.1114 33.29089999999999 -10.422599999999989 1 1 ctx-lh-parsopercularis
-56.1216 35.12350000000001 -8.269900000000007 1 1 ctx-lh-parsopercularis
-5.782000000000011 54.4521 -14.559200000000004 1 1 ctx-lh-rostralanteriorcingulate
-27.739599999999996 53.052400000000006 -15.009999999999991 1 1 ctx-lh-parstriangularis
-33.162800000000004 52.641400000000004 -15.681999999999988 1 1 ctx-lh-parstriangularis
-38.735299999999995 52.094300000000004 -15.303599999999989 1 1 ctx-lh-parstriangularis
-44.1934 51.16749999999999 -16.112899999999996 1 1 ctx-lh-parstriangularis
-49.23060000000001 50.55879999999999 -15.693700000000007 1 1 ctx-lh-parstriangularis
-1.5246999999999957 -45.751900000000006 0.8292000000000002 1 1 ctx-lh-precuneus
-7.027299999999997 -45.267799999999994 1.4816000000000003 1 1 ctx-lh-precuneus
-12.38130000000001 -44.64750000000001 1.0822000000000003 1 1 ctx-lh-precuneus
-17.882599999999996 -44.16380000000001 1.7335999999999956 1 1 ctx-lh-precuneus
-39.447400000000016 -41.81880000000001 1.1877999999999957 1 1 ctx-lh-inferiorparietal
-45.48429999999999 -41.27289999999999 1.7994999999999948 1 1 ctx-lh-inferiorparietal
-50.838300000000004 -40.65260000000001 1.4000999999999948 1 1 ctx-lh-supramarginal
-56.3408 -40.168499999999995 2.0524000000000058 1 1 ctx-lh-supramarginal
-12.858499999999992 56.47379999999998 -34.6173 1 1 ctx-lh-lateralorbitofrontal
-28.0154 48.0916 4.623800000000003 1 1 ctx-lh-rostralmiddlefrontal
-29.71289999999999 47.155399999999986 8.614000000000004 1 1 ctx-lh-rostralmiddlefrontal
-31.525000000000006 46.59870000000001 13.792100000000005 1 1 ctx-lh-rostralmiddlefrontal
22.559300000000007 14.256100000000004 -32.985000000000014 1 1 Right-Amygdala
28.061700000000002 13.772400000000005 -33.6362 1 1 Right-Amygdala
66.4414 12.265199999999993 -39.935599999999994 1 1 ctx-rh-middletemporal
67.8459 -10.213499999999996 -34.5624 1 1 ctx-rh-middletemporal
73.0167 -11.484499999999997 -33.24799999999999 1 1 ctx-rh-middletemporal
34.155100000000004 -3.4398000000000053 -30.824900000000014 1 1 Right-Hippocampus
37.362300000000005 -7.755499999999998 -29.39869999999999 1 1 Right-Hippocampus
57.0 -26.0 -28.0 1 1 ctx-rh-middletemporal
55.278400000000005 -27.742099999999994 -27.169100000000014 1 1 ctx-rh-middletemporal
61.0 -32.0 -26.0 1 1 ctx-rh-middletemporal
63.7778 -35.634 -27.21350000000001 1 1 ctx-rh-middletemporal
37.5369 31.215000000000003 -8.309799999999996 1 1 ctx-rh-parsopercularis
42.6434 32.85480000000001 -8.455099999999987 1 1 ctx-rh-parsopercularis
47.7148 33.97989999999999 -8.738100000000003 1 1 ctx-rh-parsopercularis
52.8214 35.619699999999995 -8.883499999999998 1 1 ctx-rh-parsopercularis
55.0 40.0 -7.0 1 1 ctx-rh-parstriangularis
11.5805 50.872900000000016 5.068700000000007 1 1 ctx-rh-superiorfrontal
27.712199999999996 50.04230000000001 6.540599999999998 1 1 ctx-rh-rostralmiddlefrontal
33.1011 49.93790000000001 7.076300000000003 1 1 ctx-rh-rostralmiddlefrontal
38.4902 49.83250000000001 7.612200000000001 1 1 ctx-rh-rostralmiddlefrontal
44.266400000000004 49.52969999999999 9.240200000000002 1 1 ctx-rh-rostralmiddlefrontal
49.6554 49.42529999999999 9.775900000000007 1 1 ctx-rh-rostralmiddlefrontal
10.3382 -37.4431 13.028300000000002 1 1 ctx-rh-precuneus
16.080399999999997 -38.2612 14.52000000000001 1 1 ctx-rh-precuneus
21.468500000000006 -38.3661 15.055700000000002 1 1 ctx-rh-precuneus
26.675299999999993 -39.122600000000006 16.5068 1 1 ctx-rh-superiorparietal
31.9157 -39.36359999999999 18.0942 1 1 ctx-rh-superiorparietal
36.5861 -40.05789999999999 19.5056 1 1 ctx-rh-inferiorparietal
42.3626 -40.36099999999999 21.1327 1 1 ctx-rh-inferiorparietal
47.03309999999999 -41.05539999999999 22.5441 1 1 ctx-rh-inferiorparietal
52.2739 -41.296400000000006 24.131500000000003 1 1 ctx-rh-inferiorparietal
57.3669 -41.67359999999999 26.7706 1 1 ctx-rh-inferiorparietal
23.7243 40.74629999999999 -38.157100000000014 1 1 ctx-rh-lateralorbitofrontal
25.377899999999997 41.49940000000001 -33.38059999999999 1 1 ctx-rh-lateralorbitofrontal
26.497199999999992 42.3151 -28.644800000000004 1 1 ctx-rh-lateralorbitofrontal
27.468000000000004 42.995000000000005 -22.857400000000013 1 1 ctx-rh-lateralorbitofrontal
29.0869 43.23230000000001 -18.2183 1 1 ctx-rh-lateralorbitofrontal
30.0 44.0 -13.0 1 1 ctx-rh-parstriangularis
32.2471 44.60339999999999 -7.614699999999999 1 1 ctx-rh-parstriangularis
34.0 42.0 -7.0 1 1 ctx-rh-parstriangularis
36.4212 45.244 7.315399999999997 1 1 ctx-rh-rostralmiddlefrontal
37.892300000000006 45.345500000000015 13.006200000000007 1 1 ctx-rh-rostralmiddlefrontal
36.9893 -36.899699999999996 -32.54310000000001 1 1 ctx-rh-fusiform
41.337 -40.30799999999999 -30.763900000000007 1 1 ctx-rh-fusiform
48.0 -45.0 -27.0 1 1 ctx-rh-lateraloccipital
55.0 -45.0 -29.0 1 1 ctx-rh-inferiortemporal
56.0 -47.0 -26.0 1 1 ctx-rh-inferiortemporal
59.0 -47.0 -24.0 1 1 ctx-rh-inferiortemporal
-14.23429999999999 11.057099999999991 -35.385999999999996 1 1 Left-Amygdala
-48.0 2.0 -19.0 1 1 ctx-lh-transversetemporal
-54.849199999999996 0.4883000000000095 -18.473099999999988 1 1 ctx-lh-superiortemporal
-42.2303 -7.890199999999993 -24.252399999999994 1 1 ctx-lh-superiortemporal
-46.759299999999996 -9.861500000000007 -23.072699999999998 1 1 ctx-lh-superiortemporal
-51.0 -14.0 -24.0 1 1 ctx-lh-middletemporal
-57.0 -14.0 -22.0 1 1 ctx-lh-middletemporal
-30.687000000000012 -19.29480000000001 -20.303500000000014 1 1 Left-Hippocampus
-63.47460000000001 -40.6074 -21.444500000000005 1 1 ctx-lh-middletemporal
-51.68369999999999 -23.500699999999995 -3.7058999999999855 1 1 ctx-lh-superiortemporal
-26.890299999999996 -22.0377 -28.133100000000013 1 1 ctx-lh-parahippocampal
-30.389199999999988 -24.869500000000002 -25.77000000000001 1 1 ctx-lh-parahippocampal
-41.0 -40.0 -19.0 1 1 ctx-lh-inferiortemporal
-48.0 -34.0 -12.0 1 1 ctx-lh-bankssts
-52.0 -36.0 -10.0 1 1 ctx-lh-bankssts
21.116 29.777600000000007 33.20869999999999 1 1 ctx-rh-superiorfrontal
21.846000000000004 30.410200000000003 40.1426 1 1 ctx-rh-superiorfrontal
22.250100000000003 31.448700000000002 45.8378 1 1 ctx-rh-superiorfrontal
23.247100000000003 32.9255 51.82340000000001 1 1 ctx-rh-superiorfrontal
34.0115 40.09479999999999 4.485199999999992 1 1 ctx-rh-rostralmiddlefrontal
30.566000000000003 44.75139999999999 15.81450000000001 1 1 ctx-rh-rostralmiddlefrontal
25.0 48.0 21.0 1 1 ctx-rh-superiorfrontal
29.0 48.0 26.0 1 1 ctx-rh-rostralmiddlefrontal
26.401399999999995 52.34379999999999 30.6366 1 1 ctx-rh-superiorfrontal
24.904600000000002 55.010699999999986 35.164199999999994 1 1 ctx-rh-superiorfrontal
37.0 14.0 -2.0 1 1 ctx-rh-insula
36.55680000000001 15.812999999999988 10.860299999999995 1 1 ctx-rh-caudalmiddlefrontal
36.92009999999999 16.345799999999997 16.36670000000001 1 1 ctx-rh-caudalmiddlefrontal
37.8356 16.810000000000002 21.975099999999998 1 1 ctx-rh-caudalmiddlefrontal
39.117999999999995 17.37299999999999 29.010899999999992 1 1 ctx-rh-caudalmiddlefrontal
39.481300000000005 17.905699999999996 34.5175 1 1 ctx-rh-caudalmiddlefrontal
40.9491 18.300399999999996 40.227900000000005 1 1 ctx-rh-caudalmiddlefrontal
7.0 30.0 18.0 1 1 ctx-rh-caudalanteriorcingulate
13.473100000000002 26.43610000000001 23.731099999999998 1 1 ctx-rh-superiorfrontal
39.69200000000001 15.111099999999993 27.032399999999996 1 1 ctx-rh-caudalmiddlefrontal
45.1323 13.4058 27.6742 1 1 ctx-rh-precentral
50.3056 10.857400000000013 29.264499999999998 1 1 ctx-rh-precentral
55.1529 8.715000000000003 29.616299999999995 1 1 ctx-rh-precentral
57.0 11.0 29.0 1 1 ctx-rh-precentral
20.478800000000007 -7.239100000000008 26.491100000000003 1 1 ctx-rh-paracentral
-37.17099999999999 10.149499999999989 -30.13159999999999 1 1 ctx-lh-insula
-42.78460000000001 9.103700000000003 -30.7406 1 1 ctx-lh-superiortemporal
-47.833 8.8981 -30.408199999999994 1 1 ctx-lh-superiortemporal
-53.41320000000002 8.955600000000004 -28.973000000000013 1 1 ctx-lh-superiortemporal
-57.0 10.0 -26.0 1 1 ctx-lh-superiortemporal
-63.45690000000002 7.481400000000008 -28.134800000000013 1 1 ctx-lh-middletemporal
-34.06729999999999 3.5914999999999964 -30.34530000000001 1 1 ctx-lh-insula
-39.061499999999995 2.322800000000001 -29.839400000000012 1 1 ctx-lh-superiortemporal
-44.0582 0.23519999999999186 -30.312900000000013 1 1 ctx-lh-superiortemporal
-50.0 0.0 -32.0 1 1 ctx-lh-middletemporal
-55.0 -3.0 -30.0 1 1 ctx-lh-middletemporal
-59.04339999999999 -4.390600000000006 -29.77430000000001 1 1 ctx-lh-middletemporal
-17.2517 -21.178799999999995 -18.331999999999994 1 1 Left-Hippocampus
-22.331199999999995 -21.669600000000003 -19.063999999999993 1 1 Left-Hippocampus
-27.97139999999999 -22.183300000000003 -19.75890000000001 1 1 Left-Hippocampus
-33.05090000000001 -22.674000000000007 -20.490800000000007 1 1 Left-Hippocampus
-53.95859999999999 -24.9456 -24.4486 1 1 ctx-lh-middletemporal
-59.03800000000001 -25.436399999999992 -25.180499999999995 1 1 ctx-lh-middletemporal
-44.858000000000004 7.454599999999999 -28.11760000000001 1 1 ctx-lh-superiortemporal
-49.4503 11.03649999999999 -26.209599999999995 1 1 ctx-lh-superiortemporal
-53.48419999999999 13.823700000000002 -25.317499999999995 1 1 ctx-lh-superiortemporal
-57.51820000000001 16.609499999999997 -24.42609999999999 1 1 ctx-lh-superiortemporal
-31.72229999999999 -13.554500000000004 -5.367799999999988 1 1 ctx-lh-transversetemporal
-36.857 -12.981300000000005 -6.273500000000013 1 1 ctx-lh-transversetemporal
-41.48509999999999 -11.320899999999995 -7.388000000000005 1 1 ctx-lh-transversetemporal
-48.0 -11.0 -10.0 1 1 ctx-lh-superiortemporal
-51.80760000000001 -9.1096 -9.370200000000011 1 1 ctx-lh-superiortemporal
-56.97 -8.004199999999997 -10.36160000000001 1 1 ctx-lh-superiortemporal
-61.57050000000001 -6.875500000000002 -11.389499999999998 1 1 ctx-lh-superiortemporal
-36.502700000000004 -20.717 -6.128999999999991 1 1 ctx-lh-superiortemporal
-42.11279999999999 -20.9448 -5.758299999999991 1 1 ctx-lh-superiortemporal
-47.10470000000001 -21.3964 -4.274799999999999 1 1 ctx-lh-superiortemporal
-52.12540000000001 -22.133700000000005 -3.855700000000013 1 1 ctx-lh-superiortemporal
-57.705600000000004 -22.07589999999999 -2.4207999999999856 1 1 ctx-lh-superiortemporal
-62.72749999999999 -22.81309999999999 -2.001499999999993 1 1 ctx-lh-superiortemporal
-34.48939999999999 25.722399999999993 -16.1558 1 1 ctx-lh-insula
-38.91470000000001 26.929599999999994 -12.75139999999999 1 1 ctx-lh-parsopercularis
-42.7782 28.158199999999994 -9.38470000000001 1 1 ctx-lh-parsopercularis
-47.17580000000001 28.832899999999995 -5.893100000000004 1 1 ctx-lh-parsopercularis
-51.0128 29.529799999999994 -2.439799999999991 1 1 ctx-lh-parsopercularis
-55.941 30.467899999999986 2.1529999999999916 1 1 ctx-lh-parsopercularis
-29.704700000000003 4.444299999999998 -5.122399999999999 1 1 ctx-lh-insula
-35.344899999999996 3.9307000000000016 -5.817200000000014 1 1 ctx-lh-insula
-40.92750000000001 3.1707999999999856 -5.360900000000015 1 1 ctx-lh-postcentral
-45.979299999999995 2.1477999999999895 -6.007200000000012 1 1 ctx-lh-postcentral
-49.0 0.0 -4.0 1 1 ctx-lh-postcentral
-56.07830000000001 1.7373000000000047 -5.341200000000015 1 1 ctx-lh-postcentral
-61.7184 1.2246000000000095 -6.0364999999999895 1 1 ctx-lh-postcentral
-34.0 29.0 -50.0 1 1 ctx-lh-temporalpole
-34.0 26.0 -49.0 1 1 ctx-lh-temporalpole
-37.65379999999999 21.683400000000006 -43.1506 1 1 ctx-lh-superiortemporal
-37.96469999999999 17.688299999999998 -41.358000000000004 1 1 ctx-lh-superiortemporal
-38.217899999999986 13.448299999999989 -38.413700000000006 1 1 ctx-lh-superiortemporal
-37.91399999999999 8.411900000000003 -36.484399999999994 1 1 ctx-lh-superiortemporal
-38.22489999999999 4.418299999999988 -34.69139999999999 1 1 ctx-lh-superiortemporal
-38.47919999999999 0.17689999999998918 -31.747500000000002 1 1 ctx-lh-superiortemporal
-44.0 -12.0 -40.0 1 1 ctx-lh-inferiortemporal
-48.91290000000001 -11.586600000000004 -38.0959 1 1 ctx-lh-inferiortemporal
-52.697 -12.771600000000007 -35.44839999999999 1 1 ctx-lh-inferiortemporal
-57.6037 -14.002200000000002 -32.72659999999999 1 1 ctx-lh-middletemporal
-61.979600000000005 -15.4953 -31.106300000000005 1 1 ctx-lh-middletemporal
-66.3244 -16.70320000000001 -28.421600000000012 1 1 ctx-lh-middletemporal
0.0 -28.0 31.0 1 1 ctx-lh-precuneus
-3.0996000000000095 -28.353700000000003 31.0334 1 1 ctx-lh-precuneus
-8.712199999999996 -29.399500000000003 30.424300000000002 1 1 ctx-lh-precuneus
-13.76169999999999 -29.604799999999997 30.756699999999995 1 1 ctx-lh-precuneus
-24.0 -34.0 29.0 1 1 ctx-lh-superiorparietal
-24.450199999999995 -30.323099999999997 30.395200000000003 1 1 ctx-lh-superiorparietal
-29.49969999999999 -30.528500000000008 30.727499999999992 1 1 ctx-lh-superiorparietal
-34.55160000000001 -31.551600000000008 30.0813 1 1 ctx-lh-superiorparietal
-42.0 -33.0 30.0 1 1 ctx-lh-inferiorparietal
-44.0 -33.0 31.0 1 1 ctx-lh-inferiorparietal
-41.177899999999994 -14.223100000000002 10.898600000000002 1 1 ctx-lh-supramarginal
-46.197400000000016 -14.142600000000002 12.296400000000006 1 1 ctx-lh-supramarginal
-51.2157 -14.061999999999998 13.694000000000003 1 1 ctx-lh-supramarginal
-56.79939999999999 -14.822599999999994 14.149500000000003 1 1 ctx-lh-supramarginal
-61.817800000000005 -14.742099999999994 15.547200000000004 1 1 ctx-lh-supramarginal
-17.718099999999993 13.653300000000002 -26.03219999999999 1 1 Left-Pallidum
-54.20570000000001 7.911300000000011 -44.00319999999999 1 1 ctx-lh-middletemporal
-60.0 6.0 -43.0 1 1 ctx-lh-middletemporal
-64.0 5.0 -42.0 1 1 ctx-lh-middletemporal
-65.0 5.0 -41.0 1 1 ctx-lh-middletemporal
-54.0 -4.0 -28.0 1 1 ctx-lh-superiortemporal
-64.0 -8.0 -20.0 1 1 ctx-lh-superiortemporal
-65.0 -11.0 -18.0 1 1 ctx-lh-superiortemporal
-67.0 -11.0 -17.0 1 1 ctx-lh-superiortemporal
-21.189999999999998 -12.883600000000001 -29.99969999999999 1 1 Left-Hippocampus
-36.444500000000005 -21.524200000000008 -25.00229999999999 1 1 Left-Hippocampus
-51.80439999999999 -30.779799999999994 -21.087099999999992 1 1 ctx-lh-middletemporal
-56.87979999999999 -33.652 -19.804699999999997 1 1 ctx-lh-middletemporal
-60.0 -31.0 -16.0 1 1 ctx-lh-bankssts
-63.0 -32.0 -12.0 1 1 ctx-lh-bankssts
-63.0 -32.0 -12.0 1 1 ctx-lh-bankssts
-42.0 -29.0 -39.0 1 1 ctx-lh-fusiform
-45.94630000000001 -31.7081 -36.8253 1 1 ctx-lh-inferiortemporal
-48.88849999999999 -36.4555 -34.096299999999985 1 1 ctx-lh-inferiortemporal
-58.0 -41.0 -27.0 1 1 ctx-lh-middletemporal
-54.1969 -46.1181 -27.44919999999999 1 1 ctx-lh-inferiortemporal
-57.774699999999996 -50.7487 -23.61099999999999 1 1 ctx-lh-inferiortemporal
-60.11180000000002 -55.638400000000004 -20.842099999999988 1 1 ctx-lh-inferiortemporal
-58.0 -51.0 -14.0 1 1 ctx-lh-middletemporal
-49.48070000000001 -14.821200000000005 -36.60990000000001 1 1 ctx-lh-inferiortemporal
-55.4744 -16.101699999999994 -36.69460000000001 1 1 ctx-lh-inferiortemporal
-62.0 -17.0 -37.0 1 1 ctx-lh-middletemporal
-67.3013 -17.997100000000003 -38.08260000000001 1 1 ctx-lh-middletemporal
-73.2962 -19.278999999999996 -38.16669999999999 1 1 ctx-lh-middletemporal
-45.0 -23.0 -4.0 1 1 ctx-lh-superiortemporal
-57.0 -33.0 -2.0 1 1 ctx-lh-superiortemporal
-59.0 -32.0 -5.0 1 1 ctx-lh-superiortemporal
-64.16140000000001 -33.66929999999999 -6.307999999999993 1 1 ctx-lh-superiortemporal
-70.6302 -34.1674 -6.500699999999995 1 1 ctx-lh-superiortemporal
-1.0 -33.0 11.0 1 1 ctx-lh-isthmuscingulate
-5.8887 -36.3976 13.480800000000002 1 1 ctx-lh-precuneus
-11.616299999999995 -36.3973 13.259199999999993 1 1 ctx-lh-precuneus
-23.917 -37.51050000000001 11.763599999999997 1 1 ctx-lh-superiorparietal
-29.644599999999997 -37.5103 11.541899999999998 1 1 ctx-lh-superiorparietal
-49.0 -38.0 8.0 1 1 ctx-lh-supramarginal
-50.0 -39.0 9.0 1 1 ctx-lh-supramarginal
-53.22210000000001 -40.712199999999996 10.998599999999996 1 1 ctx-lh-supramarginal
-0.3480999999999881 61.112899999999996 -23.93690000000001 1 1 ctx-lh-rostralanteriorcingulate
-6.371100000000013 59.806700000000006 -22.871499999999997 1 1 ctx-lh-rostralanteriorcingulate
-35.213899999999995 53.042 -19.764199999999988 1 1 ctx-lh-parstriangularis
-41.07400000000001 52.40190000000001 -19.91720000000001 1 1 ctx-lh-parstriangularis
-47.09710000000001 51.095699999999994 -18.851699999999994 1 1 ctx-lh-parstriangularis
-53.12020000000001 49.789500000000004 -17.78630000000001 1 1 ctx-lh-parstriangularis
-59.141999999999996 48.48339999999999 -16.720799999999997 1 1 ctx-lh-parstriangularis
-36.4554 1.511400000000009 -10.434799999999996 1 1 ctx-lh-insula
-41.0 3.0 -11.0 1 1 ctx-lh-insula
-48.622299999999996 1.0389000000000124 -11.999300000000005 1 1 ctx-lh-transversetemporal
-51.0 0.0 -12.0 1 1 ctx-lh-transversetemporal
-60.65699999999998 1.2069999999999936 -13.632000000000005 1 1 ctx-lh-superiortemporal
-66.35640000000001 1.2327999999999975 -15.003800000000012 1 1 ctx-lh-superiortemporal
-72.2176 0.5926000000000045 -15.1567 1 1 ctx-lh-superiortemporal
-38.81639999999999 29.1593 -21.74520000000001 1 1 ctx-lh-insula
-40.0 30.0 -25.0 1 1 ctx-lh-insula
-40.0 31.0 -26.0 1 1 ctx-lh-insula
-52.0 40.0 -20.0 1 1 ctx-lh-parstriangularis
-60.2508 38.9855 -27.150000000000006 1 1 ctx-lh-parstriangularis
-5.0 41.0 -46.0 1 1 ctx-lh-medialorbitofrontal
-8.0 41.0 -40.0 1 1 ctx-lh-medialorbitofrontal
-15.2697 42.8912 -38.48779999999999 1 1 ctx-lh-lateralorbitofrontal
-16.0 37.0 -27.0 1 1 Left-Caudate
-20.0 35.0 -25.0 1 1 Left-Putamen
-29.0146 48.96379999999999 -21.35069999999999 1 1 ctx-lh-lateralorbitofrontal
-32.608000000000004 50.38290000000001 -18.209000000000003 1 1 ctx-lh-parstriangularis
-36.361999999999995 51.1361 -13.848800000000011 1 1 ctx-lh-parstriangularis
-37.0 54.0 -10.0 1 1 ctx-lh-rostralmiddlefrontal
-44.2114 54.06639999999999 -5.305700000000002 1 1 ctx-lh-rostralmiddlefrontal
-31.0 41.0 -42.0 1 1 ctx-lh-lateralorbitofrontal
-33.0 37.0 -44.0 1 1 ctx-lh-lateralorbitofrontal
-32.0 23.0 -44.0 1 1 ctx-lh-insula
-33.0 22.0 -43.0 1 1 ctx-lh-insula
-19.07140000000001 2.713099999999997 -37.76920000000001 1 1 Left-Hippocampus
-24.74860000000001 3.3899999999999864 -36.88380000000001 1 1 Left-Hippocampus
-29.95349999999999 3.174599999999998 -34.91120000000001 1 1 Left-Hippocampus
-35.0 2.0 -36.0 1 1 Left-Hippocampus
-40.85900000000001 4.137499999999989 -31.8887 1 1 ctx-lh-superiortemporal
-46.615999999999985 3.9276000000000124 -29.9794 1 1 ctx-lh-superiortemporal
-51.844300000000004 4.212400000000002 -27.8433 1 1 ctx-lh-superiortemporal
-36.2088 -17.6751 -23.994799999999998 1 1 Left-Hippocampus
-47.0 -19.0 -23.0 1 1 ctx-lh-middletemporal
-51.0 -23.0 -22.0 1 1 ctx-lh-middletemporal
-57.0 -27.0 -25.0 1 1 ctx-lh-middletemporal
-61.0 -29.0 -25.0 1 1 ctx-lh-middletemporal
-42.815499999999986 -33.927400000000006 -22.212099999999992 1 1 ctx-lh-inferiortemporal
-47.50119999999998 -36.0359 -19.480500000000006 1 1 ctx-lh-inferiortemporal
-52.0 -39.0 -19.0 1 1 ctx-lh-inferiortemporal
-53.0 -41.0 -18.0 1 1 ctx-lh-inferiortemporal
-60.95830000000001 -43.3682 -11.551600000000008 1 1 ctx-lh-middletemporal
21.783299999999997 11.420999999999992 -34.05760000000001 1 1 Right-Amygdala
27.494500000000002 12.631699999999995 -35.64009999999999 1 1 Right-Amygdala
33.102900000000005 13.455600000000004 -36.03389999999999 1 1 Right-Amygdala
38.68860000000001 14.781000000000006 -36.2655 1 1 ctx-rh-insula
44.40010000000001 15.9906 -37.8467 1 1 ctx-rh-superiortemporal
50.008700000000005 16.814600000000013 -38.24170000000001 1 1 ctx-rh-superiortemporal
55.6404 17.139399999999995 -38.800399999999996 1 1 ctx-rh-middletemporal
60.6733 18.470400000000012 -39.093999999999994 1 1 ctx-rh-middletemporal
42.0 3.0 -28.0 1 1 ctx-rh-superiortemporal
47.36760000000001 -0.027999999999991587 -30.879099999999994 1 1 ctx-rh-superiortemporal
52.770700000000005 0.025000000000005684 -28.89949999999999 1 1 ctx-rh-superiortemporal
58.0 3.0 -25.0 1 1 ctx-rh-superiortemporal
63.0 2.0 -24.0 1 1 ctx-rh-superiortemporal
69.5789 -0.8221999999999952 -23.224199999999996 1 1 ctx-rh-superiortemporal
37.0 -21.0 -29.0 1 1 ctx-rh-fusiform
56.0 -33.0 -24.0 1 1 ctx-rh-inferiortemporal
59.0 -36.0 -22.0 1 1 ctx-rh-inferiortemporal
63.43889999999999 -36.179100000000005 -17.120499999999993 1 1 ctx-rh-middletemporal
68.4272 -39.1225 -16.187099999999987 1 1 ctx-rh-middletemporal
48.9251 2.3488000000000113 -60.44229999999999 1 1 ctx-rh-inferiortemporal
52.4303 -0.23810000000000286 -55.580600000000004 1 1 ctx-rh-inferiortemporal
55.9123 -2.324700000000007 -50.55539999999999 1 1 ctx-rh-inferiortemporal
60.0731 -4.531499999999994 -46.81790000000001 1 1 ctx-rh-inferiortemporal
65.0 -6.0 -39.0 1 1 ctx-rh-middletemporal
67.1862 -9.3185 -38.2808 1 1 ctx-rh-middletemporal
70.6912 -11.9054 -33.41900000000001 1 1 ctx-rh-middletemporal
74.2992 -14.105599999999995 -29.7449 1 1 ctx-rh-middletemporal
49.0 -23.0 -43.0 1 1 ctx-rh-fusiform
50.0 -29.0 -38.0 1 1 ctx-rh-fusiform
56.389700000000005 -29.071799999999996 -32.84389999999999 1 1 ctx-rh-inferiortemporal
58.3052 -33.141099999999994 -28.662299999999988 1 1 ctx-rh-inferiortemporal
60.2205 -37.21039999999999 -24.480700000000013 1 1 ctx-rh-inferiortemporal
62.0 -40.0 -20.0 1 1 ctx-rh-middletemporal
64.6044 -45.3553 -16.054300000000012 1 1 ctx-rh-middletemporal
46.0 34.0 -34.0 1 1 ctx-rh-superiortemporal
49.9246 33.729299999999995 -22.003299999999996 1 1 ctx-rh-parsopercularis
53.4405 33.53030000000001 -17.672799999999995 1 1 ctx-rh-parsopercularis
57.40639999999999 32.9393 -12.092899999999986 1 1 ctx-rh-parsopercularis
61.4751 32.7337 -7.700299999999999 1 1 ctx-rh-parsopercularis
41.0522 5.564600000000013 -17.810399999999987 1 1 ctx-rh-insula
45.2238 5.745699999999999 -14.605400000000003 1 1 ctx-rh-insula
50.0 8.0 -9.0 1 1 ctx-rh-postcentral
53.91409999999999 5.3279 -5.756900000000002 1 1 ctx-rh-postcentral
58.63849999999999 5.502399999999994 -2.4898000000000025 1 1 ctx-rh-postcentral
62.1314 5.803799999999995 2.0041999999999973 1 1 ctx-rh-postcentral
66.7301 6.093099999999993 6.623400000000004 1 1 ctx-rh-postcentral
6.7239 -29.870599999999996 15.492199999999997 1 1 ctx-rh-isthmuscingulate
40.41640000000001 -32.1335 20.0244 1 1 ctx-rh-inferiorparietal
46.418499999999995 -33.0874 21.739199999999997 1 1 ctx-rh-inferiorparietal
51.9473 -33.149100000000004 22.3681 1 1 ctx-rh-inferiorparietal
62.0 -29.0 14.0 1 1 ctx-rh-supramarginal
64.0 -28.0 15.0 1 1 ctx-rh-supramarginal
-30.248899999999992 -39.903400000000005 32.5543 1 1 ctx-lh-superiorparietal
-32.2184 -42.02160000000001 37.2692 1 1 ctx-lh-superiorparietal
22.0094 -1.8371999999999957 -40.38130000000001 1 1 Right-Hippocampus
27.486800000000002 -1.9172000000000082 -39.35310000000001 1 1 Right-Hippocampus
32.505300000000005 -2.4476999999999975 -38.6482 1 1 Right-Hippocampus
55.0 -4.0 -39.0 1 1 ctx-rh-inferiortemporal
56.0 -6.0 -38.0 1 1 ctx-rh-inferiortemporal
62.8023 -4.689899999999994 -32.656499999999994 1 1 ctx-rh-middletemporal
67.7823 -4.762900000000002 -31.7217 1 1 ctx-rh-middletemporal
73.2604 -4.843999999999994 -30.693299999999994 1 1 ctx-rh-middletemporal
41.3065 6.587099999999992 -8.661200000000008 1 1 ctx-rh-insula
46.16759999999999 5.174499999999995 -7.206299999999999 1 1 ctx-rh-postcentral
50.9906 4.218500000000006 -5.521199999999993 1 1 ctx-rh-postcentral
55.0 -1.0 -4.0 1 1 ctx-rh-supramarginal
12.0 35.0 -41.0 1 1 ctx-rh-lateralorbitofrontal
14.562399999999997 34.452499999999986 -36.59870000000001 1 1 ctx-rh-lateralorbitofrontal
17.079899999999995 34.977900000000005 -30.871700000000004 1 1 ctx-rh-lateralorbitofrontal
18.8716 35.030399999999986 -26.773799999999994 1 1 Right-Putamen
30.0 44.0 -14.0 1 1 ctx-rh-lateralorbitofrontal
43.95519999999999 42.54339999999999 -11.762 1 1 ctx-rh-parstriangularis
49.0111 41.5573 -11.287399999999991 1 1 ctx-rh-parstriangularis
55.0 44.0 -10.0 1 1 ctx-rh-parstriangularis
58.0 44.0 -12.0 1 1 ctx-rh-parstriangularis
5.0 13.0 32.0 1 1 ctx-rh-superiorfrontal
7.0 12.0 32.0 1 1 ctx-rh-superiorfrontal
11.903099999999995 8.830899999999986 28.9345 1 1 ctx-rh-superiorfrontal
27.541300000000007 8.521999999999991 28.107799999999997 1 1 ctx-rh-precentral
32.7543 8.41810000000001 27.832400000000007 1 1 ctx-rh-precentral
38.465 8.3082 27.650000000000006 1 1 ctx-rh-precentral
43.1798 8.211999999999989 27.280200000000008 1 1 ctx-rh-precentral
48.8905 8.102100000000007 27.097800000000007 1 1 ctx-rh-precentral
-10.831500000000005 9.6875 -30.391500000000008 1 1 Left-Amygdala
-16.1644 9.513200000000012 -31.2646 1 1 Left-Amygdala
-22.42840000000001 9.42349999999999 -32.085499999999996 1 1 Left-Amygdala
-26.403400000000005 9.237400000000008 -31.9127 1 1 Left-Amygdala
-38.0 9.0 -33.0 1 1 ctx-lh-superiortemporal
-47.0 9.0 -36.0 1 1 ctx-lh-middletemporal
-49.0 8.0 -35.0 1 1 ctx-lh-middletemporal
-52.8972 9.120900000000006 -33.98609999999999 1 1 ctx-lh-middletemporal
-59.161100000000005 9.031299999999987 -34.80690000000001 1 1 ctx-lh-middletemporal
-64.4941 8.856799999999993 -35.681100000000015 1 1 ctx-lh-middletemporal
-20.644200000000012 -2.2905999999999977 -30.036599999999993 1 1 Left-Hippocampus
-25.47829999999999 -3.749600000000001 -28.84020000000001 1 1 Left-Hippocampus
-30.561199999999985 -5.735299999999995 -27.685599999999994 1 1 Left-Hippocampus
-44.0 -11.0 -25.0 1 1 ctx-lh-middletemporal
-45.0 -10.0 -25.0 1 1 ctx-lh-middletemporal
-51.0 -14.0 -24.0 1 1 ctx-lh-middletemporal
-55.0 -14.0 -23.0 1 1 ctx-lh-middletemporal
-59.388300000000015 -14.943200000000004 -19.447399999999988 1 1 ctx-lh-middletemporal
-64.61509999999998 -16.549999999999997 -18.246800000000007 1 1 ctx-lh-middletemporal
-69.41730000000001 -18.082700000000003 -15.945799999999991 1 1 ctx-lh-middletemporal
-21.0 -17.0 -24.0 1 1 Left-Hippocampus
-25.34710000000001 -18.1575 -22.53370000000001 1 1 Left-Hippocampus
-30.004199999999997 -20.0693 -20.278899999999993 1 1 Left-Hippocampus
-38.924199999999985 -23.7466 -15.773300000000006 1 1 ctx-lh-bankssts
-43.5813 -25.6588 -13.518399999999986 1 1 ctx-lh-bankssts
-48.238200000000006 -27.570999999999998 -11.263499999999993 1 1 ctx-lh-bankssts
-52.75020000000001 -29.862099999999998 -9.054699999999997 1 1 ctx-lh-bankssts
-55.0 -35.0 -8.0 1 1 ctx-lh-middletemporal
-62.0 -34.0 -8.0 1 1 ctx-lh-middletemporal
-7.648799999999994 61.80360000000002 10.447199999999995 1 1 ctx-lh-superiorfrontal
-8.459000000000003 62.80169999999998 16.156499999999994 1 1 ctx-lh-superiorfrontal
-22.8921 28.117199999999997 -50.1824 1 1 ctx-lh-temporalpole
-28.19319999999999 27.868899999999996 -49.952 1 1 ctx-lh-temporalpole
-33.492999999999995 27.61959999999999 -49.72139999999999 1 1 ctx-lh-temporalpole
-34.0 27.0 -50.0 1 1 ctx-lh-temporalpole
-38.0 30.0 -54.0 1 1 ctx-lh-temporalpole
-47.0 28.0 -50.0 1 1 ctx-lh-superiortemporal
-49.0 30.0 -48.0 1 1 ctx-lh-superiortemporal
-23.121100000000013 48.90559999999999 -32.4436 1 1 ctx-lh-lateralorbitofrontal
-23.714200000000005 50.503299999999996 -27.797200000000004 1 1 ctx-lh-lateralorbitofrontal
-24.840100000000007 57.191 -7.012499999999989 1 1 ctx-lh-rostralmiddlefrontal
-25.007299999999987 58.86279999999999 -1.2659999999999911 1 1 ctx-lh-rostralmiddlefrontal
-25.567399999999992 60.387 4.485900000000001 1 1 ctx-lh-rostralmiddlefrontal
-25.76660000000001 62.13290000000001 9.128699999999995 1 1 ctx-lh-rostralmiddlefrontal
-25.933899999999994 63.8048 14.876000000000005 1 1 ctx-lh-rostralmiddlefrontal
-26.494200000000006 65.3298 20.6271 1 1 ctx-lh-rostralmiddlefrontal
-11.0 51.0 9.0 1 1 ctx-lh-superiorfrontal
-18.0 51.0 17.0 1 1 ctx-lh-superiorfrontal
-25.161900000000003 54.74379999999999 17.246800000000007 1 1 ctx-lh-rostralmiddlefrontal
-29.223900000000015 55.9975 20.91239999999999 1 1 ctx-lh-rostralmiddlefrontal
-33.31909999999999 57.32589999999999 23.473600000000005 1 1 ctx-lh-rostralmiddlefrontal
-0.8988999999999976 4.153099999999995 15.325199999999995 1 1 ctx-lh-posteriorcingulate
-6.599899999999991 4.967500000000001 16.7975 1 1 ctx-lh-posteriorcingulate
-11.764099999999985 5.549900000000008 18.22 1 1 ctx-lh-posteriorcingulate
-25.712199999999996 7.959399999999988 21.36789999999999 1 1 ctx-lh-precentral
-30.875100000000003 8.54079999999999 22.79050000000001 1 1 ctx-lh-precentral
-36.5762 9.355199999999996 24.2628 1 1 ctx-lh-precentral
-41.49119999999999 10.46350000000001 25.727499999999992 1 1 ctx-lh-precentral
-47.19229999999999 11.277999999999992 27.199600000000004 1 1 ctx-lh-precentral
15.520799999999994 53.6439 -37.16229999999999 1 1 ctx-rh-lateralorbitofrontal
17.359899999999996 56.15960000000001 -10.269100000000009 1 1 ctx-rh-rostralanteriorcingulate
17.2337 56.548 -4.655900000000003 1 1 ctx-rh-superiorfrontal
21.0 59.0 11.0 1 1 ctx-rh-rostralmiddlefrontal
18.2821 58.6789 12.214799999999997 1 1 ctx-rh-superiorfrontal
18.548900000000003 59.213300000000004 17.824399999999997 1 1 ctx-rh-superiorfrontal
21.062799999999996 53.29079999999999 -34.12479999999999 1 1 ctx-rh-lateralorbitofrontal
22.542500000000004 54.193299999999994 -27.42259999999999 1 1 ctx-rh-lateralorbitofrontal
29.5693 59.5994 -1.596900000000005 1 1 ctx-rh-rostralmiddlefrontal
30.871899999999997 60.9547 4.047300000000007 1 1 ctx-rh-rostralmiddlefrontal
32.141999999999996 62.383700000000005 8.586799999999997 1 1 ctx-rh-rostralmiddlefrontal
33.5894 63.35910000000001 14.184799999999996 1 1 ctx-rh-rostralmiddlefrontal
35.03649999999999 64.33539999999999 19.7825 1 1 ctx-rh-rostralmiddlefrontal
9.428899999999999 41.685100000000006 -2.4676000000000045 1 1 ctx-rh-caudalanteriorcingulate
33.33 52.17660000000001 5.252499999999998 1 1 ctx-rh-rostralmiddlefrontal
37.939899999999994 54.245599999999996 6.356400000000008 1 1 ctx-rh-rostralmiddlefrontal
42.9757 56.387400000000014 8.560699999999997 1 1 ctx-rh-rostralmiddlefrontal
47.191900000000004 58.310400000000016 9.668300000000002 1 1 ctx-rh-rostralmiddlefrontal
36.0 -3.0 -17.0 1 1 ctx-rh-insula
37.9464 -5.622100000000003 -19.161699999999996 1 1 ctx-rh-insula
42.677899999999994 -8.483100000000007 -19.503600000000006 1 1 ctx-rh-superiortemporal
47.0 -12.0 -22.0 1 1 ctx-rh-middletemporal
52.0741 -14.277199999999993 -21.365499999999997 1 1 ctx-rh-middletemporal
55.0 -18.0 -22.0 1 1 ctx-rh-bankssts
60.844899999999996 -19.4884 -24.3921 1 1 ctx-rh-middletemporal
64.9522 -22.29249999999999 -24.6644 1 1 ctx-rh-middletemporal
69.6837 -25.152500000000003 -25.005300000000005 1 1 ctx-rh-middletemporal
34.0 30.0 -17.0 1 1 ctx-rh-insula
37.8685 27.3921 -19.1995 1 1 ctx-rh-insula
43.0 26.0 -17.0 1 1 ctx-rh-parsopercularis
48.346900000000005 25.75659999999999 -21.494 1 1 ctx-rh-parsopercularis
53.0 23.0 -20.0 1 1 ctx-rh-precentral
57.0 25.0 -19.0 1 1 ctx-rh-precentral
60.0 25.0 -18.0 1 1 ctx-rh-precentral
53.4289 -3.156400000000005 -45.020700000000005 1 1 ctx-rh-inferiortemporal
58.4876 -3.005600000000001 -45.62209999999999 1 1 ctx-rh-inferiortemporal
16.728300000000004 13.457999999999998 -43.158000000000015 1 1 Right-Amygdala
43.9747 -29.468999999999994 -47.94659999999999 1 1 ctx-rh-fusiform
48.7439 -38.86240000000001 -45.42349999999999 1 1 ctx-rh-fusiform
53.02109999999999 -47.522499999999994 -41.702499999999986 1 1 ctx-rh-fusiform
38.0 11.0 -18.0 1 1 ctx-rh-insula
41.230999999999995 9.770999999999987 -13.518699999999995 1 1 ctx-rh-insula
45.1773 9.127900000000011 -9.15700000000001 1 1 ctx-rh-postcentral
49.0569 8.411100000000005 -5.976200000000006 1 1 ctx-rh-postcentral
53.06870000000001 8.3716 -1.6670000000000016 1 1 ctx-rh-postcentral
56.94839999999999 7.653899999999993 1.5140999999999991 1 1 ctx-rh-postcentral
60.8947 7.0116999999999905 5.875399999999999 1 1 ctx-rh-postcentral
64.8411 6.369400000000013 10.236500000000007 1 1 ctx-rh-postcentral
49.0 -24.0 -35.0 1 1 ctx-rh-inferiortemporal
52.3266 -27.0651 -38.35499999999999 1 1 ctx-rh-inferiortemporal
56.3673 -29.943700000000007 -39.80869999999999 1 1 ctx-rh-inferiortemporal
60.4079 -32.822 -41.261300000000006 1 1 ctx-rh-inferiortemporal
16.418300000000002 41.3681 -10.56620000000001 1 1 Right-Caudate
32.417500000000004 42.518 -10.129799999999989 1 1 ctx-rh-parstriangularis
37.5428 42.74430000000001 -9.550999999999988 1 1 ctx-rh-parstriangularis
43.2924 42.91409999999999 -9.040500000000009 1 1 ctx-rh-parstriangularis
48.351 43.065 -9.641500000000008 1 1 ctx-rh-parstriangularis
54.1005 43.234700000000004 -9.131100000000004 1 1 ctx-rh-parstriangularis
59.7833 43.329999999999984 -9.800999999999988 1 1 ctx-rh-parstriangularis
33.8364 -30.100899999999996 -33.588599999999985 1 1 ctx-rh-fusiform
35.25200000000001 -35.0142 -32.19739999999999 1 1 ctx-rh-fusiform
36.7345 -39.85300000000001 -29.627100000000013 1 1 ctx-rh-fusiform
37.59139999999999 -44.10759999999999 -28.219300000000004 1 1 ctx-rh-fusiform
40.4894 -53.85980000000001 -24.257800000000003 1 1 ctx-rh-lateraloccipital
41.4131 -58.040000000000006 -21.670999999999992 1 1 ctx-rh-lateraloccipital
42.8287 -62.9533 -20.27969999999999 1 1 ctx-rh-lateraloccipital
44.3112 -67.7922 -17.709399999999988 1 1 ctx-rh-lateraloccipital
45.7268 -72.7055 -16.318099999999987 1 1 ctx-rh-lateraloccipital
33.0081 37.2937 -50.3938 1 1 ctx-rh-temporalpole
38.0 35.0 -48.0 1 1 ctx-rh-superiortemporal
41.979 32.30680000000001 -49.8801 1 1 ctx-rh-superiortemporal
46.71039999999999 29.445999999999998 -50.2208 1 1 ctx-rh-superiortemporal
51.574 27.262400000000014 -49.4333 1 1 ctx-rh-middletemporal
56.37219999999999 24.477000000000004 -48.5941 1 1 ctx-rh-middletemporal
60.5449 22.2757 -48.918499999999995 1 1 ctx-rh-middletemporal
65.3432 19.490399999999994 -48.079200000000014 1 1 ctx-rh-middletemporal
46.41589999999999 -5.509600000000006 10.874099999999999 1 1 ctx-rh-supramarginal
51.6734 -4.606999999999999 12.581400000000002 1 1 ctx-rh-supramarginal
58.191100000000006 -28.131 -19.86439999999999 1 1 ctx-rh-middletemporal
63.2509 -28.507199999999997 -19.232699999999994 1 1 ctx-rh-middletemporal
68.3122 -29.411599999999993 -17.370100000000008 1 1 ctx-rh-middletemporal
46.0 -45.0 -25.0 1 1 ctx-rh-lateraloccipital
48.8638 -51.6553 -26.591399999999993 1 1 ctx-rh-lateraloccipital
52.2161 -55.6074 -26.69040000000001 1 1 ctx-rh-lateraloccipital
64.2795 0.8985000000000127 -39.2611 1 1 ctx-rh-middletemporal
46.0 -12.0 -37.0 1 1 ctx-rh-inferiortemporal
55.4787 -10.719899999999996 -33.4426 1 1 ctx-rh-middletemporal
65.4334 -11.5034 -34.702200000000005 1 1 ctx-rh-middletemporal
70.657 -12.028500000000008 -34.78649999999999 1 1 ctx-rh-middletemporal
33.9465 19.7877 -19.08359999999999 1 1 Right-Putamen
38.67779999999999 19.530200000000008 -20.258999999999986 1 1 ctx-rh-insula
43.901399999999995 19.005200000000002 -20.3433 1 1 ctx-rh-insula
52.0 22.0 -19.0 1 1 ctx-rh-precentral
54.3886 18.696200000000005 -21.45859999999999 1 1 ctx-rh-superiortemporal
59.1199 18.43870000000001 -22.63390000000001 1 1 ctx-rh-superiortemporal
64.8758 18.388000000000005 -22.57390000000001 1 1 ctx-rh-superiortemporal
35.2123 37.41980000000001 -55.79059999999998 1 1 ctx-rh-temporalpole
42.0 35.0 -53.0 1 1 ctx-rh-superiortemporal
44.48400000000001 33.6704 -53.269800000000004 1 1 ctx-rh-middletemporal
47.0 33.0 -53.0 1 1 ctx-rh-middletemporal
54.278999999999996 29.91669999999999 -50.74379999999999 1 1 ctx-rh-middletemporal
58.8995 27.90979999999999 -48.941100000000006 1 1 ctx-rh-middletemporal
24.072599999999994 48.685900000000004 -36.40870000000001 1 1 ctx-rh-lateralorbitofrontal
23.422799999999995 48.81020000000001 -30.572699999999998 1 1 ctx-rh-lateralorbitofrontal
23.286599999999993 48.45150000000001 -24.86840000000001 1 1 ctx-rh-lateralorbitofrontal
26.0 49.0 12.0 1 1 ctx-rh-rostralmiddlefrontal
23.320499999999996 48.23179999999999 20.3789 1 1 ctx-rh-superiorfrontal
7.406599999999997 -28.3964 36.336299999999994 1 1 ctx-rh-precuneus
12.638999999999996 -28.442800000000005 36.39070000000001 1 1 ctx-rh-precuneus
17.871300000000005 -28.489199999999997 36.4452 1 1 ctx-rh-precuneus
23.104600000000005 -28.53540000000001 36.4996 1 1 ctx-rh-superiorparietal
33.5788 -28.148799999999994 36.7474 1 1 ctx-rh-superiorparietal
38.28829999999999 -28.1905 36.79650000000001 1 1 ctx-rh-superiorparietal
40.0 -18.0 42.0 1 1 ctx-rh-postcentral
46.0 -16.0 40.0 1 1 ctx-rh-postcentral
57.0 -20.0 35.0 1 1 ctx-rh-supramarginal
32.0 30.0 -11.0 1 1 ctx-rh-insula
34.5917 31.669600000000003 -10.990399999999994 1 1 ctx-rh-insula
39.8425 32.58160000000001 -10.658299999999997 1 1 ctx-rh-parsopercularis
44.5792 33.97739999999999 -10.19210000000001 1 1 ctx-rh-parsopercularis
49.8609 35.15270000000001 -10.945999999999998 1 1 ctx-rh-parsopercularis
55.12100000000001 36.54429999999999 -10.47460000000001 1 1 ctx-rh-parsopercularis
60.3809 37.935900000000004 -10.003299999999996 1 1 ctx-rh-parsopercularis
34.75370000000001 6.8367000000000075 0.4142999999999972 1 1 ctx-rh-insula
39.9773 6.310599999999994 0.329899999999995 1 1 ctx-rh-postcentral
45.23169999999999 6.048900000000003 -0.839100000000002 1 1 ctx-rh-postcentral
49.97200000000001 6.2701999999999884 -1.87530000000001 1 1 ctx-rh-postcentral
55.7499 6.004199999999997 -3.039199999999994 1 1 ctx-rh-postcentral
60.45009999999999 5.483399999999989 -3.129799999999989 1 1 ctx-rh-postcentral
65.7137 5.700500000000005 -4.159699999999987 1 1 ctx-rh-postcentral
70.9682 5.43780000000001 -5.329800000000006 1 1 ctx-rh-postcentral
56.0998 29.1806 -39.314599999999984 1 1 ctx-rh-superiortemporal
49.99340000000001 7.710900000000009 -24.6943 1 1 ctx-rh-superiortemporal
54.6356 5.488699999999994 -24.115499999999997 1 1 ctx-rh-superiortemporal
59.8502 4.483000000000004 -24.339 1 1 ctx-rh-superiortemporal
64.5015 2.7404999999999973 -23.62100000000001 1 1 ctx-rh-superiortemporal
69.0 1.0 -21.0 1 1 ctx-rh-superiortemporal
5.6995000000000005 -18.599999999999994 6.618099999999998 1 1 ctx-rh-isthmuscingulate
10.941699999999997 -18.16669999999999 6.811000000000007 1 1 ctx-rh-isthmuscingulate
58.528099999999995 -18.8519 8.392399999999995 1 1 ctx-rh-supramarginal
1.6280000000000001 41.6189 -0.4059000000000026 1 1 ctx-rh-caudalanteriorcingulate
6.8688999999999965 42.052099999999996 -0.2119000000000142 1 1 ctx-rh-caudalanteriorcingulate
37.71340000000001 44.3434 4.336200000000005 1 1 ctx-rh-rostralmiddlefrontal
42.4101 44.99619999999999 5.747900000000001 1 1 ctx-rh-rostralmiddlefrontal
47.0 45.0 4.0 1 1 ctx-rh-rostralmiddlefrontal
52.0 46.0 9.0 1 1 ctx-rh-rostralmiddlefrontal
4.754800000000003 11.654300000000006 13.037999999999997 1 1 ctx-rh-posteriorcingulate
41.37469999999999 10.850899999999996 13.280599999999993 1 1 ctx-rh-precentral
46.598299999999995 10.32589999999999 13.196200000000005 1 1 ctx-rh-precentral
53.0 8.0 13.0 1 1 ctx-rh-postcentral
57.03280000000001 9.969699999999989 14.39070000000001 1 1 ctx-rh-postcentral
-28.975300000000004 11.044900000000013 -29.9444 1 1 Left-Putamen
-34.439099999999996 9.551600000000008 -30.02770000000001 1 1 ctx-lh-insula
-39.88069999999999 8.589300000000009 -30.18090000000001 1 1 ctx-lh-superiortemporal
-44.7979 7.6059999999999945 -30.412000000000006 1 1 ctx-lh-superiortemporal
-49.588899999999995 6.20750000000001 -29.50120000000001 1 1 ctx-lh-superiortemporal
-55.0 5.0 -32.0 1 1 ctx-lh-middletemporal
-59.96979999999999 3.7305000000000064 -29.814099999999996 1 1 ctx-lh-middletemporal
-31.0 -5.0 -30.0 1 1 Left-Hippocampus
-43.42070000000001 -5.016500000000008 -22.367199999999997 1 1 ctx-lh-superiortemporal
-48.693100000000015 -5.331000000000003 -21.52029999999999 1 1 ctx-lh-superiortemporal
-55.0 -7.0 -25.0 1 1 ctx-lh-middletemporal
-58.6095 -6.9268 -18.69149999999999 1 1 ctx-lh-superiortemporal
-63.903999999999996 -7.773200000000003 -17.774100000000004 1 1 ctx-lh-superiortemporal
-47.0 -13.0 -18.0 1 1 ctx-lh-superiortemporal
-51.0 -14.0 -16.0 1 1 ctx-lh-superiortemporal
-56.0 -14.0 -16.0 1 1 ctx-lh-superiortemporal
-62.0 -15.0 -15.0 1 1 ctx-lh-superiortemporal
-66.13220000000001 -17.5441 -13.973800000000011 1 1 ctx-lh-superiortemporal
-42.0 -20.0 -35.0 1 1 ctx-lh-inferiortemporal
-47.4889 -21.38300000000001 -29.640199999999993 1 1 ctx-lh-inferiortemporal
-52.00880000000001 -23.0788 -26.516899999999993 1 1 ctx-lh-inferiortemporal
-56.67580000000001 -24.891400000000004 -24.463599999999985 1 1 ctx-lh-middletemporal
-61.342899999999986 -26.7042 -22.410300000000007 1 1 ctx-lh-middletemporal
-65.86160000000001 -28.400900000000007 -19.286399999999986 1 1 ctx-lh-middletemporal
-35.64920000000001 30.5985 -44.71010000000001 1 1 ctx-lh-superiortemporal
-40.271000000000015 29.847700000000003 -42.79910000000001 1 1 ctx-lh-superiortemporal
-44.7689 28.682799999999986 -39.7457 1 1 ctx-lh-superiortemporal
-49.9383 27.423400000000015 -37.68639999999999 1 1 ctx-lh-superiortemporal
-55.0 23.0 -38.0 1 1 ctx-lh-middletemporal
-25.6832 54.37459999999999 -32.630799999999994 1 1 ctx-lh-lateralorbitofrontal
-25.47210000000001 54.97890000000001 -27.197300000000013 1 1 ctx-lh-lateralorbitofrontal
-25.239900000000006 56.114599999999996 -21.835000000000008 1 1 ctx-lh-lateralorbitofrontal
-24.585399999999993 58.460499999999996 -5.607300000000009 1 1 ctx-lh-rostralmiddlefrontal
-24.37530000000001 59.064700000000016 -0.17390000000000327 1 1 ctx-lh-rostralmiddlefrontal
-23.6396 59.6481 5.1813999999999965 1 1 ctx-lh-rostralmiddlefrontal
-23.931999999999988 60.8057 10.621200000000002 1 1 ctx-lh-rostralmiddlefrontal
-23.7209 61.41 16.05449999999999 1 1 ctx-lh-rostralmiddlefrontal
-23.3416 62.66290000000001 22.487499999999997 1 1 ctx-lh-rostralmiddlefrontal
-36.84870000000001 21.92859999999999 -21.256200000000007 1 1 ctx-lh-insula
-41.7869 20.413999999999987 -21.41579999999999 1 1 ctx-lh-insula
-47.1035 19.03710000000001 -20.427600000000012 1 1 ctx-lh-superiortemporal
-51.8956 17.638499999999993 -19.516699999999986 1 1 ctx-lh-superiortemporal
-57.23410000000001 15.7303 -18.457099999999997 1 1 ctx-lh-superiortemporal
-35.0 5.0 -16.0 1 1 ctx-lh-insula
-37.607200000000006 2.764499999999998 -14.270399999999995 1 1 ctx-lh-insula
-42.9239 1.3882000000000119 -13.281299999999987 1 1 ctx-lh-transversetemporal
-47.56880000000001 0.10599999999999454 -11.2988 1 1 ctx-lh-transversetemporal
-62.196200000000005 -4.3648000000000025 -6.2753999999999905 1 1 ctx-lh-superiortemporal
-32.7688 34.119399999999985 -7.9117999999999995 1 1 ctx-lh-parsopercularis
-51.952200000000005 39.65790000000001 -1.2460000000000093 1 1 ctx-lh-parsopercularis
0.7546999999999997 -16.339399999999998 21.08330000000001 1 1 ctx-lh-posteriorcingulate
-4.584000000000003 -18.247299999999996 22.14269999999999 1 1 ctx-lh-precuneus
-9.0 -21.0 23.0 1 1 ctx-lh-precuneus
-14.190200000000004 -21.575400000000002 24.03569999999999 1 1 ctx-lh-precuneus
-24.31989999999999 -24.881699999999995 26.005799999999994 1 1 ctx-lh-superiorparietal
-28.98689999999999 -26.694500000000005 28.059300000000007 1 1 ctx-lh-superiorparietal
-38.0 -27.0 29.0 1 1 ctx-lh-supramarginal
-41.0 -29.0 30.0 1 1 ctx-lh-supramarginal
-43.93180000000001 -31.93039999999999 31.011499999999998 1 1 ctx-lh-supramarginal
-49.0 -32.0 32.0 1 1 ctx-lh-supramarginal
-1.3249000000000137 54.55340000000001 -6.453399999999988 1 1 ctx-lh-rostralanteriorcingulate
-5.925700000000006 54.333200000000005 -4.612799999999993 1 1 ctx-lh-rostralanteriorcingulate
-11.575600000000009 54.157700000000006 -2.61760000000001 1 1 ctx-lh-superiorfrontal
-26.44810000000001 53.01140000000001 3.1293000000000006 1 1 ctx-lh-rostralmiddlefrontal
-31.572299999999984 52.81309999999999 5.047499999999999 1 1 ctx-lh-rostralmiddlefrontal
-36.6977 52.61580000000001 6.965000000000003 1 1 ctx-lh-rostralmiddlefrontal
-41.29740000000001 52.3956 8.805800000000005 1 1 ctx-lh-rostralmiddlefrontal
-46.422799999999995 52.19830000000002 10.723299999999995 1 1 ctx-lh-rostralmiddlefrontal
-51.02250000000001 51.97910000000002 12.563500000000005 1 1 ctx-lh-rostralmiddlefrontal
-2.0 21.0 19.0 1 1 ctx-lh-posteriorcingulate
-5.0 20.0 21.0 1 1 ctx-lh-posteriorcingulate
-10.3947 21.20089999999999 21.342799999999997 1 1 ctx-lh-superiorfrontal
-35.0 21.0 27.0 1 1 ctx-lh-caudalmiddlefrontal
-37.0 21.0 29.0 1 1 ctx-lh-caudalmiddlefrontal
-47.086600000000004 20.709699999999998 28.128600000000006 1 1 ctx-lh-precentral
-52.33590000000001 20.926600000000008 28.904300000000006 1 1 ctx-lh-precentral
21.5009 15.550099999999986 -31.591000000000008 1 1 Right-Amygdala
26.72919999999999 14.802300000000002 -32.29650000000001 1 1 Right-Amygdala
32.0 17.0 -33.0 1 1 ctx-rh-insula
37.50059999999999 14.071499999999986 -31.63499999999999 1 1 ctx-rh-insula
42.8755 13.440200000000004 -31.26910000000001 1 1 ctx-rh-superiortemporal
48.1032 12.692000000000007 -31.97319999999999 1 1 ctx-rh-superiortemporal
63.7471 11.882000000000005 -30.939300000000003 1 1 ctx-rh-middletemporal
21.1396 4.555700000000002 -33.463300000000004 1 1 Right-Hippocampus
25.945400000000006 2.8840000000000146 -32.878600000000006 1 1 Right-Hippocampus
30.751199999999997 1.2127000000000123 -32.293000000000006 1 1 Right-Hippocampus
36.081199999999995 -0.48149999999999693 -31.7842 1 1 Right-Hippocampus
41.55850000000001 -2.0578000000000003 -30.205899999999986 1 1 Right-Hippocampus
48.0 -4.0 -29.0 1 1 ctx-rh-middletemporal
51.716499999999996 -4.892700000000005 -29.182299999999998 1 1 ctx-rh-middletemporal
71.6545 -10.4221 -25.989000000000004 1 1 ctx-rh-middletemporal
-14.025900000000007 13.10329999999999 -37.2312 1 1 Left-Amygdala
-19.19810000000001 13.338600000000014 -37.95840000000001 1 1 Left-Amygdala
-24.32759999999999 13.417599999999993 -37.566900000000004 1 1 Left-Amygdala
-29.456099999999992 13.497500000000002 -37.17660000000001 1 1 Left-Amygdala
-39.7578 13.811900000000009 -37.51349999999999 1 1 ctx-lh-superiortemporal
-44.373699999999985 13.883800000000008 -37.1627 1 1 ctx-lh-superiortemporal
-49.0 13.0 -37.0 1 1 ctx-lh-superiortemporal
-54.6755 14.198000000000008 -37.49950000000001 1 1 ctx-lh-middletemporal
-59.80510000000001 14.786599999999993 -36.98429999999999 1 1 ctx-lh-middletemporal
-64.97719999999998 15.021800000000013 -37.7115 1 1 ctx-lh-middletemporal
-35.0 2.0 -36.0 1 1 Left-Hippocampus
-42.518100000000004 4.122899999999987 -31.57480000000001 1 1 ctx-lh-superiortemporal
-47.6465 4.202799999999996 -31.184500000000014 1 1 ctx-lh-superiortemporal
-52.73349999999999 4.636099999999999 -29.55170000000001 1 1 ctx-lh-middletemporal
-59.0 5.0 -31.0 1 1 ctx-lh-middletemporal
-62.947900000000004 4.64070000000001 -27.652299999999997 1 1 ctx-lh-middletemporal
-67.5212 5.065899999999999 -26.0591 1 1 ctx-lh-middletemporal
-34.71809999999999 -9.030100000000004 -33.03999999999999 1 1 Left-Hippocampus
-42.0 -11.0 -36.0 1 1 ctx-lh-fusiform
-54.548100000000005 -8.829899999999995 -26.921899999999994 1 1 ctx-lh-middletemporal
-59.677700000000016 -8.751000000000005 -26.531599999999997 1 1 ctx-lh-middletemporal
-64.76260000000002 -8.826400000000007 -25.02369999999999 1 1 ctx-lh-middletemporal
-69.8484 -8.901600000000002 -23.515800000000013 1 1 ctx-lh-middletemporal
-20.627399999999994 22.892500000000013 -45.94460000000001 1 1 ctx-lh-temporalpole
-25.755899999999997 22.972399999999993 -45.55430000000001 1 1 ctx-lh-temporalpole
-30.927999999999997 22.698199999999986 -46.40639999999999 1 1 ctx-lh-temporalpole
-33.0 23.0 -46.0 1 1 ctx-lh-temporalpole
-41.0 18.0 -52.0 1 1 ctx-lh-inferiortemporal
-46.0 22.0 -46.0 1 1 ctx-lh-middletemporal
-50.97309999999999 22.65469999999999 -46.1259 1 1 ctx-lh-middletemporal
-56.61529999999999 22.74279999999999 -45.696 1 1 ctx-lh-middletemporal
-31.0 21.0 -9.0 1 1 ctx-lh-insula
-33.560599999999994 21.051500000000004 -7.220400000000012 1 1 ctx-lh-insula
-37.0 23.0 -7.0 1 1 ctx-lh-parsopercularis
-44.0 23.0 -5.0 1 1 ctx-lh-parsopercularis
-46.0 23.0 -6.0 1 1 ctx-lh-parsopercularis
-53.947900000000004 22.43209999999999 -1.9317000000000064 1 1 ctx-lh-precentral
-5.502199999999988 6.475200000000001 -17.4529 1 1 Left-Thalamus-Proper
-10.07220000000001 4.865100000000012 -16.357 1 1 Left-Thalamus-Proper
-15.15700000000001 3.77170000000001 -15.098899999999986 1 1 Left-Thalamus-Proper
-22.0 3.0 -14.0 1 1 Left-Pallidum
-24.8544 1.2235000000000014 -13.862500000000011 1 1 Left-Putamen
-29.468099999999993 -0.2313000000000045 -13.885199999999998 1 1 Left-Putamen
-34.038099999999986 -1.8414999999999964 -12.789299999999997 1 1 ctx-lh-insula
-39.16550000000001 -2.779600000000002 -12.648699999999991 1 1 ctx-lh-transversetemporal
-44.2928 -4.227199999999996 -12.632000000000005 1 1 ctx-lh-transversetemporal
-49.0 -6.0 -12.0 1 1 ctx-lh-superiortemporal
-53.991299999999995 -6.265799999999999 -11.270600000000002 1 1 ctx-lh-superiortemporal
0.5632999999999981 40.3056 3.1359999999999957 1 1 ctx-lh-caudalanteriorcingulate
-4.523699999999991 40.7389 4.768900000000002 1 1 ctx-lh-caudalanteriorcingulate
-8.539600000000007 40.4931 7.316599999999994 1 1 ctx-lh-caudalanteriorcingulate
-13.625499999999988 40.9263 8.949200000000005 1 1 ctx-lh-superiorfrontal
-27.772899999999993 42.40969999999999 16.1293 1 1 ctx-lh-rostralmiddlefrontal
-37.4332 43.77760000000001 19.480500000000006 1 1 ctx-lh-rostralmiddlefrontal
-41.963899999999995 44.04849999999999 22.1918 1 1 ctx-lh-rostralmiddlefrontal
-46.537199999999984 44.98310000000001 23.9101 1 1 ctx-lh-rostralmiddlefrontal
0.18139999999999645 14.231500000000011 13.004400000000004 1 1 ctx-lh-posteriorcingulate
-24.132299999999987 12.510999999999996 22.4529 1 1 ctx-lh-caudalmiddlefrontal
-28.70349999999999 11.917900000000003 23.797300000000007 1 1 ctx-lh-caudalmiddlefrontal
-33.0 14.0 27.0 1 1 ctx-lh-caudalmiddlefrontal
-38.31790000000001 11.095300000000009 27.7676 1 1 ctx-lh-precentral
-43.4016 10.001900000000006 29.026399999999995 1 1 ctx-lh-precentral
-47.974800000000016 9.9195 30.495499999999993 1 1 ctx-lh-precentral
-15.428899999999999 12.674599999999998 -36.337800000000016 1 1 Left-Amygdala
-20.9589 12.042699999999996 -36.52160000000001 1 1 Left-Amygdala
-26.441599999999994 11.241299999999995 -35.5873 1 1 Left-Amygdala
-31.972800000000007 10.609399999999994 -35.77119999999999 1 1 Left-Amygdala
-48.49880000000002 8.019100000000009 -35.346900000000005 1 1 ctx-lh-middletemporal
-53.981600000000014 7.2176000000000045 -34.41380000000001 1 1 ctx-lh-middletemporal
-58.95769999999999 6.596599999999995 -34.593199999999996 1 1 ctx-lh-middletemporal
-64.99540000000002 5.7841999999999985 -33.6635 1 1 ctx-lh-middletemporal
-26.660300000000007 -7.275400000000005 -32.51750000000001 1 1 Left-Hippocampus
-32.15989999999999 -7.551600000000008 -31.439699999999988 1 1 Left-Hippocampus
-48.656499999999994 -9.785399999999996 -29.756200000000007 1 1 ctx-lh-middletemporal
-54.186499999999995 -10.418399999999991 -29.938800000000015 1 1 ctx-lh-middletemporal
-59.68600000000001 -10.694500000000005 -28.860900000000015 1 1 ctx-lh-middletemporal
-65.21609999999998 -11.326400000000007 -29.04480000000001 1 1 ctx-lh-middletemporal
-70.16160000000002 -11.591800000000006 -27.96350000000001 1 1 ctx-lh-middletemporal
50.0971 11.845499999999987 -36.44409999999999 1 1 ctx-rh-superiortemporal
55.6613 11.429200000000009 -36.547500000000014 1 1 ctx-rh-middletemporal
61.25630000000001 11.368400000000008 -35.390299999999996 1 1 ctx-rh-middletemporal
66.8036 11.476100000000002 -35.351200000000006 1 1 ctx-rh-middletemporal
71.7962 11.5728 -35.315499999999986 1 1 ctx-rh-middletemporal
48.1609 -3.723399999999998 -31.4058 1 1 ctx-rh-middletemporal
54.310599999999994 -3.773300000000006 -30.245299999999986 1 1 ctx-rh-middletemporal
59.3202 -4.2017999999999915 -30.353100000000012 1 1 ctx-rh-middletemporal
64.91499999999999 -4.262599999999992 -29.195899999999995 1 1 ctx-rh-middletemporal
70.51 -4.323399999999992 -28.038700000000006 1 1 ctx-rh-middletemporal
46.9671 -18.550600000000003 -20.345100000000002 1 1 ctx-rh-bankssts
52.07480000000001 -20.721000000000004 -19.76679999999999 1 1 ctx-rh-bankssts
61.7666 -24.716700000000003 -17.35409999999999 1 1 ctx-rh-middletemporal
34.76740000000001 -10.6738 -41.481600000000014 1 1 ctx-rh-fusiform
40.3793 -11.258800000000008 -40.46799999999999 1 1 ctx-rh-fusiform
45.48400000000001 -12.024299999999997 -38.3407 1 1 ctx-rh-fusiform
51.11279999999999 -13.134500000000003 -37.471900000000005 1 1 ctx-rh-inferiortemporal
56.72460000000001 -13.719499999999996 -36.45830000000001 1 1 ctx-rh-inferiortemporal
61.0 -15.0 -39.0 1 1 ctx-rh-inferiortemporal
63.0 -18.0 -39.0 1 1 ctx-rh-inferiortemporal
73.0701 -16.1802 -32.44749999999999 1 1 ctx-rh-middletemporal
30.886799999999994 21.19550000000001 -50.20760000000001 1 1 ctx-rh-temporalpole
42.0 22.0 -53.0 1 1 ctx-rh-middletemporal
48.0 23.0 -46.0 1 1 ctx-rh-middletemporal
52.614000000000004 22.68440000000001 -46.26830000000001 1 1 ctx-rh-middletemporal
58.144499999999994 23.316399999999987 -46.08449999999999 1 1 ctx-rh-middletemporal
63.73949999999999 23.255500000000012 -44.9273 1 1 ctx-rh-middletemporal
38.3018 27.94460000000001 -21.580099999999987 1 1 ctx-rh-insula
43.7846 28.745100000000008 -22.513200000000012 1 1 ctx-rh-insula
50.0 29.0 -27.0 1 1 ctx-rh-superiortemporal
54.1816 29.455099999999987 -25.79050000000001 1 1 ctx-rh-superiortemporal
59.68129999999999 29.731400000000008 -26.86840000000001 1 1 ctx-rh-superiortemporal
7.0 49.0 -4.0 1 1 ctx-rh-rostralanteriorcingulate
14.0 51.0 -1.0 1 1 ctx-rh-superiorfrontal
29.087900000000005 52.67939999999999 -2.0161999999999978 1 1 ctx-rh-rostralmiddlefrontal
34.601699999999994 53.8365 -1.6888000000000147 1 1 ctx-rh-rostralmiddlefrontal
39.56049999999999 54.9837 -1.3646999999999991 1 1 ctx-rh-rostralmiddlefrontal
45.074 56.14080000000001 -1.0372999999999877 1 1 ctx-rh-rostralmiddlefrontal
50.6352 57.1293 0.4070999999999998 1 1 ctx-rh-rostralmiddlefrontal
18.990700000000004 9.373700000000014 -37.5745 1 1 Right-Hippocampus
24.577300000000008 9.483299999999986 -37.56909999999999 1 1 Right-Amygdala
30.164 9.593799999999987 -37.56360000000001 1 1 Right-Amygdala
41.0 14.0 -36.0 1 1 ctx-rh-insula
47.05619999999999 11.526299999999992 -37.4838 1 1 ctx-rh-superiortemporal
52.0 14.0 -35.0 1 1 ctx-rh-superiortemporal
55.0 13.0 -33.0 1 1 ctx-rh-superiortemporal
56.0 15.0 -32.0 1 1 ctx-rh-superiortemporal
26.0527 0.23040000000000305 -37.93010000000001 1 1 Right-Hippocampus
32.150400000000005 -0.1816000000000031 -36.78620000000001 1 1 Right-Hippocampus
37.0938 -0.9868000000000023 -34.500699999999995 1 1 Right-Hippocampus
47.6237 -1.6285000000000025 -31.0488 1 1 ctx-rh-superiortemporal
49.0 -2.0 -29.0 1 1 ctx-rh-superiortemporal
56.0 -1.0 -24.0 1 1 ctx-rh-superiortemporal
66.0 -3.0 -21.0 1 1 ctx-rh-superiortemporal
68.0 -3.0 -21.0 1 1 ctx-rh-superiortemporal
39.67840000000001 -10.325500000000005 -34.86410000000001 1 1 Right-Hippocampus
25.9439 5.0660000000000025 -49.32169999999999 1 1 ctx-rh-entorhinal
31.487300000000005 4.641300000000001 -49.33709999999999 1 1 ctx-rh-entorhinal
37.0 4.0 -49.0 1 1 ctx-rh-fusiform
43.0 6.0 -47.0 1 1 ctx-rh-inferiortemporal
48.11619999999999 3.42349999999999 -48.221900000000005 1 1 ctx-rh-inferiortemporal
53.6596 2.9987999999999886 -48.2372 1 1 ctx-rh-inferiortemporal
62.0 3.0 -45.0 1 1 ctx-rh-middletemporal
27.3437 -18.2586 -40.967899999999986 1 1 ctx-rh-fusiform
31.646299999999997 -20.14609999999999 -39.88210000000001 1 1 ctx-rh-fusiform
36.503 -22.021 -37.63820000000001 1 1 ctx-rh-fusiform
41.4032 -23.360500000000002 -35.372299999999996 1 1 ctx-rh-fusiform
45.0 -25.0 -32.0 1 1 ctx-rh-fusiform
56.058899999999994 -27.8613 -27.437999999999988 1 1 ctx-rh-middletemporal
60.4046 -29.15950000000001 -25.171600000000012 1 1 ctx-rh-middletemporal
65.3039 -30.44489999999999 -21.745900000000006 1 1 ctx-rh-middletemporal
70.1603 -32.31960000000001 -19.50200000000001 1 1 ctx-rh-middletemporal
33.3716 27.06620000000001 -60.0419 1 1 ctx-rh-inferiortemporal
38.957300000000004 27.232100000000003 -58.87549999999999 1 1 ctx-rh-inferiortemporal
44.5433 27.39670000000001 -57.71010000000001 1 1 ctx-rh-middletemporal
49.574299999999994 27.658799999999985 -55.382000000000005 1 1 ctx-rh-middletemporal
54.5624 27.33269999999999 -54.235600000000005 1 1 ctx-rh-middletemporal
20.695099999999996 53.435100000000006 11.626999999999995 1 1 ctx-rh-superiorfrontal
20.17920000000001 54.286400000000015 17.450400000000002 1 1 ctx-rh-superiorfrontal
20.175299999999993 54.56190000000001 23.251499999999993 1 1 ctx-rh-superiorfrontal
33.22319999999999 34.378600000000006 -19.2235 1 1 ctx-rh-insula
42.0 38.0 -15.0 1 1 ctx-rh-parsopercularis
42.86150000000001 36.54910000000001 -14.504400000000004 1 1 ctx-rh-parsopercularis
50.0 39.0 -11.0 1 1 ctx-rh-parstriangularis
53.0 39.0 -8.0 1 1 ctx-rh-parstriangularis
56.0 41.0 -6.0 1 1 ctx-rh-parstriangularis
10.0 -25.0 16.0 1 1 ctx-rh-isthmuscingulate
15.894900000000007 -25.331199999999995 17.815200000000004 1 1 ctx-rh-precuneus
33.16579999999999 -25.52279999999999 18.970200000000006 1 1 ctx-rh-superiorparietal
37.0 -25.0 18.0 1 1 ctx-rh-superiorparietal
44.25200000000001 -26.31649999999999 20.100099999999998 1 1 ctx-rh-inferiorparietal
49.2411 -26.6982 20.0865 1 1 ctx-rh-inferiorparietal
54.827200000000005 -26.53280000000001 21.252399999999994 1 1 ctx-rh-inferiorparietal
8.0 -13.0 11.0 1 1 ctx-rh-isthmuscingulate
48.0 -23.0 4.0 1 1 ctx-rh-inferiorparietal
52.0065 -14.237899999999996 4.3607000000000085 1 1 ctx-rh-supramarginal
58.1486 -14.225799999999992 3.2049999999999983 1 1 ctx-rh-supramarginal
63.18129999999999 -14.072900000000004 3.2117999999999967 1 1 ctx-rh-supramarginal
7.401799999999994 33.691100000000006 3.9037000000000006 1 1 ctx-rh-caudalanteriorcingulate
33.3458 44.2911 8.957099999999997 1 1 ctx-rh-rostralmiddlefrontal
37.95400000000001 46.14439999999999 10.188699999999997 1 1 ctx-rh-rostralmiddlefrontal
43.16159999999999 48.43440000000001 10.279399999999995 1 1 ctx-rh-rostralmiddlefrontal
48.878600000000006 50.20179999999999 11.507900000000006 1 1 ctx-rh-rostralmiddlefrontal
-11.10759999999999 10.149400000000014 -37.342299999999994 1 1 Left-Amygdala
-26.990499999999997 7.916699999999992 -34.385999999999996 1 1 Left-Amygdala
-30.0 6.0 -31.0 1 1 Left-Putamen
-38.0 7.0 -31.0 1 1 ctx-lh-superiortemporal
-41.8536 7.002800000000008 -30.433899999999994 1 1 ctx-lh-superiortemporal
-46.7355 5.944400000000002 -29.072100000000006 1 1 ctx-lh-superiortemporal
-52.27680000000001 5.9547000000000025 -27.753500000000003 1 1 ctx-lh-superiortemporal
-57.26740000000001 6.0274 -26.4589 1 1 ctx-lh-superiortemporal
-63.306100000000015 5.410500000000013 -25.082099999999997 1 1 ctx-lh-superiortemporal
-30.869100000000003 -3.253699999999995 -31.304399999999987 1 1 Left-Hippocampus
-40.24549999999999 -2.9163000000000068 -26.516400000000004 1 1 ctx-lh-superiortemporal
-45.787800000000004 -2.905699999999996 -25.19659999999999 1 1 ctx-lh-superiortemporal
-50.14529999999999 -3.2712999999999965 -22.78110000000001 1 1 ctx-lh-superiortemporal
-54.5582 -3.0708999999999946 -20.398599999999988 1 1 ctx-lh-superiortemporal
-60.099500000000006 -3.0605000000000047 -19.080000000000013 1 1 ctx-lh-superiortemporal
-66.1404 -2.981400000000008 -15.513200000000012 1 1 ctx-lh-superiortemporal
-17.62790000000001 -12.435400000000001 -27.85839999999999 1 1 Left-Hippocampus
-22.509899999999988 -13.493700000000004 -26.496499999999997 1 1 Left-Hippocampus
-27.996800000000007 -14.048299999999998 -25.1438 1 1 Left-Hippocampus
-32.87880000000001 -15.10669999999999 -23.78200000000001 1 1 Left-Hippocampus
-44.0 -16.0 -22.0 1 1 ctx-lh-middletemporal
-49.0 -14.0 -18.0 1 1 ctx-lh-superiortemporal
-53.0 -15.0 -17.0 1 1 ctx-lh-superiortemporal
-59.0 -14.0 -15.0 1 1 ctx-lh-superiortemporal
-65.0 -18.0 -13.0 1 1 ctx-lh-superiortemporal
-68.23750000000001 -20.74629999999999 -10.964400000000012 1 1 ctx-lh-superiortemporal
-29.0 -15.0 -40.0 1 1 ctx-lh-parahippocampal
-34.27160000000001 -16.644800000000004 -38.1523 1 1 ctx-lh-fusiform
-41.0 -19.0 -37.0 1 1 ctx-lh-inferiortemporal
-44.532899999999984 -19.388900000000007 -35.37039999999999 1 1 ctx-lh-inferiortemporal
-48.754400000000004 -21.515900000000002 -33.96430000000001 1 1 ctx-lh-inferiortemporal
-58.0 -21.0 -29.0 1 1 ctx-lh-middletemporal
-60.0 -24.0 -29.0 1 1 ctx-lh-middletemporal
-43.546899999999994 20.20580000000001 -26.738799999999998 1 1 ctx-lh-superiortemporal
-48.726699999999994 21.9093 -26.656800000000004 1 1 ctx-lh-superiortemporal
-59.6387 15.361700000000013 -39.246700000000004 1 1 ctx-lh-middletemporal
-11.111500000000007 10.283999999999992 -34.202 1 1 Left-Amygdala
-17.058400000000006 10.382100000000008 -33.748699999999985 1 1 Left-Amygdala
-22.911 9.3125 -34.360900000000015 1 1 Left-Amygdala
-28.329000000000008 9.41640000000001 -33.84610000000001 1 1 Left-Amygdala
-38.0 9.0 -32.0 1 1 ctx-lh-insula
-45.581500000000005 7.546500000000009 -33.42429999999999 1 1 ctx-lh-superiortemporal
-57.36419999999998 7.076599999999985 -33.6164 1 1 ctx-lh-middletemporal
-62.79910000000001 6.6799000000000035 -33.06880000000001 1 1 ctx-lh-middletemporal
-68.76400000000001 6.276299999999992 -32.58250000000001 1 1 ctx-lh-middletemporal
-31.0 -1.0 -33.0 1 1 Left-Hippocampus
-41.34739999999999 -3.6092000000000013 -26.365100000000012 1 1 ctx-lh-superiortemporal
-46.41630000000001 -4.838999999999999 -24.557600000000008 1 1 ctx-lh-superiortemporal
-52.01490000000001 -6.0748999999999995 -22.812900000000013 1 1 ctx-lh-superiortemporal
-57.08359999999999 -7.305000000000007 -21.00659999999999 1 1 ctx-lh-superiortemporal
-62.6824 -8.5411 -19.261899999999997 1 1 ctx-lh-superiortemporal
-68.281 -9.778099999999995 -17.51679999999999 1 1 ctx-lh-superiortemporal
-29.83279999999999 -14.6781 -21.93029999999999 1 1 Left-Hippocampus
-53.0 -15.0 -17.0 1 1 ctx-lh-superiortemporal
-53.0 -18.0 -8.0 1 1 ctx-lh-superiortemporal
-63.0 -21.0 -10.0 1 1 ctx-lh-superiortemporal
-66.59980000000002 -21.9688 -7.209800000000001 1 1 ctx-lh-superiortemporal
-23.848099999999988 -29.6404 -30.61529999999999 1 1 ctx-lh-fusiform
-29.4289 -30.37469999999999 -28.902500000000003 1 1 ctx-lh-fusiform
-35.009600000000006 -31.109399999999994 -27.190799999999996 1 1 ctx-lh-fusiform
-40.0616 -31.8378 -25.416500000000013 1 1 ctx-lh-inferiortemporal
-45.64350000000002 -32.57249999999999 -23.70490000000001 1 1 ctx-lh-inferiortemporal
-51.0 -34.0 -23.0 1 1 ctx-lh-inferiortemporal
-56.80500000000001 -34.0415 -20.280399999999986 1 1 ctx-lh-middletemporal
-43.0 -7.0 -39.0 1 1 ctx-lh-inferiortemporal
-45.593999999999994 -8.8219 -41.55770000000001 1 1 ctx-lh-inferiortemporal
-51.04679999999999 -9.721699999999998 -40.9777 1 1 ctx-lh-inferiortemporal
-58.0 -10.0 -38.0 1 1 ctx-lh-middletemporal
-56.60840000000002 16.630799999999994 -51.56229999999999 1 1 ctx-lh-middletemporal
-0.6082000000000107 14.697599999999994 14.2102 1 1 ctx-lh-posteriorcingulate
-6.120699999999999 15.969699999999989 15.7915 1 1 ctx-lh-posteriorcingulate
-32.7713 22.002800000000008 24.985799999999998 1 1 ctx-lh-caudalmiddlefrontal
-37.0 25.0 28.0 1 1 ctx-lh-caudalmiddlefrontal
-43.0 26.0 25.0 1 1 ctx-lh-caudalmiddlefrontal
-46.0 29.0 26.0 1 1 ctx-lh-caudalmiddlefrontal
-49.0 30.0 26.0 1 1 ctx-lh-caudalmiddlefrontal
-11.750799999999998 45.380600000000015 -43.655699999999996 1 1 ctx-lh-lateralorbitofrontal
-12.92240000000001 46.19669999999999 -38.05930000000001 1 1 ctx-lh-lateralorbitofrontal
-21.63839999999999 56.7441 6.513999999999996 1 1 ctx-lh-rostralmiddlefrontal
-22.793499999999995 58.06200000000001 12.077799999999996 1 1 ctx-lh-rostralmiddlefrontal
-10.360800000000012 -27.35669999999999 10.186800000000005 1 1 ctx-lh-isthmuscingulate
-49.502999999999986 -30.991299999999995 18.584400000000002 1 1 ctx-lh-supramarginal
-55.06700000000001 -31.224099999999993 20.26400000000001 1 1 ctx-lh-supramarginal
-29.0 34.0 -6.0 1 1 ctx-lh-insula
-52.48340000000002 35.51220000000001 -4.900800000000004 1 1 ctx-lh-parsopercularis
-58.4135 36.11189999999999 -4.480899999999991 1 1 ctx-lh-parsopercularis
-29.47460000000001 -10.523300000000006 3.3034999999999997 1 1 ctx-lh-insula
-35.42150000000001 -10.425200000000004 3.7567999999999984 1 1 ctx-lh-supramarginal
-41.4032 -11.329899999999995 4.2761 1 1 ctx-lh-supramarginal
-47.221000000000004 -11.396199999999993 3.5976 1 1 ctx-lh-supramarginal
-52.657100000000014 -11.793599999999998 4.145299999999992 1 1 ctx-lh-supramarginal
-58.49180000000001 -12.3613 3.5 1 1 ctx-lh-supramarginal
-64.45659999999998 -12.764700000000005 3.9863 1 1 ctx-lh-supramarginal
-5.65209999999999 7.104399999999998 28.042100000000005 1 1 ctx-lh-superiorfrontal
-8.308400000000006 10.911900000000003 33.25749999999999 1 1 ctx-lh-superiorfrontal
-10.32480000000001 14.05940000000001 37.43549999999999 1 1 ctx-lh-superiorfrontal
-12.341200000000015 17.20689999999999 41.61359999999999 1 1 ctx-lh-superiorfrontal
-14.886300000000006 20.348000000000013 45.73009999999999 1 1 ctx-lh-superiorfrontal
-17.4315 23.490199999999987 49.8463 1 1 ctx-lh-superiorfrontal
65.8741 10.13900000000001 -37.280100000000004 1 1 ctx-rh-middletemporal
71.5441 10.059599999999989 -36.622900000000016 1 1 ctx-rh-middletemporal
26.303300000000007 -0.6694999999999993 -36.52350000000001 1 1 Right-Hippocampus
31.6147 -0.6263000000000005 -34.60390000000001 1 1 Right-Hippocampus
36.9251 -0.5822000000000003 -32.68539999999999 1 1 Right-Hippocampus
47.5887 -0.9692000000000007 -28.83160000000001 1 1 ctx-rh-superiortemporal
52.8993 -0.9251000000000005 -26.91319999999999 1 1 ctx-rh-superiortemporal
57.0 -1.0 -23.0 1 1 ctx-rh-superiortemporal
11.0 -26.0 17.0 1 1 ctx-rh-isthmuscingulate
15.915300000000002 -25.805800000000005 17.2029 1 1 ctx-rh-precuneus
33.11500000000001 -24.2676 17.854299999999995 1 1 ctx-rh-superiorparietal
57.0 -23.0 18.0 1 1 ctx-rh-supramarginal
61.2792 -23.803799999999995 16.202200000000005 1 1 ctx-rh-supramarginal
67.0 -21.0 16.0 1 1 ctx-rh-supramarginal
47.9169 13.449900000000014 -24.50710000000001 1 1 ctx-rh-superiortemporal
53.4898 12.747700000000009 -25.04679999999999 1 1 ctx-rh-superiortemporal
58.74549999999999 11.694700000000012 -24.309500000000014 1 1 ctx-rh-superiortemporal
64.3183 10.992400000000004 -24.849199999999996 1 1 ctx-rh-superiortemporal
70.39 10.313999999999993 -25.43979999999999 1 1 ctx-rh-superiortemporal
29.5445 -13.328000000000003 -31.43520000000001 1 1 Right-Hippocampus
35.0792 -14.088499999999996 -28.276399999999995 1 1 Right-Hippocampus
45.01140000000001 -15.801099999999991 -23.066900000000004 1 1 ctx-rh-middletemporal
51.0 -17.0 -21.0 1 1 ctx-rh-middletemporal
56.0 -17.0 -20.0 1 1 ctx-rh-middletemporal
60.837999999999994 -18.398300000000006 -15.961000000000013 1 1 ctx-rh-bankssts
65.7344 -19.3279 -13.961299999999994 1 1 ctx-rh-superiortemporal
71.3116 -20.563699999999997 -10.787900000000008 1 1 ctx-rh-superiortemporal
15.6862 42.0086 -39.576599999999985 1 1 ctx-rh-lateralorbitofrontal
17.296599999999998 43.736999999999995 -33.655 1 1 ctx-rh-lateralorbitofrontal
18.227100000000007 45.7723 -28.90610000000001 1 1 ctx-rh-lateralorbitofrontal
27.697500000000005 59.560400000000016 11.430300000000003 1 1 ctx-rh-rostralmiddlefrontal
29.2658 61.7645 17.337999999999994 1 1 ctx-rh-rostralmiddlefrontal
15.848299999999995 -37.79599999999999 0.45130000000000337 1 1 ctx-rh-precuneus
21.463400000000007 -38.97319999999999 -0.07390000000000896 1 1 ctx-rh-precuneus
43.0 -43.0 -6.0 1 1 ctx-rh-lateraloccipital
44.0 -44.0 -6.0 1 1 ctx-rh-lateraloccipital
49.0407 -44.8822 -2.647500000000008 1 1 ctx-rh-inferiorparietal
54.655699999999996 -46.0594 -3.172699999999992 1 1 ctx-rh-inferiorparietal
58.0 -47.0 -4.0 1 1 ctx-rh-inferiorparietal
28.859499999999997 29.122299999999996 -12.10759999999999 1 1 Right-Putamen
33.683099999999996 30.7166 -8.969099999999997 1 1 ctx-rh-insula
38.3254 32.64009999999999 -7.055399999999992 1 1 ctx-rh-parsopercularis
43.64869999999999 34.257000000000005 -3.967800000000011 1 1 ctx-rh-parsopercularis
48.473 35.8502 -0.8292000000000144 1 1 ctx-rh-parsopercularis
53.656499999999994 37.320899999999995 1.046999999999997 1 1 ctx-rh-parsopercularis
45.694500000000005 5.172699999999992 0.6544999999999987 1 1 ctx-rh-postcentral
50.9628 5.692399999999992 2.5596999999999923 1 1 ctx-rh-postcentral
60.82300000000001 6.503600000000006 8.909300000000002 1 1 ctx-rh-postcentral
66.2732 6.693999999999988 12.038600000000002 1 1 ctx-rh-postcentral
40.62989999999999 29.490100000000012 -23.1644 1 1 ctx-rh-insula
48.97659999999999 -12.416399999999996 -45.75280000000001 1 1 ctx-rh-inferiortemporal
53.78829999999999 -12.394800000000004 -43.78219999999999 1 1 ctx-rh-inferiortemporal
58.879099999999994 -12.080799999999996 -39.38990000000001 1 1 ctx-rh-inferiortemporal
63.73310000000001 -12.5347 -37.404799999999994 1 1 ctx-rh-middletemporal
68.7816 -11.745100000000008 -33.02709999999999 1 1 ctx-rh-middletemporal
74.2741 -12.030200000000008 -29.8827 1 1 ctx-rh-middletemporal
31.288799999999995 -30.7149 -33.393 1 1 ctx-rh-fusiform
36.12989999999999 -32.74199999999999 -32.57579999999999 1 1 ctx-rh-fusiform
43.0 -35.0 -26.0 1 1 ctx-rh-inferiortemporal
48.0 -43.0 -25.0 1 1 ctx-rh-lateraloccipital
52.30330000000001 -37.0355 -27.898799999999994 1 1 ctx-rh-inferiortemporal
61.0 -35.0 -25.0 1 1 ctx-rh-middletemporal
63.0 -39.0 -22.0 1 1 ctx-rh-middletemporal
63.0 -39.0 -22.0 1 1 ctx-rh-middletemporal
16.225400000000008 -40.056 14.037499999999994 1 1 ctx-rh-precuneus
21.840599999999995 -41.2333 13.5124 1 1 ctx-rh-precuneus
27.412900000000008 -41.93520000000001 12.972700000000003 1 1 ctx-rh-superiorparietal
33.028099999999995 -43.112300000000005 12.447599999999994 1 1 ctx-rh-superiorparietal
44.259 -45.466800000000006 11.398499999999999 1 1 ctx-rh-inferiorparietal
49.8741 -46.644000000000005 10.8733 1 1 ctx-rh-inferiorparietal
55.5316 -48.2967 10.362700000000004 1 1 ctx-rh-inferiorparietal
9.800200000000004 -16.816699999999997 15.011600000000001 1 1 ctx-rh-isthmuscingulate
19.033900000000003 -14.601699999999994 21.36930000000001 1 1 ctx-rh-paracentral
23.900900000000007 -13.4829 24.522199999999998 1 1 ctx-rh-paracentral
28.767799999999994 -12.364000000000004 27.67519999999999 1 1 ctx-rh-postcentral
33.774100000000004 -11.099000000000004 32.0389 1 1 ctx-rh-postcentral
38.500699999999995 -10.126400000000004 33.9812 1 1 ctx-rh-postcentral
43.5069 -8.861500000000007 38.344899999999996 1 1 ctx-rh-postcentral
